Respondent_ID,A1_Organization_Type,A2_Organization_Size,A3_Years_Of_Operation,A4_Number_Of_Employees,A5_Primary_Location,A6_Main_Waste_Type,A7_Formal_Waste_Policy,A8_Responsible_Party,B1_SegregateAtSource,B2_SeparateContainers,B3_LabelledBins,B4_EmployeeUnderstanding,B5_HazardousSeparate,B6_StorageHygiene,C1_MeasurableTargets,C2_MinimizeDisposables,C3_ReusablePreferred,C4_PaperlessProcess,C5_ProcurementConsidersRecyclability,C6_ReuseRepairRefurbish,D1_ScheduledCollection,D2_RecordsMaintained,D3_AuthorisedCollectors,D4_SafeTransport,D5_VerifiesDisposalFacility,D6_OverflowProcedures,E1_RecyclersUsed,E2_MonitorsDiversionRate,E3_OrganicComposted,E4_EmployeesIdentifyRecovery,E5_SupplierPackagingCollab,E6_RecyclingSavingsTracked,F1_RegularTraining,F2_ResponsibilitiesCommunicated,F3_AwarenessProgrammes,F4_EncouragedToReport,F5_ActiveParticipation,F6_IncentivesProvided,G1_ManagementSupport,G2_FinancialResourcesAllocated,G3_ResponsibilitiesAssigned,G4_PerformanceReviewed,G5_EnvObjectivesIntegrated,G6_CorrectiveActionsTaken,H1_AwareOfRules,H2_ComplianceReviewed,H3_LicencesMaintained,H4_ContractorsCompliance,H5_AuditsConducted,H6_NonComplianceDocumented,I1_DigitalRecording,I2_DataAnalysed,I3_KPIsUsed,I4_SmartTechUsed,I5_ReportsSharedWithMgmt,I6_DataBasedDecisions,J1_CommunicatesWithAuthorities,J2_GuidelinesConsidered,J3_CollaboratesWithRecyclers,J4_ContractorsEvaluated,J5_ParticipatesInProgrammes,J6_SuppliersEncouraged,K1_HighCosts,K2_LackOfAwareness,K3_LimitedInfrastructure,K4_InadequateMonitoring,K5_LackOfPersonnel,K6_LimitedRecyclerAccess,K7_InsufficientMgmtSupport,K8_IrregularCollection,B_Section_Score,C_Section_Score,D_Section_Score,E_Section_Score,F_Section_Score,G_Section_Score,H_Section_Score,I_Section_Score,J_Section_Score,K_Barriers_Score,Overall_Maturity_Score
R0001,Manufacturing,Medium: 50-249 employees,3-5 years,100-249,Industrial area,Plastic waste,Not sure,Operations department,3,2,2,2,2,2,2,2,3,3,3,2,4,4,4,5,4,3,4,4,3,3,3,3,4,3,4,5,4,5,4,4,4,4,4,4,5,4,4,4,4,4,4,4,3,4,4,3,2,2,3,2,3,4,2,3,4,4,4,3,3,3,2.17,2.5,4.0,3.33,4.17,4.0,4.17,3.67,2.67,3.25,3.41
R0002,Retail,Small: 10-49 employees,3-5 years,10-49,Urban area,Food or organic waste,Not sure,External waste-management agency,3,3,3,3,3,3,3,3,3,3,3,3,3,3,3,3,3,3,,3,3,3,3,3,3,3,3,3,3,3,3,3,3,3,3,3,3,3,3,3,3,3,3,3,3,3,3,3,3,3,3,3,3,3,3,3,3,3,3,3,3,3,3.0,3.0,3.0,3.0,3.0,3.0,3.0,3.0,3.0,3.0,3.0
R0003,Manufacturing,Micro: Fewer than 10 employees,11-20 years,Fewer than 10,Industrial area,Paper and cardboard,Under development,External waste-management agency,4,5,3,4,4,4,4,3,3,5,3,4,4,2,4,5,4,4,4,3,5,4,4,3,3,3,4,4,4,4,3,5,4,3,4,5,5,5,5,5,4,4,2,4,3,4,3,2,4,4,4,4,4,4,3,2,2,3,2,3,2,3,4.0,3.67,3.83,3.83,3.67,4.0,4.67,3.0,4.0,2.5,3.85
R0004,Healthcare,Medium: 50-249 employees,11-20 years,50-99,Urban area,Mixed municipal waste,Not sure,Environmental or sustainability department,4,3,3,3,4,5,4,5,4,4,4,4,4,3,3,4,3,4,4,3,4,2,3,4,5,5,4,4,5,3,3,4,4,5,4,4,4,3,4,4,3,3,4,4,5,4,5,4,4,5,5,5,5,4,2,3,2,3,2,2,3,2,3.67,4.17,3.5,3.33,4.33,4.0,3.5,4.33,4.67,2.38,3.94
R0005,Retail,Micro: Fewer than 10 employees,Less than 3 years,Fewer than 10,Semi-urban area,Plastic waste,No,External waste-management agency,2,3,4,4,3,3,4,3,3,5,3,4,3,4,2,2,2,3,1,2,1,2,2,2,2,3,2,3,3,2,3,3,3,2,3,2,3,3,1,2,2,3,2,2,1,2,2,1,1,3,2,3,2,1,4,4,4,3,5,4,5,4,3.17,3.67,2.67,1.67,2.5,2.67,2.33,1.67,2.0,4.12,2.48
R0006,Manufacturing,Micro: Fewer than 10 employees,3-5 years,Fewer than 10,Industrial area,Paper and cardboard,Not sure,External waste-management agency,4,4,3,3,4,3,4,3,4,3,3,4,3,1,2,3,2,3,4,4,3,4,4,3,2,3,2,2,1,2,,4,2,3,,4,4,4,2,3,5,3,3,4,3,4,3,3,2,3,4,3,2,4,5,5,4,3,3,4,4,3,3.5,3.5,2.33,3.67,2.0,3.25,3.5,3.33,3.0,3.88,3.12
R0007,Healthcare,Medium: 50-249 employees,3-5 years,50-99,Semi-urban area,Plastic waste,Under development,Operations department,3,2,2,2,3,3,5,4,3,4,3,4,4,3,4,4,4,4,3,2,3,3,4,3,5,3,4,4,5,3,4,4,4,3,3,3,4,5,4,3,4,3,4,4,3,5,5,5,3,3,3,4,,3,4,3,2,2,3,2,3,2,2.5,3.83,3.83,3.0,4.0,3.5,3.83,4.33,3.2,2.62,3.56
R0008,Information Technology,Micro: Fewer than 10 employees,3-5 years,Fewer than 10,Urban area,Mixed municipal waste,No,External waste-management agency,4,3,3,3,3,3,3,3,2,4,3,3,2,2,2,2,2,3,4,4,4,5,4,4,5,3,4,3,3,3,2,2,3,3,4,4,4,5,3,4,3,3,3,3,4,4,3,4,4,2,3,2,4,3,2,3,2,1,1,4,2,2,3.17,3.0,2.17,4.17,3.5,3.0,3.67,3.5,3.0,2.12,3.24
R0009,Healthcare,Micro: Fewer than 10 employees,11-20 years,Fewer than 10,Semi-urban area,Plastic waste,Under development,External waste-management agency,3,5,5,5,4,5,2,3,2,4,4,3,3,2,3,4,3,3,4,5,4,3,4,5,3,4,,5,5,3,4,3,3,4,4,5,4,4,3,5,4,3,4,3,4,4,4,5,3,2,4,4,3,4,2,4,4,2,3,4,3,4,4.5,3.0,3.0,4.17,4.0,3.83,3.83,4.0,3.33,3.25,3.74
R0010,Retail,Micro: Fewer than 10 employees,11-20 years,Fewer than 10,Commercial area,Plastic waste,No,Facility management team,3,2,2,3,3,2,3,3,4,3,3,4,3,3,4,3,4,3,3,3,3,2,3,3,3,3,3,3,3,3,2,3,3,3,2,4,3,3,4,2,3,3,5,4,3,5,3,3,3,3,3,4,4,3,3,4,4,4,2,3,3,3,2.5,3.33,3.33,2.83,3.0,2.83,3.0,3.83,3.33,3.25,3.11
R0011,Information Technology,Small: 10-49 employees,3-5 years,10-49,Urban area,Mixed municipal waste,Under development,Facility management team,3,3,3,3,3,4,3,3,3,3,3,3,5,3,4,5,3,4,4,4,4,4,3,4,,4,4,5,2,4,3,4,3,4,4,4,4,3,5,4,5,4,5,3,4,5,5,5,5,4,4,2,4,4,3,2,2,3,2,2,2,3,3.17,3.0,4.0,3.83,3.8,3.67,4.17,4.5,3.83,2.38,3.77
R0012,Manufacturing,Large: 250 employees or more,6-10 years,100-249,Industrial area,Mixed municipal waste,Not sure,Operations department,4,3,3,4,3,5,3,3,4,3,3,3,3,4,5,5,4,5,4,4,4,4,4,4,4,3,3,3,2,3,4,4,4,4,4,4,4,5,5,3,4,5,4,4,,3,3,4,3,4,3,4,5,4,3,4,1,2,3,3,2,1,3.67,3.17,4.33,4.0,3.0,4.0,4.33,3.6,3.83,2.38,3.77
R0013,Healthcare,Medium: 50-249 employees,11-20 years,50-99,Urban area,Paper and cardboard,Under development,External waste-management agency,4,5,4,4,3,3,3,3,2,2,3,4,3,4,4,4,4,3,3,3,4,4,3,3,3,3,3,4,3,4,,2,4,4,4,2,3,3,3,3,3,3,3,4,3,3,4,2,3,3,4,3,4,3,2,3,3,3,2,2,3,3,3.83,2.83,3.67,3.33,3.33,3.2,3.0,3.17,3.33,2.62,3.3
R0014,Retail,Large: 250 employees or more,11-20 years,250 or more,Industrial area,Paper and cardboard,Not sure,Facility management team,5,5,5,5,4,5,1,3,3,3,2,3,5,4,4,4,4,4,3,3,4,2,5,3,4,4,4,4,4,3,4,4,3,3,3,4,4,4,3,4,3,5,4,4,4,5,5,4,3,4,4,3,4,5,3,2,3,3,3,3,,3,4.83,2.5,4.17,3.33,3.83,3.5,3.83,4.33,3.83,2.86,3.79
R0015,Manufacturing,Large: 250 employees or more,11-20 years,250 or more,Industrial area,Plastic waste,Not sure,Operations department,3,3,3,4,2,4,5,5,5,4,5,5,3,2,2,2,2,4,4,3,4,4,4,3,4,3,4,5,4,4,3,3,3,4,4,4,3,3,3,4,3,4,4,4,5,4,4,5,4,5,4,5,4,4,4,3,3,3,4,3,2,2,3.17,4.83,2.5,3.67,4.0,3.5,3.33,4.33,4.33,3.0,3.74
R0016,Hospitality/Services,Medium: 50-249 employees,3-5 years,50-99,Urban area,Food or organic waste,No,Environmental or sustainability department,3,3,4,3,4,3,3,3,3,4,3,3,3,4,3,4,4,4,4,2,3,2,3,2,3,3,3,3,4,4,2,2,2,3,1,3,3,4,3,3,2,3,4,3,3,4,3,3,3,4,4,3,4,4,2,2,4,3,4,3,4,4,3.33,3.17,3.67,2.67,3.33,2.17,3.0,3.33,3.67,3.25,3.15
R0017,Retail,Medium: 50-249 employees,6-10 years,50-99,Semi-urban area,Food or organic waste,Yes,Operations department,3,2,2,3,3,2,3,3,2,2,3,3,4,4,4,4,4,5,4,4,3,3,4,3,3,3,4,3,3,4,4,3,3,3,5,4,4,4,4,,4,3,4,3,4,4,5,4,3,4,3,3,2,2,4,3,3,3,4,2,3,4,2.5,2.67,4.17,3.5,3.33,3.67,3.8,4.0,2.83,3.25,3.39
R0018,Retail,Small: 10-49 employees,Less than 3 years,10-49,Commercial area,Plastic waste,Not sure,External waste-management agency,5,5,3,3,2,5,3,3,2,3,2,3,2,4,2,3,4,3,3,3,4,3,4,,5,4,3,3,2,2,3,2,3,4,3,4,2,3,4,3,3,3,1,3,2,2,2,1,2,2,2,3,2,2,3,2,3,3,4,2,4,3,3.83,2.67,3.0,3.4,3.17,3.17,3.0,1.83,2.17,3.0,2.92
R0019,Manufacturing,Large: 250 employees or more,11-20 years,250 or more,Urban area,Plastic waste,Under development,Facility management team,4,4,4,4,4,4,4,4,4,4,4,4,4,4,4,4,4,4,4,4,4,4,4,4,4,4,4,4,4,4,4,4,4,4,4,4,4,4,4,4,4,4,4,4,4,4,4,4,4,4,4,4,4,4,4,4,4,4,4,4,4,4,4.0,4.0,4.0,4.0,4.0,4.0,4.0,4.0,4.0,4.0,4.0
R0020,Hospitality/Services,Medium: 50-249 employees,11-20 years,100-249,Urban area,Mixed municipal waste,Yes,Operations department,4,4,3,3,3,4,3,3,4,3,3,2,4,4,3,4,4,4,4,4,3,4,4,5,3,2,3,4,2,3,3,4,4,3,3,,5,4,3,4,4,4,4,4,3,4,4,,4,4,4,3,3,3,2,4,4,3,3,3,3,5,3.5,3.0,3.83,4.0,2.83,3.4,4.0,3.8,3.5,3.38,3.54
R0021,Information Technology,Small: 10-49 employees,Less than 3 years,10-49,Urban area,Mixed municipal waste,No,External waste-management agency,5,4,3,3,3,4,3,3,3,4,4,3,4,4,5,5,4,,2,2,3,3,3,2,4,3,3,3,3,4,3,3,3,3,3,2,3,3,4,5,4,2,4,3,3,3,3,4,1,3,2,2,3,3,4,3,4,3,2,3,3,3,3.67,3.33,4.4,2.5,3.33,2.83,3.5,3.33,2.33,3.12,3.25
R0022,Manufacturing,Small: 10-49 employees,3-5 years,50-99,Industrial area,Mixed municipal waste,Not sure,Operations department,3,2,4,3,4,3,4,4,3,4,3,3,2,4,4,2,3,3,3,3,3,2,2,2,2,4,3,4,4,3,3,2,4,3,4,4,2,3,2,2,1,2,3,4,3,3,2,2,3,3,3,3,2,2,2,2,1,2,2,,1,3,3.17,3.5,3.0,2.5,3.33,3.33,2.0,2.83,2.67,1.86,2.93
R0023,Healthcare,Medium: 50-249 employees,11-20 years,50-99,Urban area,Mixed municipal waste,Yes,Environmental or sustainability department,4,4,4,4,4,4,3,4,4,4,3,4,3,5,4,3,5,3,4,4,4,5,2,4,,5,3,,5,5,5,4,4,3,4,3,4,4,3,4,5,4,3,4,4,5,3,2,4,5,5,4,4,4,3,2,2,4,1,2,2,2,4.0,3.67,3.83,3.83,4.5,3.83,4.0,3.5,4.33,2.25,3.94
R0024,Manufacturing,Medium: 50-249 employees,3-5 years,50-99,Industrial area,Plastic waste,No,Operations department,3,3,4,3,4,3,4,3,3,4,4,,3,4,3,3,4,3,4,4,4,4,4,3,3,2,2,3,3,4,4,5,3,3,4,4,4,4,4,5,4,4,4,4,4,2,2,3,3,3,3,3,3,3,4,2,4,4,4,5,3,3,3.33,3.6,3.33,3.83,2.83,3.83,4.17,3.17,3.0,3.62,3.45
R0025,Information Technology,Small: 10-49 employees,3-5 years,10-49,Commercial area,Mixed municipal waste,Under development,External waste-management agency,4,3,3,4,3,4,4,3,2,3,2,3,3,3,3,3,4,3,3,4,3,3,4,4,3,4,3,4,4,3,3,4,4,3,5,3,2,2,2,2,1,2,3,4,2,2,4,4,3,3,4,3,3,3,4,4,4,3,4,4,4,3,3.5,2.83,3.17,3.5,3.5,3.67,1.83,3.17,3.17,3.75,3.15
R0026,Retail,Micro: Fewer than 10 employees,6-10 years,Fewer than 10,Urban area,Paper and cardboard,No,External waste-management agency,2,3,3,4,4,4,3,4,3,4,5,3,4,4,4,4,4,4,2,2,3,3,2,2,4,3,3,4,,3,3,3,3,4,3,3,4,5,4,2,2,3,3,3,2,3,2,4,3,3,3,2,3,4,3,2,1,2,2,3,4,4,3.33,3.67,4.0,2.33,3.4,3.17,3.33,2.83,3.0,2.62,3.23
R0027,Manufacturing,Small: 10-49 employees,11-20 years,10-49,Industrial area,Paper and cardboard,Yes,External waste-management agency,3,3,4,2,3,3,4,4,4,5,5,3,3,2,3,3,3,3,3,4,3,3,3,3,4,4,4,3,4,4,3,4,4,5,4,5,3,4,3,3,4,3,5,4,5,4,5,5,2,3,3,2,3,3,1,3,3,2,2,3,3,,3.0,4.17,2.83,3.17,3.83,4.17,3.33,4.67,2.67,2.43,3.54
R0028,Healthcare,Micro: Fewer than 10 employees,3-5 years,Fewer than 10,Urban area,Plastic waste,No,Operations department,4,4,4,3,3,5,3,4,4,5,4,3,4,3,4,4,3,4,3,4,3,4,3,3,4,4,4,4,3,3,2,3,3,3,4,4,4,4,5,4,4,4,2,3,2,2,3,2,3,2,3,4,4,4,3,2,3,3,1,4,3,2,3.83,3.83,3.67,3.33,3.67,3.17,4.17,2.33,3.33,2.62,3.48
R0029,Hospitality/Services,Large: 250 employees or more,6-10 years,250 or more,Urban area,Paper and cardboard,Under development,Facility management team,4,4,5,4,4,3,4,2,4,4,3,4,2,4,4,3,4,3,3,4,3,3,3,3,3,3,3,3,3,4,4,3,4,4,4,4,3,5,4,3,4,3,3,3,4,5,2,4,3,4,4,5,3,5,1,3,2,3,3,3,3,4,4.0,3.5,3.33,3.17,3.17,3.83,3.67,3.5,4.0,2.75,3.57
R0030,Retail,Medium: 50-249 employees,3-5 years,100-249,Commercial area,Mixed municipal waste,Not sure,Operations department,2,4,2,3,3,1,4,4,4,,4,4,3,3,3,4,4,3,2,2,2,3,2,4,3,3,3,3,3,4,4,3,3,3,3,3,4,4,,3,5,3,5,5,4,4,4,5,4,4,3,3,2,3,3,3,3,2,3,,3,3,2.5,4.0,3.33,2.5,3.17,3.17,3.8,4.5,3.17,2.86,3.35
R0031,Manufacturing,Medium: 50-249 employees,6-10 years,100-249,Industrial area,Mixed municipal waste,Yes,Environmental or sustainability department,4,4,3,5,4,3,3,3,3,4,3,3,5,4,5,5,5,4,4,5,4,3,4,5,3,4,5,4,4,4,4,4,4,5,4,4,5,5,5,4,4,4,4,4,5,5,4,5,4,4,3,3,4,4,2,3,3,1,3,2,3,2,3.83,3.17,4.67,4.17,4.0,4.17,4.5,4.5,3.67,2.38,4.08
R0032,Hospitality/Services,Medium: 50-249 employees,3-5 years,50-99,Urban area,Plastic waste,Not sure,Facility management team,2,2,4,2,3,3,4,3,3,4,3,4,3,3,3,3,2,3,3,3,2,3,3,3,4,3,4,3,3,3,4,2,4,3,3,3,3,3,3,3,4,4,4,4,3,5,4,4,4,4,5,4,3,4,4,4,3,4,3,3,4,2,2.67,3.5,2.83,2.83,3.33,3.17,3.33,4.0,4.0,3.38,3.3
R0033,Manufacturing,Micro: Fewer than 10 employees,3-5 years,Fewer than 10,Semi-urban area,Paper and cardboard,Under development,External waste-management agency,5,3,3,4,3,3,2,2,3,3,4,3,4,5,4,4,4,4,4,4,4,3,4,4,2,4,4,2,3,4,3,3,2,3,3,3,4,4,4,3,3,3,3,3,2,2,3,3,3,2,3,3,3,3,5,4,3,4,4,2,3,3,3.5,2.83,4.17,3.83,3.17,2.83,3.5,2.67,2.83,3.5,3.26
R0034,Retail,Micro: Fewer than 10 employees,Less than 3 years,Fewer than 10,Urban area,Mixed municipal waste,Not sure,External waste-management agency,4,3,3,4,4,5,3,3,4,3,3,4,3,3,3,1,3,4,4,5,4,3,4,5,3,3,4,3,4,4,3,4,3,4,4,3,4,4,3,4,3,4,3,3,1,2,2,1,3,3,2,4,4,2,4,2,4,3,3,4,4,3,3.83,3.33,2.83,4.17,3.5,3.5,3.67,2.0,3.0,3.38,3.31
R0035,Healthcare,Large: 250 employees or more,3-5 years,250 or more,Urban area,Mixed municipal waste,Under development,Operations department,2,3,5,5,5,4,5,4,4,5,4,3,4,2,3,4,3,3,4,3,3,4,3,3,4,3,4,4,4,3,2,4,4,2,2,3,4,4,4,4,4,4,4,4,4,5,5,5,5,5,5,4,4,5,3,2,2,3,2,3,3,4,4.0,4.17,3.17,3.33,3.67,2.83,4.0,4.5,4.67,2.75,3.82
R0036,Manufacturing,Medium: 50-249 employees,3-5 years,50-99,Industrial area,Plastic waste,Yes,Environmental or sustainability department,3,3,3,3,3,1,5,4,4,,4,5,4,4,3,4,4,3,5,5,4,4,3,4,5,5,,4,5,3,4,4,4,4,3,4,5,4,5,,4,5,5,4,4,5,5,4,3,3,3,3,2,,1,,2,2,1,2,1,3,2.67,4.4,3.67,4.17,4.4,3.83,4.6,4.5,2.8,1.71,3.89
R0037,Manufacturing,Small: 10-49 employees,6-10 years,10-49,Semi-urban area,Mixed municipal waste,Under development,Facility management team,4,4,4,3,5,5,4,3,4,4,4,4,4,5,4,4,4,5,3,4,3,4,3,3,3,5,3,3,3,2,4,3,3,3,3,3,4,3,3,2,2,4,4,2,3,4,3,4,1,3,2,3,3,2,3,4,1,2,3,3,3,4,4.17,3.83,4.33,3.33,3.17,3.17,3.0,3.33,2.33,2.88,3.41
R0038,Manufacturing,Small: 10-49 employees,Less than 3 years,Fewer than 10,Semi-urban area,Plastic waste,Not sure,Facility management team,3,3,2,3,3,3,3,3,3,3,1,4,4,4,4,4,3,3,3,2,3,3,3,2,4,4,3,3,3,2,4,4,3,4,3,4,2,3,4,5,2,3,2,3,3,2,2,3,4,3,3,4,3,4,3,3,3,3,2,3,3,1,2.83,2.83,3.67,2.67,3.17,3.67,3.17,2.5,3.5,2.62,3.11
R0039,Manufacturing,Medium: 50-249 employees,Less than 3 years,10-49,Industrial area,Plastic waste,No,Operations department,3,3,3,4,3,4,2,4,5,3,4,3,4,3,3,3,3,3,2,3,1,2,1,2,3,3,3,3,3,3,3,4,3,2,2,3,4,3,3,4,3,3,4,4,2,3,4,3,4,4,4,4,5,4,1,2,2,2,3,2,2,2,3.33,3.5,3.17,1.83,3.0,2.83,3.33,3.33,4.17,2.0,3.17
R0040,Retail,Medium: 50-249 employees,Less than 3 years,10-49,Commercial area,Plastic waste,Not sure,Operations department,3,3,4,4,4,4,3,3,3,3,2,2,3,3,3,4,5,3,2,3,3,4,3,3,2,2,2,2,3,4,3,3,4,2,3,4,3,2,3,2,2,2,4,4,4,5,4,4,4,4,,4,4,3,2,2,2,3,3,2,3,3,3.67,2.67,3.5,3.0,2.5,3.17,2.33,4.17,3.8,2.5,3.2
R0041,Information Technology,Small: 10-49 employees,11-20 years,10-49,Commercial area,Plastic waste,Yes,External waste-management agency,3,4,3,3,3,3,3,3,3,3,4,3,4,4,4,4,5,5,4,4,3,3,3,2,3,3,2,4,3,2,4,4,3,5,4,3,5,4,4,4,3,4,4,5,4,5,4,4,3,4,2,4,5,4,3,3,3,3,2,2,3,3,3.17,3.17,4.33,3.17,2.83,3.83,4.0,4.33,3.67,2.75,3.61
R0042,Manufacturing,Large: 250 employees or more,Less than 3 years,250 or more,Industrial area,Plastic waste,Not sure,Facility management team,3,4,4,4,3,3,4,4,4,4,3,4,4,3,4,5,4,4,5,5,4,4,4,5,3,3,3,3,5,5,4,,4,3,3,3,4,4,4,5,4,5,3,,4,3,3,4,5,5,4,4,4,5,1,1,1,2,3,2,1,2,3.5,3.83,4.0,4.5,3.67,3.4,4.33,3.4,4.5,1.62,3.9
R0043,Information Technology,Micro: Fewer than 10 employees,3-5 years,10-49,Commercial area,Mixed municipal waste,Under development,External waste-management agency,2,3,2,2,3,2,3,4,3,4,3,3,3,2,3,3,4,4,3,3,3,3,4,4,3,2,3,4,3,4,2,4,2,2,3,2,2,2,1,2,3,2,3,3,3,5,4,3,4,3,4,4,4,3,4,3,2,4,3,5,3,3,2.33,3.33,3.17,3.33,3.17,2.5,2.0,3.5,3.67,3.38,3.0
R0044,Retail,Large: 250 employees or more,11-20 years,250 or more,Semi-urban area,Paper and cardboard,Under development,Facility management team,4,4,4,4,3,3,4,4,2,5,2,4,5,4,4,4,3,3,4,4,3,3,4,3,4,4,4,4,3,5,4,2,4,3,4,3,4,3,3,3,3,4,3,3,3,3,4,4,3,3,3,3,3,3,4,3,3,2,3,3,3,2,3.67,3.5,3.83,3.5,4.0,3.33,3.33,3.33,3.0,2.88,3.5
R0045,Manufacturing,Medium: 50-249 employees,11-20 years,50-99,Industrial area,Paper and cardboard,Not sure,Environmental or sustainability department,2,3,4,3,3,3,3,3,3,4,,3,3,4,3,3,3,4,3,3,3,3,3,3,3,3,3,3,4,3,5,4,5,4,3,,5,4,3,2,4,3,4,3,3,5,4,5,5,5,4,5,4,4,4,4,,3,3,5,4,3,3.0,3.2,3.33,3.0,3.17,4.2,3.5,4.0,4.5,3.71,3.54
R0046,Retail,Micro: Fewer than 10 employees,Less than 3 years,Fewer than 10,Urban area,Mixed municipal waste,No,External waste-management agency,4,2,2,4,4,2,4,4,3,4,4,4,3,5,4,4,4,3,3,2,3,3,2,2,2,3,3,3,4,4,3,3,4,3,3,2,5,4,4,3,5,4,2,3,3,3,4,3,3,4,3,3,3,4,3,2,3,3,3,2,3,1,3.0,3.83,3.83,2.5,3.17,3.0,4.17,3.0,3.33,2.5,3.31
R0047,Manufacturing,Large: 250 employees or more,11-20 years,250 or more,Industrial area,Plastic waste,Under development,Environmental or sustainability department,5,4,4,4,5,5,4,5,5,4,5,4,2,3,3,3,3,2,3,2,2,3,3,3,4,4,4,4,3,4,,4,4,4,3,4,5,4,5,3,4,3,3,4,4,4,4,4,4,5,3,4,4,4,2,2,2,3,2,3,4,2,4.5,4.5,2.67,2.67,3.83,3.8,4.0,3.83,4.0,2.5,3.76
R0048,Healthcare,Large: 250 employees or more,3-5 years,100-249,Industrial area,Plastic waste,Yes,External waste-management agency,3,4,4,4,4,4,3,3,4,2,4,3,5,4,4,4,4,3,3,2,2,3,4,3,3,3,3,2,2,3,5,5,3,4,4,3,3,4,3,4,4,3,4,3,5,5,4,5,2,3,3,3,,,2,3,3,2,3,3,3,3,3.83,3.17,4.0,2.83,2.67,4.0,3.5,4.33,2.75,2.75,3.45
R0049,Retail,Large: 250 employees or more,3-5 years,100-249,Semi-urban area,Paper and cardboard,Not sure,Environmental or sustainability department,3,4,4,3,5,5,3,2,3,4,4,3,3,2,3,3,3,3,4,3,3,4,5,4,5,,5,3,5,3,4,4,4,5,5,3,3,4,3,4,3,3,2,4,2,4,3,4,4,4,5,4,4,4,2,1,2,4,3,3,1,3,4.0,3.17,2.83,3.83,4.2,4.17,3.33,3.17,4.17,2.38,3.65
R0050,Healthcare,Large: 250 employees or more,6-10 years,250 or more,Commercial area,Mixed municipal waste,Not sure,Operations department,3,4,3,4,3,3,4,,3,3,3,3,4,3,3,4,3,4,3,4,4,3,3,3,3,4,4,4,3,4,4,4,5,4,4,5,,4,4,3,4,4,3,2,3,3,3,3,3,3,4,4,3,3,4,4,3,4,4,3,3,3,3.33,3.2,3.5,3.33,3.67,4.33,3.8,2.83,3.33,3.5,3.48
R0051,Hospitality/Services,Small: 10-49 employees,11-20 years,Fewer than 10,Commercial area,Mixed municipal waste,Not sure,Facility management team,3,3,3,3,3,3,4,4,4,3,4,5,3,4,3,4,3,2,4,2,4,3,4,4,3,5,3,4,4,3,3,4,4,3,4,3,3,4,4,3,4,5,3,4,3,3,4,3,2,3,3,3,4,3,3,4,4,2,2,3,2,2,3.0,4.0,3.17,3.5,3.67,3.5,3.83,3.33,3.0,2.75,3.44
R0052,Manufacturing,Large: 250 employees or more,11-20 years,250 or more,Urban area,Plastic waste,Yes,Environmental or sustainability department,3,2,3,2,3,4,3,3,3,4,4,4,4,4,4,5,3,4,4,4,4,4,3,5,2,3,3,3,3,3,3,4,3,3,4,4,3,4,4,3,2,2,3,3,3,3,4,2,3,3,3,4,3,3,3,3,5,4,2,3,4,4,2.83,3.5,4.0,4.0,2.83,3.5,3.0,3.0,3.17,3.5,3.31
R0053,Hospitality/Services,Micro: Fewer than 10 employees,Less than 3 years,Fewer than 10,Commercial area,Food or organic waste,No,External waste-management agency,4,3,3,3,3,3,2,4,3,2,2,1,3,3,3,,4,3,3,2,2,3,1,3,3,4,3,2,3,2,3,3,3,2,4,3,3,3,3,4,5,2,3,2,3,1,,2,3,4,3,3,3,4,4,4,4,,2,4,3,4,3.17,2.33,3.2,2.33,2.83,3.0,3.33,2.2,3.33,3.57,2.86
R0054,Manufacturing,Medium: 50-249 employees,6-10 years,100-249,Industrial area,Plastic waste,No,Facility management team,3,2,2,2,3,4,2,1,2,3,2,,3,5,2,3,2,3,3,4,4,4,2,4,4,5,4,4,4,3,3,2,2,4,3,2,4,4,4,4,3,5,3,3,3,4,2,,3,3,2,3,4,3,2,3,5,4,5,4,5,3,2.67,2.0,3.0,3.5,4.0,2.67,4.0,3.0,3.0,3.88,3.09
R0055,Manufacturing,Micro: Fewer than 10 employees,Less than 3 years,Fewer than 10,Semi-urban area,Paper and cardboard,Under development,Operations department,5,4,4,4,4,5,4,4,4,4,4,4,3,4,4,2,4,3,3,3,2,2,3,2,2,2,2,4,3,3,2,3,2,2,3,3,2,2,3,3,3,4,3,2,2,3,2,5,3,2,2,4,3,2,3,2,2,1,3,2,2,4,4.33,4.0,3.33,2.5,2.67,2.5,2.83,2.83,2.67,2.38,3.07
R0056,Manufacturing,Micro: Fewer than 10 employees,Less than 3 years,Fewer than 10,Industrial area,Plastic waste,Not sure,External waste-management agency,4,3,3,4,4,4,3,4,4,4,4,4,5,4,3,3,,2,3,3,3,5,3,3,3,4,4,4,4,4,4,4,3,3,4,4,3,2,3,3,3,3,2,3,3,3,3,4,3,2,3,2,2,2,4,2,2,3,2,3,2,3,3.67,3.83,3.4,3.33,3.83,3.67,2.83,3.0,2.33,2.62,3.32
R0057,Information Technology,Micro: Fewer than 10 employees,Less than 3 years,Fewer than 10,Urban area,Paper and cardboard,No,External waste-management agency,3,4,3,3,3,5,3,2,1,2,1,1,3,4,3,4,4,4,3,4,3,4,4,3,3,2,3,3,2,2,3,3,3,3,3,4,3,4,5,3,5,4,,5,3,4,4,4,3,4,4,3,3,3,2,3,4,2,3,3,3,4,3.5,1.67,3.67,3.5,2.5,3.17,4.0,4.0,3.33,3.0,3.26
R0058,Healthcare,Large: 250 employees or more,11-20 years,250 or more,Urban area,Paper and cardboard,Under development,Environmental or sustainability department,3,4,4,4,4,5,3,4,5,5,4,5,4,4,3,4,4,3,4,4,5,5,4,4,4,3,4,4,4,4,5,5,4,5,4,3,4,5,3,3,3,4,5,4,4,3,3,4,4,3,3,3,4,3,3,3,2,3,3,4,4,3,4.0,4.33,3.67,4.33,3.83,4.33,3.67,3.83,3.33,3.12,3.92
R0059,Hospitality/Services,Medium: 50-249 employees,3-5 years,100-249,Urban area,Plastic waste,Under development,External waste-management agency,4,3,3,3,1,3,2,2,3,3,3,1,5,5,3,3,4,4,4,4,1,4,3,3,2,3,3,4,3,3,3,4,4,3,5,4,3,3,4,4,4,3,4,4,4,4,4,3,3,3,2,4,3,4,3,3,4,4,5,3,3,5,2.83,2.33,4.0,3.17,3.0,3.83,3.5,3.83,3.17,3.75,3.3
R0060,Information Technology,Large: 250 employees or more,6-10 years,100-249,Industrial area,Paper and cardboard,Under development,Environmental or sustainability department,3,3,3,2,3,4,4,4,5,2,5,4,4,,3,3,3,3,4,4,4,4,3,4,5,5,5,4,5,3,5,4,4,4,4,3,4,4,3,4,4,4,4,3,4,3,4,1,4,5,4,3,3,4,2,3,3,4,3,3,3,2,3.0,4.0,3.2,3.83,4.5,4.0,3.83,3.17,3.83,2.88,3.71
R0061,Retail,Micro: Fewer than 10 employees,Less than 3 years,Fewer than 10,Commercial area,Food or organic waste,No,External waste-management agency,3,3,2,4,3,4,3,3,2,3,3,3,3,3,2,3,2,3,3,2,2,3,2,3,2,3,4,3,4,4,3,3,3,3,3,3,3,3,4,3,,4,3,3,3,3,3,4,2,2,3,3,2,2,3,2,3,2,2,2,3,3,3.17,2.83,2.67,2.5,3.33,3.0,3.4,3.17,2.33,2.5,2.93
R0062,Information Technology,Small: 10-49 employees,3-5 years,10-49,Commercial area,Paper and cardboard,No,Operations department,4,3,4,4,5,3,3,2,3,4,3,3,4,2,4,3,4,4,5,4,4,5,4,4,2,3,2,2,4,3,2,3,3,3,4,3,5,3,3,3,3,3,4,3,5,4,3,4,3,3,2,3,1,3,3,4,4,4,3,4,3,3,3.83,3.0,3.5,4.33,2.67,3.0,3.33,3.83,2.5,3.5,3.33
R0063,Hospitality/Services,Small: 10-49 employees,6-10 years,10-49,Industrial area,Mixed municipal waste,No,Operations department,3,3,4,4,4,3,,4,3,2,3,4,3,4,3,3,3,4,4,3,3,4,4,3,4,3,5,5,4,4,4,3,3,4,3,4,3,3,3,3,3,3,5,4,4,3,3,4,5,5,4,3,5,4,5,4,2,1,4,4,4,4,3.5,3.2,3.33,3.5,4.17,3.5,3.0,3.83,4.33,3.5,3.6
R0064,Information Technology,Large: 250 employees or more,6-10 years,250 or more,Urban area,Plastic waste,Not sure,External waste-management agency,4,4,4,5,5,4,3,3,4,3,3,4,5,4,3,3,4,3,4,4,4,4,4,3,3,4,3,4,4,2,2,4,3,4,3,3,4,4,3,3,3,5,4,3,4,4,3,3,,3,3,4,2,3,,1,3,4,3,2,2,3,4.33,3.33,3.67,3.83,3.33,3.17,3.67,3.5,3.0,2.57,3.54
R0065,Healthcare,Large: 250 employees or more,6-10 years,100-249,Urban area,Food or organic waste,No,Operations department,3,4,3,3,3,4,4,4,5,5,4,4,4,5,4,4,5,4,4,4,4,4,4,4,4,4,3,3,4,5,3,4,4,5,2,4,4,5,5,5,4,4,3,2,3,3,2,3,4,3,3,4,3,2,4,2,2,4,3,3,3,3,3.33,4.33,4.33,4.0,3.83,3.67,4.5,2.67,3.17,3.0,3.76
R0066,Information Technology,Large: 250 employees or more,11-20 years,250 or more,Urban area,Food or organic waste,Not sure,Facility management team,4,4,3,4,3,4,,5,4,5,5,4,3,3,4,4,3,3,4,2,3,4,3,3,3,3,3,4,4,3,5,4,5,5,5,4,3,4,3,3,3,3,5,4,3,4,4,4,3,2,3,3,3,4,2,3,4,2,2,4,2,4,3.67,4.6,3.33,3.17,3.33,4.67,3.17,4.0,3.0,2.88,3.66
R0067,Manufacturing,Micro: Fewer than 10 employees,6-10 years,10-49,Commercial area,Plastic waste,No,Operations department,3,4,4,5,3,4,2,5,2,3,4,3,3,3,3,4,2,2,4,4,4,3,4,3,4,4,3,4,4,3,3,2,2,3,3,3,3,3,3,3,3,4,4,3,5,3,3,3,4,4,5,3,4,4,5,4,4,3,4,5,4,4,3.83,3.17,2.83,3.67,3.67,2.67,3.17,3.5,4.0,4.12,3.39
R0068,Hospitality/Services,Micro: Fewer than 10 employees,3-5 years,Fewer than 10,Commercial area,Paper and cardboard,No,External waste-management agency,2,3,2,3,4,3,4,5,3,4,3,4,3,4,3,3,3,4,3,3,2,3,3,,5,4,4,5,5,4,3,2,4,2,2,3,3,3,3,3,4,4,4,4,4,3,4,4,3,3,4,3,3,3,3,2,2,2,2,2,2,3,2.83,3.83,3.33,2.8,4.5,2.67,3.33,3.83,3.17,2.25,3.37
R0069,Hospitality/Services,Micro: Fewer than 10 employees,6-10 years,Fewer than 10,Urban area,Food or organic waste,Yes,Environmental or sustainability department,2,4,3,4,3,3,4,2,2,4,4,2,3,3,4,3,3,3,3,2,2,1,4,3,2,3,4,3,4,3,4,4,4,4,,5,3,3,4,3,5,4,5,4,3,4,4,5,,5,4,5,5,4,2,3,3,3,3,4,3,3,3.17,3.0,3.17,2.5,3.17,4.2,3.67,4.17,4.6,3.0,3.52
R0070,Healthcare,Large: 250 employees or more,11-20 years,250 or more,Semi-urban area,Food or organic waste,Not sure,Facility management team,3,4,2,1,3,2,1,3,2,2,2,3,3,3,1,3,3,3,4,3,4,3,3,3,4,3,4,4,4,3,3,3,3,2,3,3,5,3,3,3,3,2,4,4,5,3,4,3,3,3,5,4,4,4,1,2,3,2,3,3,3,3,2.5,2.17,2.67,3.33,3.67,2.83,3.17,3.83,3.83,2.5,3.11
R0071,Manufacturing,Micro: Fewer than 10 employees,Less than 3 years,Fewer than 10,Industrial area,Plastic waste,No,External waste-management agency,4,2,3,3,2,3,3,1,2,2,2,4,3,3,3,2,3,2,4,3,4,4,4,5,4,3,2,4,4,4,4,2,3,3,2,3,3,2,2,3,2,4,5,3,4,3,4,4,3,4,2,3,4,3,2,2,2,1,2,2,2,2,2.83,2.33,2.67,4.0,3.5,2.83,2.67,3.83,3.17,1.88,3.09
R0072,Manufacturing,Micro: Fewer than 10 employees,11-20 years,Fewer than 10,Industrial area,Mixed municipal waste,Not sure,External waste-management agency,2,3,4,3,2,2,4,3,2,3,3,3,4,3,2,2,3,4,2,4,2,2,3,3,1,3,2,3,3,2,3,2,1,3,2,1,3,3,4,3,3,4,3,3,3,5,4,4,3,2,3,4,3,3,2,3,2,3,3,4,2,2,2.67,3.0,3.0,2.67,2.33,2.0,3.33,3.67,3.0,2.62,2.85
R0073,Hospitality/Services,Large: 250 employees or more,Less than 3 years,250 or more,Urban area,Mixed municipal waste,No,Operations department,2,3,3,2,4,3,2,2,2,3,2,3,2,4,5,4,4,4,3,3,5,3,3,3,3,3,3,2,3,2,2,1,3,3,3,2,4,1,3,3,2,3,4,4,3,3,3,2,3,4,4,4,4,4,5,5,3,4,4,4,3,3,2.83,2.33,3.83,3.33,2.67,2.33,2.67,3.17,3.83,3.88,3.0
R0074,Information Technology,Large: 250 employees or more,6-10 years,250 or more,Urban area,Mixed municipal waste,Under development,Operations department,3,3,4,3,3,3,2,2,3,4,2,3,5,4,4,4,3,4,4,4,4,3,4,4,4,3,4,5,3,3,3,4,3,4,4,3,3,4,5,3,4,5,4,3,4,3,3,3,5,4,4,4,5,5,3,4,2,4,3,3,3,3,3.17,2.67,4.0,3.83,3.67,3.5,4.0,3.33,4.5,3.12,3.63
R0075,Information Technology,Medium: 50-249 employees,3-5 years,50-99,Semi-urban area,Paper and cardboard,Under development,Environmental or sustainability department,2,2,2,1,1,3,3,3,3,3,4,2,3,3,3,4,3,4,3,4,2,3,2,2,4,5,4,4,4,4,3,3,4,3,4,3,4,3,4,3,3,4,4,3,4,3,3,4,5,5,3,3,4,4,3,3,3,3,2,2,2,3,1.83,3.0,3.33,2.67,4.17,3.33,3.5,3.5,4.0,2.62,3.26
R0076,Hospitality/Services,Medium: 50-249 employees,11-20 years,100-249,Commercial area,Mixed municipal waste,Under development,External waste-management agency,5,4,3,3,3,4,4,3,2,3,4,3,4,3,3,3,4,3,3,5,2,3,2,3,3,4,3,3,3,4,4,4,4,2,4,4,2,3,5,2,4,3,4,3,5,4,4,4,4,4,4,4,3,4,3,2,3,2,3,2,3,3,3.67,3.17,3.33,3.0,3.33,3.67,3.17,4.0,3.83,2.62,3.46
R0077,Retail,Small: 10-49 employees,3-5 years,10-49,Semi-urban area,Mixed municipal waste,Yes,Operations department,4,3,4,3,3,2,4,5,5,5,5,5,1,5,3,4,4,3,4,3,5,4,4,4,3,4,3,3,,3,3,3,4,2,2,2,4,2,3,3,3,4,3,4,4,4,4,4,3,5,3,3,3,4,3,4,5,3,3,4,4,3,3.17,4.83,3.33,4.0,3.2,2.67,3.17,3.83,3.5,3.62,3.52
R0078,Information Technology,Medium: 50-249 employees,3-5 years,50-99,Urban area,Mixed municipal waste,Under development,Facility management team,3,4,5,3,3,4,3,3,3,4,4,4,3,2,2,3,3,3,4,3,3,3,4,4,4,3,4,4,4,3,3,3,4,3,2,3,3,5,4,3,4,4,4,3,3,4,3,4,4,3,3,3,3,4,3,3,3,4,4,4,3,3,3.67,3.5,2.67,3.5,3.67,3.0,3.83,3.5,3.33,3.38,3.41
R0079,Manufacturing,Large: 250 employees or more,6-10 years,100-249,Industrial area,Paper and cardboard,Not sure,Facility management team,3,3,3,3,3,3,3,3,3,3,3,3,3,3,3,3,3,3,3,3,3,3,3,3,3,3,3,3,3,3,3,3,3,3,3,3,3,3,3,3,3,3,3,3,3,3,3,3,3,3,3,3,3,3,3,3,3,3,3,3,3,3,3.0,3.0,3.0,3.0,3.0,3.0,3.0,3.0,3.0,3.0,3.0
R0080,Manufacturing,Medium: 50-249 employees,3-5 years,50-99,Industrial area,Paper and cardboard,Not sure,External waste-management agency,3,3,4,3,4,3,2,4,3,3,5,4,3,3,3,3,4,4,3,3,3,2,3,2,3,3,3,3,3,2,4,3,4,3,3,3,3,1,3,1,3,2,3,3,1,3,3,2,4,4,3,4,3,4,2,2,3,3,1,3,2,3,3.33,3.5,3.33,2.67,2.83,3.33,2.17,2.5,3.67,2.38,3.04
R0081,Retail,Large: 250 employees or more,6-10 years,250 or more,Urban area,Paper and cardboard,Not sure,Facility management team,3,5,4,4,3,5,5,5,4,4,4,4,3,3,3,3,4,4,4,2,2,4,3,3,2,4,3,3,2,3,4,5,4,3,4,3,4,3,4,2,3,2,4,4,3,4,3,4,3,4,4,4,4,4,3,4,4,3,3,3,4,3,4.0,4.33,3.33,3.0,2.83,3.83,3.0,3.67,3.83,3.38,3.54
R0082,Retail,Medium: 50-249 employees,3-5 years,50-99,Urban area,Paper and cardboard,Not sure,Facility management team,3,3,3,4,3,3,,3,2,4,3,3,4,5,4,3,5,4,3,4,4,5,5,4,3,2,2,3,3,3,4,3,4,3,3,4,,4,4,3,4,4,4,3,4,3,3,5,3,4,3,4,3,4,4,5,4,1,4,5,4,5,3.17,3.0,4.17,4.17,2.67,3.5,3.8,3.67,3.5,4.0,3.52
R0083,Retail,Micro: Fewer than 10 employees,Less than 3 years,Fewer than 10,Commercial area,Paper and cardboard,No,External waste-management agency,4,4,4,4,4,4,3,4,3,2,3,3,3,3,2,3,3,3,1,2,1,2,3,1,3,2,4,4,4,2,4,4,4,5,4,3,1,2,2,4,4,2,3,5,4,3,4,4,3,4,3,3,4,3,5,3,4,3,3,4,4,3,4.0,3.0,2.83,1.67,3.17,4.0,2.5,3.83,3.33,3.62,3.15
R0084,Information Technology,Medium: 50-249 employees,3-5 years,50-99,Urban area,Food or organic waste,No,External waste-management agency,3,3,3,3,3,3,1,4,3,3,2,2,2,3,3,3,3,4,4,3,4,4,5,3,5,3,3,4,4,2,3,3,2,4,4,4,3,3,3,2,2,3,4,2,3,4,3,3,3,3,3,3,4,2,3,2,4,3,2,4,2,4,3.0,2.5,3.0,3.83,3.5,3.33,2.67,3.17,3.0,3.0,3.11
R0085,Manufacturing,Micro: Fewer than 10 employees,3-5 years,Fewer than 10,Industrial area,Mixed municipal waste,No,Operations department,3,2,4,3,3,3,3,,3,4,4,4,4,3,4,4,4,3,3,3,4,4,3,3,2,3,2,2,2,3,2,3,3,3,3,1,3,2,4,3,3,3,3,4,4,4,4,3,2,2,3,3,4,2,2,2,,3,4,1,3,3,3.0,3.6,3.67,3.33,2.33,2.5,3.0,3.67,2.67,2.57,3.09
R0086,Information Technology,Micro: Fewer than 10 employees,11-20 years,Fewer than 10,Urban area,Mixed municipal waste,Yes,Operations department,2,2,3,3,2,3,3,4,4,5,3,4,5,3,4,5,4,4,4,5,5,3,4,5,5,4,3,4,5,4,5,3,3,4,5,5,3,4,3,4,4,3,4,4,4,4,3,5,4,3,3,4,4,3,3,3,3,3,3,4,4,3,2.5,3.83,4.17,4.33,4.17,4.17,3.5,4.0,3.5,3.25,3.8
R0087,Manufacturing,Micro: Fewer than 10 employees,11-20 years,Fewer than 10,Industrial area,Paper and cardboard,Not sure,Operations department,2,3,3,4,2,4,3,3,4,4,4,5,4,4,3,3,2,4,4,4,4,5,4,3,2,3,2,4,3,2,3,3,4,2,2,3,2,2,3,3,2,2,4,4,2,3,4,4,3,4,4,3,2,2,2,3,3,3,2,3,2,1,3.0,3.83,3.33,4.0,2.67,2.83,2.33,3.5,3.0,2.38,3.17
R0088,Information Technology,Micro: Fewer than 10 employees,3-5 years,Fewer than 10,Commercial area,Paper and cardboard,Under development,Operations department,4,4,3,3,2,3,3,3,3,5,4,3,2,3,4,3,4,4,4,5,4,4,5,3,2,5,3,3,3,3,3,4,4,4,5,4,3,3,4,3,,3,2,2,4,4,3,3,4,5,5,4,4,4,2,3,3,3,4,4,4,2,3.17,3.5,3.33,4.17,3.17,4.0,3.2,3.0,4.33,3.12,3.54
R0089,Manufacturing,Large: 250 employees or more,11-20 years,250 or more,Industrial area,Mixed municipal waste,Under development,Environmental or sustainability department,2,3,3,2,2,4,3,3,3,4,2,3,2,3,3,3,3,2,4,4,4,5,2,3,3,3,3,4,3,3,4,3,4,4,4,5,3,3,4,3,4,2,3,3,1,2,3,3,4,4,3,3,4,3,4,3,3,3,,2,3,2,2.67,3.0,2.67,3.67,3.17,4.0,3.17,2.5,3.5,2.86,3.15
R0090,Information Technology,Medium: 50-249 employees,3-5 years,100-249,Commercial area,Food or organic waste,Under development,Environmental or sustainability department,4,4,5,3,3,5,4,3,3,4,4,3,4,4,4,4,4,4,4,3,3,3,4,4,3,4,5,3,3,4,5,4,5,3,3,4,3,3,4,3,3,3,3,3,3,4,3,3,2,2,3,4,2,4,2,2,3,3,3,3,3,3,4.0,3.5,4.0,3.5,3.67,4.0,3.17,3.17,2.83,2.75,3.54
R0091,Healthcare,Medium: 50-249 employees,11-20 years,50-99,Urban area,Plastic waste,Under development,Operations department,3,3,4,2,4,4,3,3,4,3,2,3,4,5,5,4,5,3,4,,3,4,,3,4,4,3,3,4,4,3,2,3,3,3,3,4,5,4,4,4,4,4,4,5,4,4,4,3,4,3,,2,3,3,2,4,4,4,2,4,4,3.33,3.0,4.33,3.5,3.67,2.83,4.17,4.17,3.0,3.38,3.56
R0092,Retail,Large: 250 employees or more,3-5 years,250 or more,Commercial area,Plastic waste,Under development,Facility management team,4,4,4,4,3,3,5,3,3,3,4,5,3,2,3,3,3,2,4,4,2,4,4,4,4,3,3,4,3,4,5,4,3,4,4,3,3,4,3,4,5,4,3,4,2,2,2,3,4,4,4,4,5,5,3,3,3,2,3,3,3,3,3.67,3.83,2.67,3.67,3.5,3.83,3.83,2.67,4.33,2.88,3.56
R0093,Manufacturing,Micro: Fewer than 10 employees,Less than 3 years,Fewer than 10,Urban area,Food or organic waste,Under development,External waste-management agency,2,3,3,2,4,3,1,2,4,4,2,2,3,3,4,3,3,4,3,2,2,3,3,2,3,3,3,3,4,4,3,3,3,2,,3,2,3,3,3,2,2,3,4,4,3,4,3,2,2,3,3,4,3,2,3,1,3,3,3,2,3,2.83,2.5,3.33,2.5,3.33,2.8,2.5,3.5,2.83,2.5,2.9
R0094,Manufacturing,Small: 10-49 employees,3-5 years,10-49,Industrial area,Plastic waste,Not sure,External waste-management agency,3,4,4,4,3,4,3,3,3,3,3,3,3,3,3,2,3,3,4,4,4,2,2,3,2,2,2,3,3,3,3,3,5,3,3,3,3,4,4,3,3,4,2,4,2,4,2,3,4,4,3,3,4,2,3,3,3,3,3,2,3,3,3.67,3.0,2.83,3.17,2.5,3.33,3.5,2.83,3.33,2.88,3.13
R0095,Retail,Micro: Fewer than 10 employees,6-10 years,Fewer than 10,Semi-urban area,Plastic waste,No,External waste-management agency,4,4,5,5,2,5,4,3,5,3,4,5,2,3,3,2,3,2,5,5,3,3,5,4,3,3,3,3,3,2,4,1,3,1,3,2,2,3,4,4,4,3,2,3,1,3,2,2,4,3,3,2,3,3,4,4,4,3,4,3,4,3,4.17,4.0,2.5,4.17,2.83,2.33,3.33,2.17,3.0,3.62,3.17
R0096,Manufacturing,Micro: Fewer than 10 employees,Less than 3 years,Fewer than 10,Industrial area,Plastic waste,Not sure,External waste-management agency,3,4,3,4,4,4,4,3,4,2,3,2,2,2,2,3,2,2,3,2,2,3,3,2,2,3,3,2,3,3,3,3,2,3,2,2,3,3,3,2,3,3,3,3,2,3,3,3,2,2,2,2,2,3,4,3,5,3,4,3,3,3,3.67,3.0,2.17,2.5,2.67,2.5,2.83,2.83,2.17,3.5,2.7
R0097,Manufacturing,Micro: Fewer than 10 employees,6-10 years,Fewer than 10,Semi-urban area,Plastic waste,No,External waste-management agency,3,3,4,4,3,5,2,3,4,4,3,3,3,2,3,3,2,3,3,4,,3,4,4,1,2,2,3,3,2,2,3,3,2,,3,2,1,2,3,2,1,2,4,2,3,3,2,2,3,2,2,3,2,3,3,3,4,2,3,3,2,3.67,3.17,2.67,3.6,2.17,2.6,1.83,2.67,2.33,2.88,2.75
R0098,Information Technology,Micro: Fewer than 10 employees,Less than 3 years,Fewer than 10,Commercial area,Mixed municipal waste,No,External waste-management agency,1,3,2,2,3,3,2,3,3,2,2,4,4,4,5,4,5,4,2,3,1,2,2,3,3,2,3,2,2,3,3,2,3,2,2,1,2,1,3,2,2,3,2,3,3,3,3,2,1,3,3,3,2,2,2,3,2,3,3,4,4,3,2.33,2.67,4.33,2.17,2.5,2.17,2.17,2.67,2.33,3.0,2.59
R0099,Manufacturing,Large: 250 employees or more,11-20 years,250 or more,Commercial area,Mixed municipal waste,Under development,Operations department,4,3,4,4,2,3,2,4,3,2,4,2,4,4,3,3,4,3,3,3,3,4,4,3,4,4,3,4,4,4,4,4,3,4,3,4,4,3,4,3,4,3,3,3,4,3,4,3,5,4,4,3,5,4,3,3,5,4,4,4,3,3,3.33,2.83,3.5,3.33,3.83,3.67,3.5,3.33,4.17,3.62,3.5
R0100,Manufacturing,Micro: Fewer than 10 employees,Less than 3 years,10-49,Urban area,Paper and cardboard,No,External waste-management agency,3,3,4,3,3,3,3,3,4,4,3,4,3,4,2,3,3,4,2,3,3,2,3,3,3,4,2,4,2,4,3,4,2,5,4,3,3,3,3,4,3,3,4,4,3,4,4,5,4,3,2,3,4,3,4,3,3,3,2,3,4,4,3.17,3.5,3.17,2.67,3.17,3.5,3.17,4.0,3.17,3.25,3.28
R0101,Retail,Large: 250 employees or more,6-10 years,250 or more,Urban area,Paper and cardboard,No,Environmental or sustainability department,4,1,3,3,4,3,5,5,4,2,3,4,3,2,3,3,2,3,3,3,3,3,4,5,2,2,3,2,2,2,4,5,3,3,4,4,4,4,3,4,4,5,3,3,3,4,3,2,3,5,3,2,3,3,2,3,5,4,2,2,3,2,3.0,3.83,2.67,3.5,2.17,3.83,4.0,3.0,3.17,2.88,3.24
R0102,Retail,Large: 250 employees or more,11-20 years,250 or more,Commercial area,Mixed municipal waste,Yes,Environmental or sustainability department,4,3,2,2,3,4,3,4,4,4,3,4,4,5,5,4,5,5,3,3,3,4,3,4,4,3,3,4,4,3,4,4,4,4,5,4,4,4,2,2,3,2,4,4,4,3,5,4,5,3,4,4,5,3,4,2,3,3,2,3,3,3,3.0,3.67,4.67,3.33,3.5,4.17,2.83,4.0,4.0,2.88,3.69
R0103,Retail,Medium: 50-249 employees,6-10 years,100-249,Urban area,Mixed municipal waste,Not sure,External waste-management agency,4,4,4,5,3,3,4,4,1,3,3,4,3,3,4,,5,4,3,2,2,2,4,2,4,4,3,4,4,3,4,3,5,4,3,3,4,4,5,4,4,5,4,3,4,3,3,3,3,3,3,4,3,3,5,2,3,2,2,3,3,3,3.83,3.17,3.8,2.5,3.67,3.67,4.33,3.33,3.17,2.88,3.5
R0104,Healthcare,Medium: 50-249 employees,11-20 years,50-99,Urban area,Mixed municipal waste,Yes,Facility management team,3,4,4,3,3,4,4,3,3,3,4,3,3,4,4,5,5,3,3,3,3,4,4,3,2,4,4,3,3,4,3,4,3,4,4,4,4,2,3,4,3,4,5,3,5,4,5,4,3,2,2,4,3,3,4,2,3,2,3,3,4,2,3.5,3.33,4.0,3.33,3.33,3.67,3.33,4.33,2.83,2.88,3.52
R0105,Healthcare,Small: 10-49 employees,Less than 3 years,10-49,Commercial area,Mixed municipal waste,Not sure,Facility management team,2,2,2,2,2,3,3,4,3,3,3,2,4,4,3,2,3,4,2,3,3,2,2,3,5,4,5,4,3,2,4,3,3,4,4,5,2,2,2,3,3,2,3,1,3,4,4,3,2,1,2,2,3,2,3,4,4,3,3,3,4,3,2.17,3.0,3.33,2.5,3.83,3.83,2.33,3.0,2.0,3.38,2.89
R0106,Retail,Small: 10-49 employees,6-10 years,50-99,Urban area,Paper and cardboard,No,Operations department,4,4,3,3,3,3,4,4,4,3,4,4,5,4,4,3,4,2,3,4,2,2,4,1,3,2,4,3,3,4,2,2,2,3,2,3,4,3,3,2,2,4,3,3,4,4,4,3,3,3,3,3,3,3,2,1,2,2,2,2,2,3,3.33,3.83,3.67,2.67,3.17,2.33,3.0,3.5,3.0,2.0,3.17
R0107,Retail,Small: 10-49 employees,11-20 years,10-49,Semi-urban area,Plastic waste,Not sure,External waste-management agency,3,4,2,3,3,4,3,4,3,2,3,4,3,4,3,3,2,3,3,2,3,2,3,2,3,3,5,3,5,3,3,3,3,3,3,2,4,4,5,3,5,4,5,4,4,4,5,4,3,2,3,4,3,4,3,2,2,3,2,4,3,3,3.17,3.17,3.0,2.5,3.67,2.83,4.17,4.33,3.17,2.75,3.33
R0108,Manufacturing,Medium: 50-249 employees,3-5 years,100-249,Industrial area,Mixed municipal waste,Not sure,Environmental or sustainability department,3,3,3,3,3,4,3,3,3,3,4,4,3,3,2,3,4,3,4,4,3,4,3,3,3,3,3,4,2,3,3,4,3,2,4,2,3,4,5,4,5,4,2,2,2,2,4,3,4,4,3,5,4,3,3,4,4,4,2,4,3,1,3.17,3.33,3.0,3.5,3.0,3.0,4.17,2.5,3.83,3.12,3.28
R0109,Information Technology,Small: 10-49 employees,Less than 3 years,10-49,Commercial area,Plastic waste,Yes,External waste-management agency,4,4,3,4,3,4,3,2,2,2,2,3,3,3,3,3,3,2,2,4,3,2,3,4,2,4,3,4,3,4,4,4,4,4,4,3,4,4,3,3,4,3,4,4,4,4,4,4,5,4,4,5,4,4,3,3,2,3,3,3,3,4,3.67,2.33,2.83,3.0,3.33,3.83,3.5,4.0,4.33,3.0,3.42
R0110,Retail,Micro: Fewer than 10 employees,3-5 years,Fewer than 10,Semi-urban area,Plastic waste,No,External waste-management agency,4,2,4,4,2,3,3,3,3,4,1,3,2,3,3,4,2,2,3,3,3,3,2,3,2,3,2,3,2,3,4,3,3,3,2,2,3,3,2,2,3,2,3,3,3,2,3,3,3,3,2,2,2,2,3,4,,4,4,1,3,4,3.17,2.83,2.67,2.83,2.5,2.83,2.5,2.83,2.33,3.29,2.72
R0111,Information Technology,Small: 10-49 employees,6-10 years,Fewer than 10,Semi-urban area,Paper and cardboard,Under development,External waste-management agency,3,3,3,3,3,3,5,5,5,3,4,4,4,4,3,3,3,2,4,3,3,4,4,4,2,2,3,4,4,2,4,5,4,5,4,4,4,3,4,4,4,3,4,2,3,3,3,4,2,3,2,3,3,4,2,3,4,4,3,4,2,2,3.0,4.33,3.17,3.67,2.83,4.33,3.67,3.17,2.83,3.0,3.44
R0112,Healthcare,Large: 250 employees or more,6-10 years,250 or more,Urban area,Plastic waste,Under development,Operations department,3,3,2,3,3,3,4,4,4,2,4,3,4,3,4,4,3,4,4,4,4,4,4,3,4,4,4,3,4,4,4,4,4,3,2,4,3,3,4,5,5,4,4,2,4,5,3,4,4,5,4,4,4,5,3,3,2,5,3,3,4,2,2.83,3.5,3.67,3.83,3.83,3.5,4.0,3.67,4.33,3.12,3.68
R0113,Healthcare,Small: 10-49 employees,6-10 years,10-49,Urban area,Mixed municipal waste,Not sure,Operations department,4,3,3,4,2,4,4,4,4,2,4,4,2,3,3,3,3,4,4,3,3,3,3,2,3,4,4,4,4,4,2,3,3,3,3,2,3,3,3,3,3,4,3,2,4,3,4,4,5,5,5,4,4,5,4,4,4,4,3,5,5,3,3.33,3.67,3.0,3.0,3.83,2.67,3.17,3.33,4.67,4.0,3.41
R0114,Retail,Medium: 50-249 employees,Less than 3 years,100-249,Commercial area,Plastic waste,No,External waste-management agency,3,4,4,,4,3,3,3,4,3,2,3,4,3,3,2,3,3,2,3,2,2,2,2,3,3,2,1,3,3,4,2,3,3,3,2,3,4,2,2,4,3,3,5,2,4,4,4,2,3,,2,4,3,5,3,4,3,3,3,4,4,3.6,3.0,3.0,2.17,2.5,2.83,3.0,3.67,2.8,3.62,2.95
R0115,Hospitality/Services,Small: 10-49 employees,3-5 years,10-49,Industrial area,Food or organic waste,Under development,Operations department,4,3,4,4,3,3,3,2,3,2,3,4,3,4,3,4,5,2,3,3,3,2,3,2,4,4,3,4,4,4,4,3,4,4,4,3,4,4,4,3,3,4,4,3,4,4,4,4,4,4,4,4,3,4,2,3,3,2,3,3,3,4,3.5,2.83,3.5,2.67,3.83,3.67,3.67,3.83,3.83,2.88,3.48
R0116,Retail,Small: 10-49 employees,3-5 years,10-49,Industrial area,Plastic waste,Not sure,Facility management team,4,2,4,3,3,2,2,,3,3,3,3,2,2,2,2,3,3,3,3,3,3,,3,4,3,3,3,3,3,3,4,3,3,4,3,3,4,4,4,4,3,3,4,3,4,3,4,4,2,4,4,3,4,3,4,3,3,3,4,3,2,3.0,2.8,2.33,3.0,3.17,3.33,3.67,3.5,3.5,3.12,3.14
R0117,Retail,Micro: Fewer than 10 employees,11-20 years,Fewer than 10,Urban area,Paper and cardboard,Yes,External waste-management agency,4,5,4,3,4,3,3,4,5,5,4,3,4,3,3,4,4,4,4,5,4,4,4,4,3,4,3,3,3,4,3,3,2,,1,1,3,3,3,3,3,2,4,3,4,5,5,3,3,3,3,4,3,3,2,3,3,4,2,3,3,3,3.83,4.0,3.67,4.17,3.33,2.0,2.83,4.0,3.17,2.88,3.44
R0118,Information Technology,Small: 10-49 employees,6-10 years,10-49,Commercial area,Paper and cardboard,Not sure,External waste-management agency,4,4,5,3,4,4,3,4,5,4,4,4,3,3,3,3,3,4,4,5,4,5,4,4,4,3,3,2,4,3,5,5,5,5,5,5,3,3,2,3,3,3,3,5,5,4,4,4,3,3,3,3,4,3,2,3,2,3,3,2,2,2,4.0,4.0,3.17,4.33,3.17,5.0,2.83,4.17,3.17,2.38,3.76
R0119,Healthcare,Large: 250 employees or more,6-10 years,250 or more,Urban area,Paper and cardboard,Yes,Facility management team,5,5,4,5,3,5,3,4,4,4,3,3,5,4,5,5,4,5,5,4,5,5,4,4,4,3,3,4,4,5,4,4,4,4,3,4,5,3,3,4,3,4,4,5,4,4,4,4,4,3,3,2,2,3,2,2,2,2,3,2,1,3,4.5,3.5,4.67,4.5,3.83,3.83,3.67,4.17,2.83,2.12,3.94
R0120,Retail,Large: 250 employees or more,Less than 3 years,250 or more,Commercial area,Paper and cardboard,Under development,Operations department,3,2,2,3,3,2,3,,3,3,4,2,3,3,3,2,3,3,4,3,2,3,4,4,4,3,3,3,3,2,2,3,3,2,3,3,2,4,4,5,4,4,3,3,2,3,4,3,3,3,3,2,3,3,2,2,4,5,2,3,2,4,2.5,3.0,2.83,3.33,3.0,2.67,3.83,3.0,2.83,3.0,3.0
R0121,Manufacturing,Small: 10-49 employees,3-5 years,50-99,Commercial area,Mixed municipal waste,No,External waste-management agency,4,3,4,3,3,3,2,3,3,3,3,3,4,4,4,3,3,4,3,2,4,2,4,3,3,5,4,4,5,4,4,4,4,4,3,2,4,3,2,4,3,4,3,4,1,3,2,3,3,3,3,2,4,3,4,2,3,4,4,3,4,2,3.33,2.83,3.67,3.0,4.17,3.5,3.33,2.67,3.0,3.25,3.28
R0122,Manufacturing,Large: 250 employees or more,Less than 3 years,250 or more,Semi-urban area,Mixed municipal waste,Yes,Operations department,4,3,4,3,5,2,3,2,3,3,2,2,2,2,3,2,2,4,3,4,3,4,4,3,4,4,4,3,4,4,3,3,3,2,3,3,4,5,4,3,4,4,4,5,5,3,4,5,4,4,,4,4,4,1,1,1,1,1,2,3,3,3.5,2.5,2.5,3.5,3.83,2.83,4.0,4.33,4.0,1.62,3.44
R0123,Information Technology,Large: 250 employees or more,Less than 3 years,250 or more,Urban area,Paper and cardboard,Yes,Facility management team,4,3,5,4,3,4,4,4,5,4,4,4,4,4,5,5,4,,2,4,4,3,3,4,3,2,3,2,1,3,4,4,3,4,4,3,3,4,3,3,3,4,3,3,3,3,2,3,3,3,4,2,4,3,1,1,2,1,3,1,1,2,3.83,4.17,4.4,3.33,2.33,3.67,3.33,2.83,3.17,1.5,3.45
R0124,Manufacturing,Large: 250 employees or more,11-20 years,100-249,Commercial area,Paper and cardboard,Yes,Environmental or sustainability department,3,5,5,4,2,4,5,5,5,5,5,5,4,5,4,4,5,5,5,4,5,5,3,4,4,4,4,5,3,4,3,3,4,3,2,4,4,3,3,4,4,,4,3,4,3,4,3,5,4,5,5,5,5,2,3,3,2,2,3,2,4,3.83,5.0,4.5,4.33,4.0,3.17,3.6,3.5,4.83,2.62,4.08
R0125,Manufacturing,Medium: 50-249 employees,11-20 years,50-99,Industrial area,Mixed municipal waste,Yes,Operations department,5,5,4,4,5,4,3,4,4,4,4,5,4,2,3,4,4,3,3,3,4,3,4,1,4,4,3,3,3,3,3,4,5,4,5,3,4,5,4,3,4,5,4,4,5,4,4,3,4,3,2,3,3,3,2,2,3,1,2,3,1,3,4.5,4.0,3.33,3.0,3.33,4.0,4.17,4.0,3.0,2.12,3.7
R0126,Manufacturing,Large: 250 employees or more,3-5 years,250 or more,Industrial area,Mixed municipal waste,Not sure,Operations department,,5,4,3,4,3,3,4,4,3,5,5,3,3,4,3,3,4,4,4,4,3,3,5,4,4,5,5,5,4,3,4,4,3,2,3,3,4,3,5,3,3,3,3,4,4,4,4,3,3,3,4,4,4,3,2,2,3,2,2,3,3,3.8,4.0,3.33,3.83,4.5,3.17,3.5,3.67,3.5,2.5,3.7
R0127,Hospitality/Services,Medium: 50-249 employees,11-20 years,50-99,Urban area,Paper and cardboard,Yes,Facility management team,4,5,5,5,4,5,4,5,5,4,5,5,4,4,3,4,3,3,,5,4,4,4,3,4,4,4,4,5,3,3,2,3,3,3,2,5,3,3,3,4,5,5,4,4,4,4,3,4,5,5,5,4,4,3,2,3,2,3,3,3,2,4.67,4.67,3.5,4.0,4.0,2.67,3.83,4.0,4.5,2.62,3.98
R0128,Healthcare,Micro: Fewer than 10 employees,3-5 years,Fewer than 10,Semi-urban area,Mixed municipal waste,No,External waste-management agency,3,4,3,3,3,4,4,4,3,4,3,3,3,2,2,3,2,2,2,2,1,2,2,3,4,3,1,4,3,3,4,3,3,3,3,2,4,3,4,3,3,3,3,4,4,3,4,3,2,3,3,2,3,3,3,5,2,3,3,4,3,4,3.33,3.5,2.33,2.0,3.0,3.0,3.33,3.5,2.67,3.38,2.96
R0129,Retail,Micro: Fewer than 10 employees,6-10 years,Fewer than 10,Urban area,Paper and cardboard,No,External waste-management agency,4,4,4,5,3,4,5,4,3,3,2,3,4,3,3,4,3,4,2,3,2,3,4,2,2,3,4,3,2,3,3,3,3,3,4,4,3,3,3,3,3,3,2,2,2,3,2,2,4,4,4,4,3,4,4,3,3,2,3,4,3,4,4.0,3.33,3.5,2.67,2.83,3.33,3.0,2.17,3.83,3.25,3.18
R0130,Hospitality/Services,Large: 250 employees or more,3-5 years,250 or more,Semi-urban area,Mixed municipal waste,Under development,Facility management team,3,2,4,3,1,3,3,3,4,3,2,3,3,4,3,3,4,3,4,,4,3,3,2,3,2,2,,3,4,4,3,4,3,2,4,2,2,2,3,3,4,3,3,3,4,3,3,5,4,4,5,4,5,4,3,4,4,3,4,4,3,2.67,3.0,3.33,3.2,2.8,3.33,2.67,3.17,4.5,3.62,3.19
R0131,Retail,Medium: 50-249 employees,Less than 3 years,100-249,Commercial area,Paper and cardboard,Under development,Operations department,2,2,3,2,4,3,4,4,4,4,4,3,3,3,4,3,4,3,3,4,5,5,5,3,2,3,4,2,3,3,3,4,5,4,4,4,3,2,3,4,2,4,4,3,3,3,4,3,3,3,3,3,2,3,3,3,2,4,3,3,2,2,2.67,3.83,3.33,4.17,2.83,4.0,3.0,3.33,2.83,2.75,3.33
R0132,Information Technology,Micro: Fewer than 10 employees,Less than 3 years,10-49,Commercial area,Plastic waste,No,External waste-management agency,4,3,4,3,2,3,3,3,3,5,2,3,2,2,4,3,3,2,3,4,2,2,4,3,2,3,3,2,4,4,3,3,3,3,3,3,2,3,3,3,3,3,4,2,3,3,3,3,3,2,2,2,3,3,2,4,3,3,3,3,3,3,3.17,3.17,2.67,3.0,3.0,3.0,2.83,3.0,2.5,3.0,2.93
R0133,Information Technology,Large: 250 employees or more,11-20 years,250 or more,Commercial area,Food or organic waste,Yes,Facility management team,3,,3,4,,4,4,4,4,5,4,5,4,3,4,5,4,5,3,3,5,4,5,5,5,3,5,5,3,4,4,4,5,5,4,4,5,4,5,4,3,3,4,3,4,2,4,3,3,4,,3,3,4,2,2,3,3,3,4,3,3,3.5,4.33,4.17,4.17,4.17,4.33,4.0,3.33,3.4,2.88,3.93
R0134,Retail,Medium: 50-249 employees,3-5 years,50-99,Urban area,Food or organic waste,Not sure,Operations department,3,3,4,3,4,4,3,3,3,2,3,3,4,3,4,3,3,3,3,4,3,3,3,3,3,3,4,4,3,3,3,3,,3,3,4,3,3,,4,4,2,4,3,3,3,2,4,2,3,2,3,3,3,3,4,3,3,3,5,3,4,3.5,2.83,3.33,3.17,3.33,3.2,3.2,3.17,2.67,3.5,3.16
R0135,Information Technology,Large: 250 employees or more,Less than 3 years,100-249,Semi-urban area,Plastic waste,No,External waste-management agency,2,2,2,2,2,2,2,2,2,2,2,2,2,2,2,2,2,2,2,2,2,2,2,2,2,2,2,2,2,2,2,2,2,2,2,2,2,2,2,2,2,2,2,,2,2,2,2,2,2,2,2,2,2,2,2,2,2,2,2,,2,2.0,2.0,2.0,2.0,2.0,2.0,2.0,2.0,2.0,2.0,2.0
R0136,Hospitality/Services,Micro: Fewer than 10 employees,6-10 years,Fewer than 10,Urban area,Mixed municipal waste,No,External waste-management agency,3,3,4,3,3,3,3,3,2,3,3,2,2,4,2,,4,4,3,2,3,3,3,2,3,2,4,5,3,5,3,3,3,2,3,3,2,3,2,3,2,3,3,4,2,2,3,3,4,3,3,4,4,3,3,3,3,2,2,2,1,1,3.17,2.67,3.2,2.67,3.67,2.83,2.5,2.83,3.5,2.12,3.0
R0137,Manufacturing,Small: 10-49 employees,6-10 years,10-49,Commercial area,Paper and cardboard,Yes,Facility management team,,3,3,3,4,3,5,4,3,3,5,4,3,3,2,3,4,4,4,4,4,4,4,4,3,5,4,2,3,3,3,3,3,3,3,3,5,5,5,4,4,5,4,4,5,4,4,3,3,3,3,2,3,4,3,4,3,4,2,2,2,3,3.2,4.0,3.17,4.0,3.33,3.0,4.67,4.0,3.0,2.88,3.6
R0138,Manufacturing,Medium: 50-249 employees,11-20 years,50-99,Industrial area,Mixed municipal waste,Yes,Facility management team,4,4,5,3,4,4,5,4,4,4,5,4,3,3,3,3,3,4,4,5,5,3,3,4,3,3,3,3,2,3,3,5,4,4,4,3,4,4,3,4,4,3,4,5,4,4,4,3,3,3,4,3,5,4,5,5,4,3,3,4,3,4,4.0,4.33,3.17,4.0,2.83,3.83,3.67,4.0,3.67,3.88,3.72
R0139,Information Technology,Small: 10-49 employees,11-20 years,10-49,Urban area,Mixed municipal waste,Yes,Facility management team,5,3,5,4,4,2,4,4,4,3,4,5,4,4,4,3,4,4,4,4,5,5,5,5,4,3,3,4,4,4,3,5,5,5,4,5,5,3,4,3,4,3,5,4,4,4,5,4,2,4,3,3,2,3,1,2,2,1,1,1,1,2,3.83,4.0,3.83,4.67,3.67,4.5,3.67,4.33,2.83,1.38,3.93
R0140,Retail,Large: 250 employees or more,11-20 years,250 or more,Commercial area,Mixed municipal waste,Yes,Environmental or sustainability department,4,5,4,4,5,4,5,4,5,4,5,5,5,4,5,5,5,5,4,4,5,4,5,5,3,4,3,3,3,3,5,5,5,4,4,4,4,4,3,3,4,3,5,5,5,5,4,4,5,4,5,4,5,4,4,3,3,2,,4,3,2,4.33,4.67,4.83,4.5,3.17,4.5,3.5,4.67,4.5,3.0,4.3
R0141,Healthcare,Medium: 50-249 employees,6-10 years,100-249,Semi-urban area,Food or organic waste,Yes,Environmental or sustainability department,5,5,5,5,4,4,4,4,4,3,4,3,2,2,4,4,3,3,3,3,3,3,2,3,3,3,3,5,4,4,3,3,4,3,5,3,5,3,3,1,3,5,4,4,4,2,3,2,3,4,2,4,3,3,2,1,2,3,1,2,1,2,4.67,3.67,3.0,2.83,3.67,3.5,3.33,3.17,3.17,1.75,3.45
R0142,Manufacturing,Medium: 50-249 employees,Less than 3 years,10-49,Industrial area,Paper and cardboard,Not sure,Operations department,3,4,4,5,3,4,2,1,2,2,2,2,3,4,3,2,3,3,3,4,3,4,4,2,2,3,3,2,3,3,4,4,3,3,4,3,4,3,4,3,4,3,3,3,1,4,4,3,2,2,3,4,3,3,3,3,2,3,2,3,3,2,3.83,1.83,3.0,3.33,2.67,3.5,3.5,3.0,2.83,2.62,3.05
R0143,Information Technology,Large: 250 employees or more,Less than 3 years,250 or more,Urban area,Paper and cardboard,No,External waste-management agency,3,3,2,2,2,3,2,2,3,2,3,3,2,3,3,2,3,4,3,2,3,4,3,3,4,3,2,3,4,3,2,3,3,3,2,3,3,2,4,3,3,3,3,2,2,4,3,3,3,2,3,2,3,3,3,4,3,3,4,4,4,4,2.5,2.5,2.83,3.0,3.17,2.67,3.0,2.83,2.67,3.62,2.8
R0144,Information Technology,Small: 10-49 employees,Less than 3 years,50-99,Urban area,Paper and cardboard,Under development,External waste-management agency,4,3,2,3,4,4,4,3,3,3,4,3,4,4,3,4,3,3,4,3,4,5,3,4,3,5,4,3,4,4,4,3,4,4,3,3,4,4,4,4,4,4,2,2,3,3,3,3,3,2,2,3,4,3,3,3,3,2,2,2,3,1,3.33,3.33,3.5,3.83,3.83,3.5,4.0,2.67,2.83,2.38,3.42
R0145,Hospitality/Services,Micro: Fewer than 10 employees,3-5 years,Fewer than 10,Semi-urban area,Plastic waste,Not sure,Operations department,3,5,4,4,5,5,3,2,2,3,2,2,3,3,3,3,4,3,3,2,3,3,4,3,4,3,2,3,4,3,3,4,4,4,3,3,2,3,2,4,3,2,3,3,2,3,4,3,4,5,3,4,3,5,3,4,4,3,4,2,,3,4.33,2.33,3.17,3.0,3.17,3.5,2.67,3.0,4.0,3.29,3.24
R0146,Retail,Small: 10-49 employees,3-5 years,10-49,Commercial area,Food or organic waste,No,Operations department,5,4,5,4,5,4,2,3,2,3,2,,4,5,4,4,5,4,4,4,4,2,5,4,3,3,3,4,3,5,4,2,2,3,4,4,4,4,5,4,3,4,4,3,4,3,3,2,3,3,4,3,5,3,2,4,3,3,3,3,4,3,4.5,2.4,4.33,3.83,3.5,3.17,4.0,3.17,3.5,3.12,3.6
R0147,Hospitality/Services,Medium: 50-249 employees,6-10 years,50-99,Semi-urban area,Food or organic waste,Not sure,External waste-management agency,3,3,3,4,2,2,2,3,3,3,3,4,2,2,3,2,2,3,3,2,3,3,1,2,3,3,3,3,4,3,5,5,4,4,3,4,2,3,3,3,3,3,3,3,4,3,3,3,3,3,4,3,3,4,3,4,3,3,4,5,4,3,2.83,3.0,2.33,2.33,3.17,4.17,2.83,3.17,3.33,3.62,3.02
R0148,Retail,Small: 10-49 employees,11-20 years,10-49,Commercial area,Mixed municipal waste,Yes,External waste-management agency,2,2,3,3,3,3,3,3,2,3,2,2,4,4,4,3,3,4,4,5,3,3,4,4,2,3,3,3,3,4,3,5,4,4,4,4,4,4,3,4,3,4,2,2,2,4,2,3,2,2,2,2,3,2,4,3,1,3,3,2,3,3,2.67,2.5,3.67,3.83,3.0,4.0,3.67,2.5,2.17,2.75,3.11
R0149,Healthcare,Medium: 50-249 employees,6-10 years,50-99,Urban area,Paper and cardboard,Under development,Operations department,4,5,5,5,,4,4,5,3,3,3,4,3,3,2,3,4,3,3,4,2,2,3,3,4,5,3,3,4,4,3,4,2,2,3,4,3,4,4,4,4,5,4,4,4,5,5,5,3,3,3,2,3,3,4,3,4,4,4,3,4,2,4.6,3.67,3.0,2.83,3.83,3.0,4.0,4.5,2.83,3.5,3.58
R0150,Healthcare,Large: 250 employees or more,11-20 years,250 or more,Semi-urban area,Plastic waste,Not sure,Environmental or sustainability department,3,3,3,3,3,2,4,4,5,5,4,4,3,4,2,3,3,4,3,3,3,4,2,2,4,4,5,5,4,3,4,5,5,5,4,5,,5,3,4,3,3,3,3,3,4,3,3,2,3,3,3,2,3,3,2,4,2,2,2,3,4,2.83,4.33,3.17,2.83,4.17,4.67,3.6,3.17,2.67,2.75,3.49
R0151,Retail,Medium: 50-249 employees,6-10 years,50-99,Urban area,Plastic waste,Under development,Facility management team,3,3,4,4,3,4,1,2,2,3,2,2,5,4,4,4,4,2,3,4,5,3,4,5,4,4,4,3,4,3,3,3,4,2,3,3,3,3,4,4,2,3,3,3,5,4,4,3,1,3,3,3,2,3,3,3,5,4,4,3,4,3,3.5,2.0,3.83,4.0,3.67,3.0,3.17,3.67,2.5,3.62,3.26
R0152,Healthcare,Micro: Fewer than 10 employees,Less than 3 years,Fewer than 10,Urban area,Paper and cardboard,No,External waste-management agency,1,3,3,4,2,2,4,3,3,4,3,4,3,4,3,3,4,2,4,4,4,3,4,4,3,2,3,4,3,4,3,2,3,3,3,2,4,3,3,3,2,2,2,3,4,3,2,3,4,2,3,4,2,3,4,3,4,3,3,3,4,2,2.5,3.5,3.17,3.83,3.17,2.67,2.83,2.83,3.0,3.25,3.06
R0153,Manufacturing,Micro: Fewer than 10 employees,Less than 3 years,Fewer than 10,Industrial area,Mixed municipal waste,No,External waste-management agency,3,3,3,3,2,3,5,4,4,2,4,4,3,3,3,3,3,3,2,5,2,2,2,3,3,3,2,3,3,2,4,2,3,3,2,2,3,4,3,3,3,5,3,5,3,4,4,3,3,5,4,4,4,4,3,4,4,3,3,3,4,4,2.83,3.83,3.0,2.67,2.67,2.67,3.5,3.67,4.0,3.5,3.2
R0154,Retail,Large: 250 employees or more,3-5 years,100-249,Commercial area,Paper and cardboard,Under development,External waste-management agency,3,3,2,3,1,4,3,2,3,3,4,4,3,3,4,4,4,5,3,2,2,3,2,2,2,3,3,4,3,4,5,4,3,4,3,4,3,3,3,3,2,2,2,3,3,4,2,2,3,4,3,3,3,3,3,2,3,3,3,1,2,4,2.67,3.17,3.83,2.33,3.17,3.83,2.67,2.67,3.17,2.62,3.06
R0155,Information Technology,Medium: 50-249 employees,6-10 years,50-99,Urban area,Mixed municipal waste,Not sure,External waste-management agency,4,4,3,3,4,3,4,3,4,4,4,3,3,3,2,4,2,3,3,3,2,3,2,2,3,3,2,5,3,2,4,3,3,4,4,4,4,4,2,5,3,4,4,5,5,5,3,4,4,3,3,5,4,5,3,3,2,3,2,2,3,3,3.5,3.67,2.83,2.5,3.0,3.67,3.67,4.33,4.0,2.62,3.46
R0156,Manufacturing,Medium: 50-249 employees,6-10 years,50-99,Industrial area,Paper and cardboard,Yes,Operations department,3,4,4,3,5,4,4,3,4,3,4,4,5,4,5,5,5,4,4,5,4,4,5,4,4,4,4,3,4,4,4,3,4,5,,4,4,,3,4,4,4,4,3,4,4,3,4,5,5,4,4,3,4,4,2,3,3,2,2,2,2,3.83,3.67,4.67,4.33,3.83,4.0,3.8,3.67,4.17,2.5,4.0
R0157,Information Technology,Small: 10-49 employees,3-5 years,10-49,Urban area,Mixed municipal waste,Not sure,External waste-management agency,4,3,4,4,3,4,3,3,2,3,3,3,3,4,4,3,3,2,4,3,4,4,4,5,3,3,3,5,3,4,3,4,4,4,3,3,3,4,5,5,4,4,3,5,4,4,5,5,5,5,5,4,4,5,3,5,4,5,3,5,4,4,3.67,2.83,3.17,4.0,3.5,3.5,4.17,4.33,4.67,4.12,3.76
R0158,Retail,Medium: 50-249 employees,6-10 years,50-99,Commercial area,Mixed municipal waste,Yes,Operations department,,5,5,5,4,5,4,5,4,3,2,3,3,4,4,4,4,4,5,5,5,5,4,5,4,3,3,4,4,3,3,4,4,4,4,4,4,4,5,3,3,4,4,4,5,3,5,4,4,4,4,3,3,4,3,2,3,1,1,2,2,3,4.8,3.5,3.83,4.83,3.5,3.83,3.83,4.17,3.67,2.12,4.0
R0159,Manufacturing,Medium: 50-249 employees,3-5 years,10-49,Semi-urban area,Paper and cardboard,Under development,Operations department,3,,3,1,4,2,3,3,3,3,3,3,5,5,4,5,5,4,3,3,3,4,4,4,3,5,3,4,3,3,3,4,5,4,4,3,3,3,3,3,3,2,3,4,4,5,4,4,4,3,3,3,3,,3,3,2,3,2,1,3,,2.6,3.0,4.67,3.5,3.5,3.83,2.83,4.0,3.2,2.43,3.46
R0160,Healthcare,Micro: Fewer than 10 employees,3-5 years,Fewer than 10,Commercial area,Mixed municipal waste,No,External waste-management agency,3,3,2,3,3,2,3,2,3,2,4,1,3,3,3,2,3,3,3,2,2,3,3,2,2,1,2,2,2,3,2,2,1,1,2,2,4,3,4,4,4,4,4,2,2,4,4,4,3,2,2,1,2,2,4,3,3,2,3,3,3,3,2.67,2.5,2.83,2.5,2.0,1.67,3.83,3.33,2.0,3.0,2.59
R0161,Manufacturing,Micro: Fewer than 10 employees,3-5 years,Fewer than 10,Urban area,Food or organic waste,No,External waste-management agency,2,5,3,3,3,3,3,3,4,1,3,4,4,4,4,4,4,4,4,4,2,2,4,2,2,3,2,3,4,,2,3,2,3,3,2,4,3,3,4,4,2,3,2,3,3,3,3,3,2,3,3,3,3,4,5,3,2,3,3,3,3,3.17,3.0,4.0,3.0,2.8,2.5,3.33,2.83,2.83,3.25,3.05
R0162,Hospitality/Services,Small: 10-49 employees,6-10 years,10-49,Urban area,Food or organic waste,No,Facility management team,3,4,5,4,3,3,2,3,3,4,2,3,4,4,4,3,4,4,4,3,3,3,3,3,2,2,2,3,2,2,3,4,4,4,4,3,4,2,4,4,3,2,4,4,3,3,3,3,2,3,2,2,3,3,2,2,5,2,4,4,3,3,3.67,2.83,3.83,3.17,2.17,3.67,3.17,3.33,2.5,3.12,3.15
R0163,Hospitality/Services,Large: 250 employees or more,11-20 years,100-249,Commercial area,Paper and cardboard,Yes,Facility management team,5,4,4,4,4,3,4,3,4,4,4,3,4,3,5,4,5,4,5,5,5,5,5,5,5,4,4,4,5,4,4,5,5,5,5,5,5,4,4,4,4,4,4,4,4,4,5,5,5,5,5,5,5,5,3,2,3,2,1,2,3,3,4.0,3.67,4.17,5.0,4.33,4.83,4.17,4.33,5.0,2.38,4.39
R0164,Retail,Medium: 50-249 employees,6-10 years,50-99,Urban area,Paper and cardboard,Not sure,External waste-management agency,3,3,2,2,2,2,3,3,2,2,3,2,4,4,4,4,3,3,3,4,4,3,3,4,3,3,4,4,4,3,3,3,4,4,4,4,3,3,4,4,4,3,3,2,3,2,3,2,3,1,2,3,2,2,2,2,3,3,3,3,2,2,2.33,2.5,3.67,3.5,3.5,3.67,3.5,2.5,2.17,2.5,3.04
R0165,Retail,Small: 10-49 employees,3-5 years,Fewer than 10,Semi-urban area,Paper and cardboard,Under development,Operations department,3,2,3,3,3,4,,4,4,4,5,4,3,3,3,4,4,3,3,4,4,3,4,5,4,4,5,4,,4,3,4,3,4,3,4,3,2,3,3,3,3,5,5,4,5,4,4,3,5,3,5,4,5,2,2,3,3,3,2,2,3,3.0,4.2,3.33,3.83,4.2,3.5,2.83,4.5,4.17,2.5,3.73
R0166,Manufacturing,Small: 10-49 employees,Less than 3 years,10-49,Industrial area,Paper and cardboard,Not sure,Operations department,2,3,4,2,3,4,3,4,2,3,2,3,3,2,2,2,3,3,2,4,3,4,3,3,4,4,5,3,4,5,3,3,4,4,4,3,4,5,4,5,3,4,4,2,2,3,4,2,5,5,4,2,4,4,3,4,3,3,4,3,5,2,3.0,2.83,2.5,3.17,4.17,3.5,4.17,2.83,4.0,3.38,3.35
R0167,Information Technology,Large: 250 employees or more,3-5 years,250 or more,Urban area,Mixed municipal waste,Yes,Facility management team,5,4,4,3,4,4,3,3,3,4,3,3,4,3,4,4,5,3,3,4,3,3,4,4,4,4,5,4,4,4,5,5,5,5,4,5,4,3,4,3,4,5,5,4,4,4,4,5,3,3,4,3,3,4,,2,4,2,3,3,3,3,4.0,3.17,3.83,3.5,4.17,4.83,3.83,4.33,3.33,2.86,3.89
R0168,Manufacturing,Medium: 50-249 employees,6-10 years,100-249,Industrial area,Paper and cardboard,Under development,Facility management team,3,4,4,4,4,3,2,4,3,4,3,3,3,3,3,4,4,4,3,4,4,2,3,3,5,3,4,4,3,4,3,3,3,4,4,4,4,3,4,3,5,4,3,4,3,3,3,4,4,4,3,4,4,4,3,3,3,3,3,2,3,3,3.67,3.17,3.5,3.17,3.83,3.5,3.83,3.33,3.83,2.88,3.54
R0169,Hospitality/Services,Medium: 50-249 employees,11-20 years,100-249,Semi-urban area,Mixed municipal waste,Under development,External waste-management agency,3,4,4,4,3,3,3,3,4,3,3,3,5,5,5,5,5,4,2,3,2,3,3,3,4,2,4,3,4,4,3,4,3,3,3,3,3,4,4,3,4,2,2,3,1,3,2,2,4,3,3,4,3,2,2,3,2,3,2,3,2,3,3.5,3.17,4.83,2.67,3.5,3.17,3.33,2.17,3.17,2.5,3.28
R0170,Hospitality/Services,Small: 10-49 employees,3-5 years,Fewer than 10,Industrial area,Mixed municipal waste,No,External waste-management agency,5,3,3,4,4,4,4,5,3,4,3,4,2,3,2,3,3,3,4,4,3,5,2,4,4,5,4,3,5,4,3,4,2,3,,3,4,3,3,,3,2,5,4,5,3,4,4,3,3,3,3,3,4,2,2,2,2,2,2,1,2,3.83,3.83,2.67,3.67,4.17,3.0,3.0,4.17,3.17,1.88,3.5
R0171,Manufacturing,Micro: Fewer than 10 employees,Less than 3 years,Fewer than 10,Commercial area,Paper and cardboard,Yes,Operations department,,3,4,3,4,5,3,3,4,4,4,3,4,4,3,3,3,3,4,3,3,4,4,5,2,4,4,3,4,4,2,2,3,4,2,3,3,3,3,3,2,3,3,4,3,4,3,4,4,4,2,3,2,2,3,4,3,3,4,4,4,,3.8,3.5,3.33,3.83,3.5,2.67,2.83,3.5,2.83,3.57,3.31
R0172,Healthcare,Medium: 50-249 employees,6-10 years,50-99,Urban area,Plastic waste,Under development,External waste-management agency,3,,3,3,4,3,4,4,3,4,3,4,3,3,3,2,2,2,3,2,3,3,3,3,4,2,3,4,3,3,3,4,3,4,3,5,3,4,3,3,3,3,3,3,2,3,3,4,4,4,5,3,2,3,1,4,2,2,3,3,3,2,3.2,3.67,2.5,2.83,3.17,3.67,3.17,3.0,3.5,2.5,3.19
R0173,Retail,Large: 250 employees or more,6-10 years,100-249,Commercial area,Mixed municipal waste,Not sure,Facility management team,2,3,3,3,2,3,4,4,3,4,3,4,2,1,1,1,2,4,5,3,4,5,3,3,3,4,2,3,2,2,3,3,3,2,4,4,3,4,5,5,4,4,4,4,5,4,5,4,3,3,2,2,4,3,4,3,,3,5,4,3,4,2.67,3.67,1.83,3.83,2.67,3.17,4.17,4.33,2.83,3.71,3.24
R0174,Healthcare,Micro: Fewer than 10 employees,Less than 3 years,10-49,Urban area,Paper and cardboard,No,External waste-management agency,3,4,4,3,4,3,3,4,3,5,4,3,2,3,3,4,3,3,3,3,3,3,3,4,3,3,3,2,4,3,3,3,2,3,3,4,5,3,4,4,4,2,3,3,2,2,2,3,3,3,4,4,4,,3,4,3,3,3,3,2,4,3.5,3.67,3.0,3.17,3.0,3.0,3.67,2.5,3.6,3.12,3.23
R0175,Manufacturing,Micro: Fewer than 10 employees,Less than 3 years,Fewer than 10,Commercial area,Mixed municipal waste,No,External waste-management agency,2,4,3,3,2,3,3,4,3,4,3,4,3,3,3,4,4,4,3,3,4,4,3,4,2,3,4,3,3,3,3,2,3,,3,3,3,2,2,2,4,2,3,2,3,3,,3,2,3,2,2,3,3,2,3,2,2,3,3,4,5,2.83,3.5,3.5,3.5,3.0,2.8,2.5,2.8,2.5,3.0,2.99
R0176,Information Technology,Small: 10-49 employees,Less than 3 years,50-99,Urban area,Mixed municipal waste,Under development,External waste-management agency,3,3,3,4,4,4,4,3,3,3,4,3,5,3,3,4,4,4,4,3,3,3,3,4,3,3,4,4,4,4,4,2,4,3,4,3,4,5,4,4,5,4,4,2,4,3,3,2,4,4,4,4,4,4,3,3,3,2,3,3,3,3,3.5,3.33,3.83,3.33,3.67,3.33,4.33,3.0,4.0,2.88,3.59
R0177,Manufacturing,Large: 250 employees or more,6-10 years,250 or more,Semi-urban area,Paper and cardboard,Yes,Environmental or sustainability department,4,3,5,4,3,3,3,3,4,4,3,2,4,5,5,5,5,5,3,3,3,3,4,4,4,3,4,3,4,4,5,4,4,5,5,5,5,4,3,2,3,3,4,4,,5,5,5,3,4,3,3,4,3,2,3,3,4,2,3,4,2,3.67,3.17,4.83,3.33,3.67,4.67,3.33,4.6,3.33,2.88,3.84
R0178,Information Technology,Small: 10-49 employees,11-20 years,10-49,Commercial area,Mixed municipal waste,Not sure,Facility management team,2,3,3,3,4,4,3,4,3,2,3,3,3,4,4,4,2,4,3,4,3,4,3,3,3,3,5,4,3,4,5,4,3,5,5,4,3,4,4,5,4,3,3,4,4,4,5,4,3,5,5,4,4,4,2,2,4,3,2,2,3,3,3.17,3.0,3.5,3.33,3.67,4.33,3.83,4.0,4.17,2.62,3.67
R0179,Retail,Medium: 50-249 employees,6-10 years,50-99,Commercial area,Food or organic waste,Under development,Operations department,4,2,2,2,4,3,4,4,4,5,5,4,3,4,4,5,5,3,4,4,4,4,4,4,4,5,3,4,4,5,4,4,4,3,4,4,2,4,3,3,2,3,3,4,3,3,3,4,4,4,4,4,3,3,4,4,5,,4,3,4,3,2.83,4.33,4.0,4.0,4.17,3.83,2.83,3.33,3.67,3.86,3.67
R0180,Healthcare,Medium: 50-249 employees,3-5 years,100-249,Semi-urban area,Mixed municipal waste,No,Facility management team,4,3,4,4,3,4,4,4,4,3,3,5,3,4,4,4,3,4,3,3,3,3,3,4,4,3,3,3,3,4,3,3,3,2,3,3,3,4,4,4,5,4,4,4,3,4,2,3,4,3,4,4,4,4,3,3,2,3,3,2,3,2,3.67,3.83,3.67,3.17,3.33,2.83,4.0,3.33,3.83,2.62,3.52
R0181,Hospitality/Services,Large: 250 employees or more,11-20 years,250 or more,Semi-urban area,Food or organic waste,Yes,Facility management team,4,4,4,4,4,4,4,4,4,4,4,4,4,4,4,4,,4,4,4,4,4,4,4,4,4,4,4,4,4,4,4,4,4,4,4,4,4,4,4,4,4,4,4,4,4,4,4,4,4,4,4,4,4,4,4,4,4,4,4,4,,4.0,4.0,4.0,4.0,4.0,4.0,4.0,4.0,4.0,4.0,4.0
R0182,Information Technology,Large: 250 employees or more,3-5 years,250 or more,Semi-urban area,Mixed municipal waste,Under development,Facility management team,3,3,3,3,3,3,3,3,3,3,3,2,2,2,3,3,4,3,4,4,4,5,3,3,5,4,4,3,4,4,3,4,3,2,3,3,3,4,3,3,2,3,4,4,3,3,3,,4,4,4,5,4,4,3,3,3,3,3,4,3,3,3.0,2.83,2.83,3.83,4.0,3.0,3.0,3.4,4.17,3.12,3.34
R0183,Healthcare,Medium: 50-249 employees,11-20 years,50-99,Urban area,Plastic waste,Under development,External waste-management agency,4,3,5,4,3,3,3,3,2,3,3,3,2,3,3,4,2,3,4,3,4,2,2,2,3,4,3,4,3,4,3,3,3,4,3,3,4,3,5,4,4,4,3,4,4,3,4,4,4,3,2,4,3,3,3,2,4,1,2,3,2,1,3.67,2.83,2.83,2.83,3.5,3.17,4.0,3.67,3.17,2.25,3.3
R0184,Retail,Small: 10-49 employees,11-20 years,10-49,Commercial area,Mixed municipal waste,Not sure,Facility management team,4,4,2,4,4,3,3,4,3,3,4,3,4,4,3,5,5,5,5,3,5,5,4,5,4,4,4,4,5,4,4,5,5,5,4,4,5,5,4,2,4,3,4,4,4,4,4,4,3,4,3,5,3,5,2,2,3,,2,3,3,2,3.5,3.33,4.33,4.5,4.17,4.5,3.83,4.0,3.83,2.43,4.0
R0185,Retail,Small: 10-49 employees,6-10 years,10-49,Semi-urban area,Paper and cardboard,Not sure,Environmental or sustainability department,2,4,3,,3,2,5,4,4,3,3,3,4,5,4,4,5,4,2,3,3,4,3,3,2,3,4,4,2,4,,3,3,3,3,3,3,5,4,4,4,4,3,3,3,2,3,2,4,4,4,4,5,4,3,3,4,4,3,4,4,4,2.8,3.67,4.33,3.0,3.17,3.0,4.0,2.67,4.17,3.62,3.42
R0186,Retail,Large: 250 employees or more,3-5 years,100-249,Commercial area,Mixed municipal waste,Yes,Facility management team,4,3,3,3,2,4,4,4,4,3,4,4,4,4,4,5,5,5,3,4,4,,4,4,4,3,4,4,4,3,3,4,4,4,4,5,4,4,5,4,4,4,4,3,5,3,4,4,4,4,3,4,3,4,4,3,4,4,3,,3,4,3.17,3.83,4.5,3.8,3.67,4.0,4.17,3.83,3.67,3.57,3.85
R0187,Hospitality/Services,Small: 10-49 employees,11-20 years,10-49,Semi-urban area,Mixed municipal waste,Yes,External waste-management agency,3,4,4,3,4,4,3,3,4,3,4,4,4,3,4,4,4,4,5,4,3,4,2,3,4,4,4,5,4,4,4,3,3,3,2,2,3,4,3,4,4,2,3,4,3,4,3,2,4,4,4,3,4,3,4,3,3,3,4,3,3,3,3.67,3.5,3.83,3.5,4.17,2.83,3.33,3.17,3.67,3.25,3.52
R0188,Manufacturing,Micro: Fewer than 10 employees,3-5 years,Fewer than 10,Industrial area,Food or organic waste,Not sure,External waste-management agency,4,3,3,3,4,2,4,4,4,4,4,4,3,2,2,2,3,4,2,1,2,2,2,2,3,3,4,2,4,2,3,4,3,3,3,2,3,2,3,4,4,3,3,3,2,3,4,3,4,4,3,4,,3,3,3,3,3,3,3,3,5,3.17,4.0,2.67,1.83,3.0,3.0,3.17,3.0,3.6,3.25,3.05
R0189,Retail,Micro: Fewer than 10 employees,Less than 3 years,Fewer than 10,Urban area,Paper and cardboard,Not sure,External waste-management agency,3,3,3,4,4,3,3,3,3,3,3,3,4,3,3,4,3,4,2,3,4,2,3,3,1,3,3,3,4,2,3,2,3,2,3,3,4,3,3,3,2,2,3,3,3,3,3,3,4,4,3,4,4,3,4,4,3,4,5,5,4,4,3.33,3.0,3.5,2.83,2.67,2.67,2.83,3.0,3.67,4.12,3.06
R0190,Information Technology,Medium: 50-249 employees,11-20 years,50-99,Commercial area,Food or organic waste,Yes,Facility management team,5,5,5,4,4,5,5,3,5,4,4,4,4,2,3,3,3,2,5,4,5,3,4,4,4,5,5,4,5,4,3,4,4,4,5,4,3,5,5,5,4,4,5,4,5,4,5,5,2,2,4,3,3,4,1,2,1,4,2,3,,3,4.67,4.17,2.83,4.17,4.5,4.0,4.33,4.67,3.0,2.29,4.04
R0191,Retail,Medium: 50-249 employees,11-20 years,100-249,Semi-urban area,Plastic waste,Under development,Environmental or sustainability department,3,5,5,5,3,4,4,4,3,3,3,3,4,4,5,5,5,4,5,3,4,4,4,4,4,4,4,4,4,4,3,3,3,4,4,4,2,4,5,5,4,4,5,4,4,4,5,5,2,2,3,3,2,3,2,3,5,3,2,1,3,2,4.17,3.33,4.5,4.0,4.0,3.5,4.0,4.5,2.5,2.62,3.83
R0192,Information Technology,Small: 10-49 employees,11-20 years,10-49,Urban area,Paper and cardboard,Under development,External waste-management agency,2,4,2,4,2,3,2,3,3,3,3,2,2,3,4,3,3,3,5,,3,4,3,3,3,5,2,4,3,,2,2,2,3,3,3,3,4,4,3,3,3,3,5,4,3,4,4,5,4,4,4,4,4,4,4,3,3,3,3,3,2,2.83,2.67,3.0,3.6,3.4,2.5,3.33,3.83,4.17,3.12,3.26
R0193,Manufacturing,Large: 250 employees or more,Less than 3 years,250 or more,Industrial area,Plastic waste,No,Facility management team,3,2,2,3,3,4,4,5,4,5,3,5,4,4,2,3,4,3,3,3,3,3,3,3,3,4,5,4,3,3,4,3,2,2,2,3,2,3,3,2,3,2,3,3,3,4,3,3,4,4,4,4,3,5,3,3,2,2,2,2,3,2,2.83,4.33,3.33,3.0,3.67,2.67,2.5,3.17,4.0,2.38,3.28
R0194,Manufacturing,Large: 250 employees or more,11-20 years,250 or more,Semi-urban area,Plastic waste,Under development,Operations department,5,4,4,4,3,4,3,3,4,2,3,4,4,4,5,4,4,4,5,4,4,4,4,4,4,3,4,4,4,4,4,5,5,4,4,4,4,3,,2,5,4,4,4,3,5,4,4,3,3,4,2,3,3,4,3,3,3,2,1,3,2,4.0,3.17,4.17,4.17,3.83,4.33,3.6,4.0,3.0,2.62,3.81
R0195,Healthcare,Large: 250 employees or more,Less than 3 years,250 or more,Semi-urban area,Paper and cardboard,No,Operations department,4,4,3,3,4,3,3,3,3,3,3,2,4,2,2,3,3,3,4,4,3,3,4,3,3,2,2,3,2,2,3,3,2,1,3,,3,2,2,3,3,2,3,3,5,4,3,5,3,5,3,4,3,4,4,3,4,5,3,5,5,5,3.5,2.83,2.83,3.5,2.33,2.4,2.5,3.83,3.67,4.25,3.04
R0196,Retail,Small: 10-49 employees,6-10 years,Fewer than 10,Commercial area,Mixed municipal waste,Not sure,External waste-management agency,3,2,3,2,3,2,3,3,2,2,3,2,3,3,3,2,3,2,3,5,,4,4,3,2,4,3,3,2,3,3,3,2,1,3,5,3,3,3,3,2,3,3,4,1,3,2,2,2,2,2,2,3,3,3,4,2,3,4,4,4,2,2.5,2.5,2.67,3.8,2.83,2.83,2.83,2.5,2.33,3.25,2.75
R0197,Hospitality/Services,Medium: 50-249 employees,6-10 years,50-99,Urban area,Mixed municipal waste,Under development,Environmental or sustainability department,5,4,5,5,5,5,3,3,3,3,4,2,5,4,4,5,3,3,3,3,2,3,4,3,4,3,3,4,3,2,3,3,3,3,4,4,4,4,4,3,3,4,3,3,3,3,4,4,4,3,3,4,3,3,3,3,3,4,3,3,4,4,4.83,3.0,4.0,3.0,3.17,3.33,3.67,3.33,3.33,3.38,3.52
R0198,Retail,Small: 10-49 employees,6-10 years,50-99,Commercial area,Plastic waste,Not sure,Operations department,2,2,3,2,3,4,2,3,3,3,3,4,2,3,3,2,3,5,2,2,2,,3,2,4,3,4,,4,4,4,3,3,4,3,4,4,3,3,3,4,3,3,3,4,4,2,4,5,3,4,3,4,5,3,4,4,3,3,3,2,4,2.67,3.0,3.0,2.2,3.8,3.5,3.33,3.33,4.0,3.25,3.2
R0199,Manufacturing,Medium: 50-249 employees,3-5 years,100-249,Industrial area,Plastic waste,Not sure,Environmental or sustainability department,4,3,3,3,3,4,3,3,3,3,2,2,3,4,3,3,3,3,4,4,3,2,3,3,4,,4,3,4,4,3,4,4,4,4,4,4,4,3,5,4,4,5,3,5,4,5,5,3,3,3,3,3,3,2,1,2,3,3,2,2,3,3.33,2.67,3.17,3.17,3.8,3.83,4.0,4.5,3.0,2.25,3.5
R0200,Retail,Medium: 50-249 employees,3-5 years,100-249,Commercial area,Food or organic waste,No,Facility management team,4,4,4,4,4,4,4,4,4,4,,4,4,4,4,4,4,4,4,4,4,4,4,4,4,,4,4,4,4,4,4,4,4,4,4,4,4,4,4,4,4,4,4,4,4,4,4,4,4,4,4,4,,4,4,4,4,4,4,4,4,4.0,4.0,4.0,4.0,4.0,4.0,4.0,4.0,4.0,4.0,4.0
R0201,Retail,Large: 250 employees or more,3-5 years,100-249,Semi-urban area,Mixed municipal waste,Not sure,Environmental or sustainability department,3,3,3,3,3,3,4,4,3,4,4,4,3,2,2,3,3,3,4,3,3,4,4,3,3,4,4,3,4,3,4,4,4,5,4,3,2,4,3,3,2,3,3,5,5,4,5,5,4,4,3,4,4,3,2,3,3,3,3,4,4,3,3.0,3.83,2.67,3.5,3.5,4.0,2.83,4.5,3.67,3.12,3.5
R0202,Healthcare,Medium: 50-249 employees,11-20 years,100-249,Urban area,Mixed municipal waste,Under development,Facility management team,4,4,4,5,5,4,4,4,4,5,5,4,3,3,3,3,3,3,,2,4,2,3,3,4,4,4,,3,4,5,5,5,4,5,4,5,4,3,4,4,3,5,5,4,5,5,5,4,4,4,4,5,4,2,3,3,3,3,2,2,3,4.33,4.33,3.0,2.8,3.8,4.67,3.83,4.83,4.17,2.62,3.97
R0203,Manufacturing,Large: 250 employees or more,11-20 years,100-249,Industrial area,Plastic waste,No,Facility management team,3,4,3,4,3,2,2,3,3,3,2,3,4,4,3,3,3,5,5,5,4,4,3,4,3,3,4,3,4,2,3,2,3,3,3,3,3,4,3,4,3,3,4,5,4,3,4,4,4,2,3,4,3,3,3,4,5,3,3,3,3,3,3.17,2.67,3.67,4.17,3.17,2.83,3.33,4.0,3.17,3.38,3.35
R0204,Healthcare,Medium: 50-249 employees,6-10 years,50-99,Urban area,Paper and cardboard,Under development,Environmental or sustainability department,4,4,3,3,4,4,4,3,3,3,3,3,4,3,4,5,3,4,5,4,3,4,4,4,5,2,4,3,5,5,3,4,2,3,3,3,3,3,3,2,4,3,4,3,3,4,4,3,3,4,3,2,3,3,2,3,3,3,3,2,2,2,3.67,3.17,3.83,4.0,4.0,3.0,3.0,3.5,3.0,2.5,3.46
R0205,Hospitality/Services,Micro: Fewer than 10 employees,Less than 3 years,Fewer than 10,Urban area,Food or organic waste,No,External waste-management agency,3,3,3,3,2,3,3,4,3,4,3,3,2,2,3,2,2,2,3,3,2,2,3,2,4,3,2,3,3,2,2,2,3,3,2,3,2,2,3,3,3,2,2,4,4,3,3,3,2,1,1,2,1,2,4,4,3,4,3,3,3,4,2.83,3.33,2.17,2.5,2.83,2.5,2.5,3.17,1.5,3.5,2.59
R0206,Retail,Medium: 50-249 employees,6-10 years,10-49,Semi-urban area,Mixed municipal waste,Under development,Facility management team,3,4,3,4,4,5,2,3,3,3,3,3,3,2,4,4,4,,4,4,4,4,4,4,3,4,4,5,5,5,3,3,2,2,3,3,4,4,4,3,4,4,3,2,3,3,4,3,3,3,4,4,3,3,2,4,4,,4,4,4,3,3.83,2.83,3.4,4.0,4.33,2.67,3.83,3.0,3.33,3.57,3.47
R0207,Healthcare,Medium: 50-249 employees,3-5 years,50-99,Urban area,Mixed municipal waste,Not sure,External waste-management agency,4,4,3,5,3,,3,3,3,2,3,1,3,4,4,4,2,3,3,2,3,2,4,2,3,3,2,3,3,3,3,4,3,2,3,2,4,5,4,4,4,3,3,3,3,3,5,3,4,2,4,3,3,4,3,2,3,2,4,3,2,2,3.8,2.5,3.33,2.67,2.83,2.83,4.0,3.33,3.33,2.62,3.18
R0208,Manufacturing,Micro: Fewer than 10 employees,Less than 3 years,Fewer than 10,Commercial area,Mixed municipal waste,No,External waste-management agency,3,3,2,2,4,4,2,3,2,4,2,3,3,3,4,4,3,3,3,3,4,5,2,3,3,2,3,5,4,3,2,5,4,5,3,4,3,3,2,2,3,3,3,4,4,2,3,3,3,3,3,3,2,3,2,4,4,2,4,4,3,3,3.0,2.67,3.33,3.33,3.33,3.83,2.67,3.17,2.83,3.25,3.13
R0209,Information Technology,Small: 10-49 employees,Less than 3 years,10-49,Urban area,Paper and cardboard,No,Operations department,2,2,2,3,2,4,4,3,3,4,3,3,3,3,4,4,4,2,4,4,4,4,4,3,2,2,3,3,3,4,3,4,5,3,3,3,3,2,3,4,3,4,3,4,3,3,3,3,3,3,2,3,3,3,4,3,3,4,2,3,3,5,2.5,3.33,3.33,3.83,2.83,3.5,3.17,3.17,2.83,3.38,3.17
R0210,Manufacturing,Micro: Fewer than 10 employees,Less than 3 years,Fewer than 10,Semi-urban area,Mixed municipal waste,Yes,Operations department,3,3,3,2,1,4,3,3,5,3,4,4,3,3,4,3,3,4,4,5,4,3,5,4,4,,4,4,4,3,3,5,3,3,4,3,3,4,4,4,3,3,2,4,3,4,4,3,3,3,4,4,3,3,2,3,3,4,3,2,3,4,2.67,3.67,3.33,4.17,3.8,3.5,3.5,3.33,3.33,3.0,3.48
R0211,Healthcare,Small: 10-49 employees,Less than 3 years,10-49,Urban area,Mixed municipal waste,Not sure,Operations department,4,4,5,5,5,4,4,2,4,2,3,3,4,3,4,3,3,4,3,5,4,3,4,3,4,4,5,4,3,4,3,3,4,,3,4,3,4,3,4,4,3,4,4,5,4,4,5,3,3,3,4,4,4,1,2,2,1,2,3,1,1,4.5,3.0,3.5,3.67,4.0,3.4,3.5,4.33,3.5,1.62,3.71
R0212,Retail,Medium: 50-249 employees,6-10 years,100-249,Commercial area,Paper and cardboard,No,External waste-management agency,4,4,4,4,4,4,3,3,3,3,2,3,4,3,4,4,3,3,5,4,3,3,3,3,4,4,4,4,3,4,3,2,3,4,3,3,4,3,3,2,2,3,2,4,3,2,3,4,4,3,3,3,3,3,3,4,4,3,4,5,4,4,4.0,2.83,3.5,3.5,3.83,3.0,2.83,3.0,3.17,3.88,3.3
R0213,Manufacturing,Small: 10-49 employees,6-10 years,10-49,Industrial area,Mixed municipal waste,Under development,External waste-management agency,3,4,4,4,4,3,3,3,3,2,4,4,4,3,4,3,4,4,4,4,4,3,5,3,4,4,4,3,3,4,3,3,5,4,4,3,3,3,3,4,3,4,3,2,2,3,2,3,5,5,4,,4,4,2,2,2,3,2,3,2,3,3.67,3.17,3.67,3.83,3.67,3.67,3.33,2.5,4.4,2.38,3.55
R0214,Retail,Micro: Fewer than 10 employees,3-5 years,Fewer than 10,Urban area,Paper and cardboard,Under development,Operations department,4,4,3,3,2,3,2,3,3,5,2,2,3,4,4,4,4,4,4,5,4,4,3,3,3,3,4,3,,3,3,2,3,3,3,3,4,3,3,4,3,2,3,,2,3,2,3,3,3,3,2,3,3,4,4,3,3,4,4,4,5,3.17,2.83,3.83,3.83,3.2,2.83,3.17,2.6,2.83,3.88,3.14
R0215,Manufacturing,Medium: 50-249 employees,Less than 3 years,100-249,Industrial area,Mixed municipal waste,Not sure,External waste-management agency,4,4,4,4,4,4,4,4,4,4,4,4,4,4,4,4,4,4,4,4,4,4,4,4,4,4,4,4,4,4,4,4,4,4,4,4,4,4,4,4,4,4,4,4,4,4,4,4,4,4,4,4,4,4,4,4,4,4,4,4,4,4,4.0,4.0,4.0,4.0,4.0,4.0,4.0,4.0,4.0,4.0,4.0
R0216,Information Technology,Medium: 50-249 employees,Less than 3 years,100-249,Urban area,Food or organic waste,Under development,Environmental or sustainability department,2,2,2,2,2,2,2,2,,2,2,2,2,2,2,2,2,2,2,2,2,2,2,2,2,2,2,2,2,2,2,2,2,2,2,2,2,2,2,2,2,2,2,2,2,2,2,2,2,2,2,2,2,2,2,2,2,2,2,2,2,2,2.0,2.0,2.0,2.0,2.0,2.0,2.0,2.0,2.0,2.0,2.0
R0217,Manufacturing,Small: 10-49 employees,6-10 years,10-49,Industrial area,Mixed municipal waste,Under development,Facility management team,4,3,4,4,3,2,3,3,3,3,4,3,4,4,4,4,3,4,3,4,3,4,2,3,4,4,3,5,4,4,4,4,4,4,4,5,5,4,4,5,4,3,2,3,2,3,3,3,5,3,4,4,4,2,3,1,3,1,3,3,3,3,3.33,3.17,3.83,3.17,4.0,4.17,4.17,2.67,3.67,2.5,3.58
R0218,Hospitality/Services,Large: 250 employees or more,11-20 years,250 or more,Industrial area,Mixed municipal waste,Yes,Facility management team,5,3,4,4,4,5,4,2,4,3,4,4,3,3,3,3,3,4,3,3,3,4,4,4,5,3,3,4,4,3,4,3,4,4,4,4,2,3,3,3,5,3,3,3,2,4,3,3,5,5,4,4,4,5,3,2,3,3,3,3,3,3,4.17,3.5,3.17,3.5,3.67,3.83,3.17,3.0,4.5,2.88,3.61
R0219,Retail,Micro: Fewer than 10 employees,3-5 years,Fewer than 10,Commercial area,Mixed municipal waste,Not sure,Facility management team,2,4,3,3,4,3,2,3,3,2,3,4,3,4,4,5,3,3,4,4,3,4,4,4,4,4,3,3,5,2,3,3,2,4,3,4,4,4,3,4,4,3,4,4,4,4,5,4,3,3,4,3,4,4,4,4,2,2,2,4,3,3,3.17,2.83,3.67,3.83,3.5,3.17,3.67,4.17,3.5,3.0,3.5
R0220,Manufacturing,Micro: Fewer than 10 employees,6-10 years,Fewer than 10,Semi-urban area,Mixed municipal waste,No,External waste-management agency,,3,,2,4,4,3,2,3,4,2,2,3,3,2,3,3,1,2,2,3,3,4,3,4,2,3,4,4,4,2,3,3,3,4,3,3,4,4,5,4,4,3,2,3,4,4,3,4,4,2,4,3,3,2,3,4,4,4,4,3,5,3.25,2.67,2.5,2.83,3.5,3.0,4.0,3.17,3.33,3.62,3.14
R0221,Retail,Medium: 50-249 employees,3-5 years,50-99,Commercial area,Plastic waste,Under development,Environmental or sustainability department,2,2,2,2,2,2,2,2,2,2,2,2,2,2,2,2,2,2,2,2,2,2,2,2,2,2,2,2,2,2,2,2,2,2,2,2,2,2,2,2,2,2,2,2,2,2,2,2,2,2,2,2,2,2,2,2,2,2,2,2,2,2,2.0,2.0,2.0,2.0,2.0,2.0,2.0,2.0,2.0,2.0,2.0
R0222,Manufacturing,Large: 250 employees or more,6-10 years,250 or more,Semi-urban area,Plastic waste,Yes,Facility management team,3,4,5,4,3,5,4,5,4,3,5,4,4,3,4,3,3,4,3,4,2,3,4,3,3,3,3,3,4,4,5,4,3,4,3,3,3,2,4,2,4,4,5,3,3,4,5,5,4,4,4,3,4,3,2,4,2,2,3,3,3,4,4.0,4.17,3.5,3.17,3.33,3.67,3.17,4.17,3.67,2.88,3.65
R0223,Information Technology,Large: 250 employees or more,11-20 years,100-249,Commercial area,Paper and cardboard,No,External waste-management agency,3,4,3,3,5,4,3,3,2,3,2,2,3,3,3,4,4,2,5,5,4,3,4,5,5,3,3,4,3,3,3,3,4,3,2,3,5,3,5,5,3,5,4,3,2,3,3,2,4,3,4,4,4,3,3,4,3,3,3,5,4,4,3.67,2.5,3.17,4.33,3.5,3.0,4.33,2.83,3.67,3.62,3.44
R0224,Manufacturing,Micro: Fewer than 10 employees,Less than 3 years,10-49,Commercial area,Mixed municipal waste,No,Operations department,1,1,2,2,2,1,3,4,3,3,4,4,3,1,2,3,2,2,2,2,2,2,3,3,3,3,3,2,3,1,3,4,4,4,3,4,3,3,2,2,2,3,3,2,3,2,2,4,3,2,2,2,2,3,3,3,3,3,3,2,4,3,1.5,3.5,2.17,2.33,2.5,3.67,2.5,2.67,2.33,3.0,2.57
R0225,Information Technology,Large: 250 employees or more,3-5 years,250 or more,Urban area,Paper and cardboard,Not sure,Facility management team,4,4,3,4,3,3,4,3,4,4,4,4,5,4,5,5,5,5,4,4,5,3,5,2,4,2,4,4,4,4,3,4,4,5,3,5,3,3,4,4,3,3,4,5,3,5,3,4,4,3,3,4,4,3,5,5,4,4,5,4,3,3,3.5,3.83,4.83,3.83,3.67,4.0,3.33,4.0,3.5,4.12,3.83
R0226,Manufacturing,Small: 10-49 employees,11-20 years,10-49,Urban area,Paper and cardboard,No,Operations department,3,4,3,3,3,3,2,3,2,3,2,3,5,4,3,4,4,2,4,4,3,3,2,4,4,4,3,4,2,4,3,4,4,4,4,3,3,2,3,2,4,3,4,3,4,4,3,4,4,4,4,4,3,4,4,2,2,2,3,3,2,3,3.17,2.5,3.67,3.33,3.5,3.67,2.83,3.67,3.83,2.62,3.35
R0227,Manufacturing,Large: 250 employees or more,11-20 years,100-249,Urban area,Paper and cardboard,Under development,Environmental or sustainability department,4,5,5,4,4,3,4,3,3,4,4,3,4,4,4,3,3,4,4,4,3,2,5,3,4,4,4,3,4,4,4,5,5,3,5,5,3,4,5,3,3,4,5,5,5,5,4,5,4,4,3,5,4,4,1,2,2,1,2,1,1,3,4.17,3.5,3.67,3.5,3.83,4.5,3.67,4.83,4.0,1.62,3.96
R0228,Manufacturing,Medium: 50-249 employees,11-20 years,100-249,Commercial area,Plastic waste,Yes,Operations department,3,4,5,4,5,5,,4,5,4,4,4,5,4,4,4,4,4,4,4,4,3,2,3,5,5,5,5,5,5,3,5,5,5,5,5,4,4,2,5,3,3,4,4,5,5,3,4,5,4,4,4,4,4,3,1,2,2,1,1,3,2,4.33,4.2,4.17,3.33,5.0,4.67,3.5,4.17,4.17,1.88,4.17
R0229,Healthcare,Medium: 50-249 employees,Less than 3 years,50-99,Urban area,Plastic waste,No,Environmental or sustainability department,4,3,3,3,4,3,2,3,,3,2,2,3,4,3,3,2,2,3,3,4,3,3,3,3,3,3,4,3,4,2,2,3,3,3,2,3,3,2,3,3,3,3,3,3,3,5,3,3,3,,2,3,4,3,3,3,4,4,4,3,,3.33,2.4,2.83,3.17,3.33,2.5,2.83,3.33,3.0,3.43,2.97
R0230,Retail,Micro: Fewer than 10 employees,11-20 years,Fewer than 10,Commercial area,Plastic waste,No,External waste-management agency,3,3,4,3,4,3,3,4,2,2,3,3,2,2,3,3,3,3,3,5,3,5,4,3,4,3,3,3,2,3,5,3,3,3,3,4,5,4,4,2,5,4,2,3,2,5,3,4,5,4,5,4,5,4,4,4,4,5,3,3,4,4,3.33,2.83,2.67,3.83,3.0,3.5,4.0,3.17,4.5,3.88,3.43
R0231,Hospitality/Services,Large: 250 employees or more,3-5 years,250 or more,Semi-urban area,Food or organic waste,No,External waste-management agency,2,3,3,3,,2,3,2,3,3,3,3,4,5,4,4,4,4,3,3,2,3,3,3,4,2,3,1,2,2,2,3,2,3,,2,4,4,5,3,2,4,3,3,4,3,3,3,3,4,4,3,3,2,4,4,5,4,5,4,5,4,2.6,2.83,4.17,2.83,2.33,2.4,3.67,3.17,3.17,4.38,3.02
R0232,Retail,Medium: 50-249 employees,6-10 years,100-249,Commercial area,Paper and cardboard,Under development,Operations department,2,3,3,3,4,4,3,4,3,4,4,,2,4,4,4,,4,3,3,4,4,4,5,4,4,3,4,3,3,3,3,4,3,4,5,3,3,3,2,3,2,4,4,4,5,5,3,3,3,4,3,3,4,4,5,3,2,4,4,3,3,3.17,3.6,3.6,3.83,3.5,3.67,2.67,4.17,3.33,3.5,3.5
R0233,Manufacturing,Small: 10-49 employees,6-10 years,10-49,Industrial area,Plastic waste,Under development,External waste-management agency,4,3,3,3,3,3,4,3,3,4,4,3,5,4,4,5,5,4,4,3,3,4,4,4,4,3,4,4,5,3,4,3,2,4,3,2,4,3,3,3,4,4,4,4,4,3,4,4,3,3,3,3,4,3,3,3,3,3,3,3,4,4,3.17,3.5,4.5,3.67,3.83,3.0,3.5,3.83,3.17,3.25,3.57
R0234,Information Technology,Medium: 50-249 employees,6-10 years,50-99,Semi-urban area,Paper and cardboard,Yes,Operations department,5,5,5,5,4,5,3,5,5,4,5,5,3,3,4,4,5,,4,5,4,4,4,3,3,4,2,2,3,3,2,3,3,4,3,3,3,4,3,3,5,4,4,4,5,4,4,3,5,5,4,4,3,4,3,2,1,3,3,1,1,2,4.83,4.5,3.8,4.0,2.83,3.0,3.67,4.0,4.17,2.0,3.87
R0235,Healthcare,Medium: 50-249 employees,3-5 years,50-99,Urban area,Food or organic waste,No,Facility management team,4,2,3,3,2,3,3,2,3,2,2,2,3,3,3,4,3,4,3,4,3,3,3,4,3,4,2,3,1,3,4,2,4,3,3,3,2,3,3,2,2,4,2,4,2,3,2,1,3,2,3,3,2,3,3,3,1,3,4,3,4,2,2.83,2.33,3.33,3.33,2.67,3.17,2.67,2.33,2.67,2.88,2.81
R0236,Information Technology,Medium: 50-249 employees,Less than 3 years,10-49,Urban area,Mixed municipal waste,Not sure,Operations department,1,2,2,2,3,3,3,3,3,3,3,3,2,3,3,2,2,4,2,3,2,2,2,2,5,4,3,5,4,4,3,4,3,4,3,3,3,3,3,3,3,3,2,3,2,3,4,3,3,4,4,4,3,4,4,5,3,4,4,3,5,3,2.17,3.0,2.67,2.17,4.17,3.33,3.0,2.83,3.67,3.88,3.0
R0237,Retail,Micro: Fewer than 10 employees,3-5 years,10-49,Semi-urban area,Paper and cardboard,No,External waste-management agency,3,4,4,4,3,4,3,3,3,3,3,3,2,1,1,1,2,2,2,4,2,2,3,2,3,2,2,3,3,3,2,2,2,2,2,2,2,3,4,2,2,1,2,4,1,2,2,2,3,3,3,2,4,1,3,4,3,2,3,3,4,2,3.67,3.0,1.5,2.5,2.67,2.0,2.33,2.17,2.67,3.0,2.5
R0238,Information Technology,Small: 10-49 employees,3-5 years,10-49,Urban area,Paper and cardboard,Under development,Operations department,5,2,3,2,3,3,5,3,3,4,3,3,3,5,3,4,4,4,3,2,3,3,3,3,2,3,3,3,2,4,3,2,2,2,3,3,3,3,4,3,3,4,2,4,4,4,4,,4,4,3,3,3,3,3,3,4,3,3,2,4,3,3.0,3.5,3.83,2.83,2.83,2.5,3.33,3.6,3.33,3.12,3.19
R0239,Manufacturing,Medium: 50-249 employees,Less than 3 years,100-249,Industrial area,Plastic waste,Under development,External waste-management agency,3,3,5,4,4,4,3,3,4,3,4,4,3,5,3,4,4,4,4,3,3,5,3,3,2,4,3,2,2,4,3,4,3,3,3,3,2,4,3,4,4,2,4,4,4,4,4,3,3,3,2,3,3,3,5,4,4,4,5,4,2,3,3.83,3.5,3.83,3.5,2.83,3.17,3.17,3.83,2.83,3.88,3.39
R0240,Hospitality/Services,Small: 10-49 employees,Less than 3 years,Fewer than 10,Urban area,Mixed municipal waste,No,Operations department,3,4,3,2,3,4,3,3,3,2,3,3,3,3,3,2,2,3,4,3,4,3,3,4,3,4,4,3,4,3,2,4,5,2,3,2,4,4,3,3,4,4,4,2,3,3,3,4,3,3,3,3,3,1,5,4,2,3,3,3,3,4,3.17,2.83,2.67,3.5,3.5,3.0,3.67,3.17,2.67,3.38,3.13
R0241,Manufacturing,Micro: Fewer than 10 employees,Less than 3 years,Fewer than 10,Semi-urban area,Plastic waste,No,External waste-management agency,3,4,4,4,4,4,4,3,4,4,3,3,1,3,1,1,1,2,3,,5,4,3,3,3,3,3,1,3,1,4,4,4,3,4,5,2,2,2,3,3,2,3,4,4,4,3,3,5,3,4,4,4,3,3,4,4,3,4,4,3,4,3.83,3.5,1.5,3.6,2.33,4.0,2.33,3.5,3.83,3.62,3.16
R0242,Information Technology,Micro: Fewer than 10 employees,6-10 years,Fewer than 10,Urban area,Mixed municipal waste,No,External waste-management agency,4,5,4,4,4,,2,3,3,3,3,1,3,3,3,4,3,3,3,3,2,2,2,3,3,3,4,4,4,3,3,3,4,3,3,4,3,3,3,4,4,4,4,4,4,4,4,4,3,1,2,3,2,2,2,2,3,3,3,3,3,3,4.2,2.5,3.17,2.5,3.5,3.33,3.5,4.0,2.17,2.75,3.21
R0243,Manufacturing,Micro: Fewer than 10 employees,Less than 3 years,Fewer than 10,Industrial area,Plastic waste,No,External waste-management agency,4,3,4,3,3,4,3,2,3,3,3,4,4,3,3,4,3,3,2,3,3,2,2,2,4,4,3,2,3,4,3,2,2,2,2,2,2,2,3,2,3,2,3,1,3,2,3,2,2,2,2,4,2,3,3,4,5,3,5,5,3,3,3.5,3.0,3.33,2.33,3.33,2.17,2.33,2.33,2.5,3.88,2.76
R0244,Information Technology,Medium: 50-249 employees,3-5 years,50-99,Urban area,Mixed municipal waste,No,External waste-management agency,2,3,4,3,4,3,3,2,3,3,3,4,1,2,2,3,2,3,4,4,3,2,2,4,4,3,3,2,2,2,4,5,4,2,4,4,3,2,3,2,1,3,3,2,2,3,3,3,3,3,4,4,4,3,4,3,4,3,4,2,4,3,3.17,3.0,2.17,3.17,2.67,3.83,2.33,2.67,3.5,3.38,2.95
R0245,Information Technology,Large: 250 employees or more,11-20 years,100-249,Urban area,Food or organic waste,Under development,Environmental or sustainability department,3,4,3,4,3,4,4,5,5,4,5,5,5,4,3,5,4,5,5,4,5,5,5,4,5,5,4,4,4,4,4,4,3,4,3,4,5,5,4,5,5,5,3,3,4,4,4,4,4,4,3,4,4,4,2,2,3,2,3,3,2,3,3.5,4.67,4.33,4.67,4.33,3.67,4.83,3.67,3.83,2.5,4.17
R0246,Information Technology,Small: 10-49 employees,Less than 3 years,10-49,Commercial area,Paper and cardboard,No,Operations department,3,3,3,3,3,3,3,3,3,4,4,4,3,2,3,3,2,3,2,2,1,2,1,2,1,3,2,2,2,3,3,2,3,3,3,2,3,3,3,2,3,3,4,1,1,3,3,3,2,3,2,2,3,2,4,4,3,2,5,4,3,5,3.0,3.5,2.67,1.67,2.17,2.67,2.83,2.5,2.33,3.75,2.59
R0247,Retail,Small: 10-49 employees,3-5 years,10-49,Semi-urban area,Mixed municipal waste,No,External waste-management agency,2,3,3,2,2,3,3,3,2,3,3,3,2,3,3,3,2,2,4,3,3,2,3,2,3,3,4,2,3,3,4,2,2,3,2,3,2,3,3,4,3,3,3,3,2,3,3,4,4,2,3,4,3,3,2,1,2,3,3,3,2,2,2.5,2.83,2.5,2.83,3.0,2.67,3.0,3.0,3.17,2.25,2.83
R0248,Retail,Large: 250 employees or more,11-20 years,250 or more,Commercial area,Plastic waste,Under development,Facility management team,2,4,3,3,3,3,4,4,4,3,4,4,4,4,5,4,4,3,5,5,4,4,5,5,4,4,4,4,4,5,3,4,4,5,3,4,4,5,4,4,3,4,5,4,4,5,5,4,3,3,3,3,3,3,3,1,2,2,2,2,1,4,3.0,3.83,4.0,4.67,4.17,3.83,4.0,4.5,3.0,2.12,3.89
R0249,Information Technology,Large: 250 employees or more,3-5 years,250 or more,Urban area,Mixed municipal waste,Yes,Environmental or sustainability department,5,5,4,4,4,3,5,5,5,5,5,3,3,,3,4,2,4,5,5,5,4,5,5,5,5,5,5,5,5,5,5,5,5,5,4,4,4,5,5,4,3,5,4,5,5,4,5,5,5,5,4,5,5,3,3,3,1,2,1,2,2,4.17,4.67,3.2,4.83,5.0,4.83,4.17,4.67,4.83,2.12,4.49
R0250,Healthcare,Micro: Fewer than 10 employees,Less than 3 years,Fewer than 10,Urban area,Plastic waste,No,Facility management team,,4,4,4,4,3,4,4,4,3,3,4,3,2,3,,3,3,4,3,3,4,3,3,3,4,4,5,5,4,3,3,3,2,3,2,3,3,3,2,3,4,2,3,2,4,2,3,3,3,2,3,2,4,3,4,4,5,3,3,4,4,3.8,3.67,2.8,3.33,4.17,2.67,3.0,2.67,2.83,3.75,3.22
R0251,Healthcare,Micro: Fewer than 10 employees,6-10 years,Fewer than 10,Industrial area,Mixed municipal waste,No,External waste-management agency,2,3,,2,3,3,4,4,3,2,4,3,3,2,3,3,,2,4,4,4,5,5,2,3,4,3,4,2,3,3,3,2,3,2,4,3,3,2,3,4,3,4,2,4,4,3,4,3,4,4,4,3,,2,2,2,3,4,3,4,2,2.6,3.33,2.6,4.0,3.17,2.83,3.0,3.5,3.6,2.75,3.18
R0252,Manufacturing,Micro: Fewer than 10 employees,11-20 years,Fewer than 10,Industrial area,Mixed municipal waste,Not sure,Operations department,3,3,4,4,4,2,3,3,3,4,3,3,4,4,4,4,4,4,3,3,4,3,4,3,4,4,5,4,4,4,4,5,5,5,4,5,3,4,4,3,4,4,3,4,3,3,2,4,3,4,2,3,3,4,4,2,2,2,2,3,4,2,3.33,3.17,4.0,3.33,4.17,4.67,3.67,3.17,3.17,2.62,3.63
R0253,Retail,Large: 250 employees or more,11-20 years,100-249,Urban area,Mixed municipal waste,Yes,Environmental or sustainability department,4,4,4,4,5,4,3,3,4,3,3,2,4,5,4,5,4,,4,4,4,2,4,4,4,4,5,3,4,4,4,3,5,4,4,4,2,5,4,5,4,4,4,4,4,4,4,4,4,3,5,4,4,4,3,1,2,3,1,3,1,1,4.17,3.0,4.4,3.67,4.0,4.0,4.0,4.0,4.0,1.88,3.92
R0254,Retail,Small: 10-49 employees,Less than 3 years,10-49,Commercial area,Paper and cardboard,No,External waste-management agency,,5,4,3,4,4,3,3,3,3,2,2,2,3,3,3,3,3,2,2,2,2,4,1,3,3,3,1,3,4,4,3,3,3,3,4,4,3,5,4,4,4,2,1,3,3,4,2,4,5,4,4,4,5,2,3,,1,3,3,3,4,4.0,2.67,2.83,2.17,2.83,3.33,4.0,2.5,4.33,2.71,3.18
R0255,Healthcare,Medium: 50-249 employees,3-5 years,50-99,Semi-urban area,Mixed municipal waste,Not sure,Operations department,3,2,3,3,3,3,4,3,3,3,3,2,2,2,2,1,2,3,3,2,3,3,3,3,4,2,3,4,3,4,2,3,4,3,4,4,2,2,3,2,2,3,3,3,4,3,4,3,4,4,5,3,4,5,2,2,2,3,1,2,1,2,2.83,3.0,2.0,2.83,3.33,3.33,2.33,3.33,4.17,1.88,3.02
R0256,Manufacturing,Large: 250 employees or more,Less than 3 years,250 or more,Semi-urban area,Plastic waste,Under development,Environmental or sustainability department,4,5,3,3,4,4,4,5,4,4,4,5,4,3,4,3,3,4,4,3,4,4,4,4,3,5,3,5,4,3,3,5,3,2,4,4,4,3,2,2,4,3,3,3,4,4,4,3,4,,4,3,2,2,3,2,3,3,3,3,3,3,3.83,4.33,3.5,3.83,3.83,3.5,3.0,3.5,3.0,2.88,3.59
R0257,Retail,Medium: 50-249 employees,11-20 years,50-99,Urban area,Paper and cardboard,Under development,Facility management team,4,4,3,5,4,4,4,2,3,4,3,4,2,3,4,3,3,2,3,4,3,3,3,3,3,4,5,3,5,3,3,4,5,4,4,4,1,3,3,2,4,2,4,4,3,3,4,3,3,3,3,3,3,2,3,2,3,2,1,1,2,2,4.0,3.33,2.83,3.17,3.83,4.0,2.5,3.5,2.83,2.0,3.33
R0258,Information Technology,Medium: 50-249 employees,6-10 years,50-99,Urban area,Food or organic waste,No,Facility management team,3,3,3,3,4,3,3,3,3,3,4,3,4,5,4,3,5,3,3,3,3,2,2,3,3,4,4,4,4,3,3,4,3,4,4,3,4,4,3,4,2,4,3,3,3,3,3,3,4,3,3,4,4,4,3,3,3,2,2,3,3,2,3.17,3.17,4.0,2.67,3.67,3.5,3.5,3.0,3.67,2.62,3.37
R0259,Healthcare,Small: 10-49 employees,6-10 years,10-49,Urban area,Mixed municipal waste,No,Operations department,3,3,3,4,2,2,3,3,3,3,3,4,3,4,2,3,4,2,4,3,3,3,4,1,4,4,4,4,3,3,4,4,3,4,4,3,3,4,4,4,4,3,3,4,2,3,3,3,3,3,2,2,3,2,2,3,2,2,3,3,3,3,2.83,3.17,3.0,3.0,3.67,3.67,3.67,3.0,2.5,2.62,3.17
R0260,Information Technology,Small: 10-49 employees,3-5 years,Fewer than 10,Urban area,Paper and cardboard,No,Operations department,4,2,4,2,3,1,3,3,3,3,4,3,4,3,3,4,3,4,4,3,4,3,3,3,3,3,2,4,2,3,3,4,4,4,2,3,5,4,3,5,5,3,4,3,4,3,4,4,2,3,3,4,3,2,3,4,4,4,4,4,4,5,2.67,3.17,3.5,3.33,2.83,3.33,4.17,3.67,2.83,4.0,3.28
R0261,Manufacturing,Micro: Fewer than 10 employees,11-20 years,Fewer than 10,Semi-urban area,Plastic waste,Yes,Facility management team,3,3,2,3,2,3,3,3,3,4,3,4,4,4,5,4,4,4,2,3,3,3,4,5,4,3,4,4,3,3,3,3,3,3,3,4,2,4,4,4,3,3,3,2,3,3,3,3,3,3,3,4,3,3,3,4,3,3,3,2,3,4,2.67,3.33,4.17,3.33,3.5,3.17,3.33,2.83,3.17,3.12,3.28
R0262,Retail,Medium: 50-249 employees,11-20 years,100-249,Commercial area,Plastic waste,No,Facility management team,2,3,3,4,4,3,3,3,4,3,2,3,4,3,2,4,2,4,4,3,3,3,4,4,3,3,3,3,4,3,4,5,4,3,3,3,3,3,3,1,2,3,4,3,3,3,3,3,3,4,3,5,3,3,3,2,2,2,3,4,4,3,3.17,3.0,3.17,3.5,3.17,3.67,2.5,3.17,3.5,2.88,3.21
R0263,Retail,Large: 250 employees or more,11-20 years,100-249,Semi-urban area,Mixed municipal waste,Not sure,Environmental or sustainability department,5,4,5,4,5,5,3,3,3,3,4,3,4,4,4,4,4,4,4,3,4,4,2,4,4,2,3,4,3,3,3,3,4,3,4,3,4,2,3,4,3,4,3,4,3,3,4,4,2,4,3,4,5,4,3,3,3,3,4,4,2,4,4.67,3.17,4.0,3.5,3.17,3.33,3.33,3.5,3.67,3.25,3.59
R0264,Retail,Micro: Fewer than 10 employees,6-10 years,Fewer than 10,Commercial area,Paper and cardboard,Not sure,Operations department,3,3,3,3,4,3,4,3,3,4,3,4,2,3,3,4,2,3,3,4,2,3,4,3,,4,3,3,2,3,4,4,4,4,4,3,3,4,5,4,4,4,3,4,3,3,4,4,4,3,3,4,3,3,2,2,3,3,2,4,4,2,3.17,3.5,2.83,3.17,3.0,3.83,4.0,3.5,3.33,2.75,3.37
R0265,Healthcare,Medium: 50-249 employees,6-10 years,10-49,Urban area,Food or organic waste,Under development,Operations department,4,4,5,4,2,4,3,4,4,4,4,3,5,5,5,5,5,3,5,4,4,4,4,5,3,4,4,3,3,4,3,5,3,3,4,4,4,5,4,3,5,3,4,3,4,3,3,3,4,3,3,3,3,3,4,3,2,4,4,2,2,3,3.83,3.67,4.67,4.33,3.5,3.67,4.0,3.33,3.17,3.0,3.8
R0266,Manufacturing,Medium: 50-249 employees,11-20 years,50-99,Urban area,Mixed municipal waste,Yes,Environmental or sustainability department,2,3,4,4,3,4,3,3,4,3,2,2,4,4,4,5,5,4,5,5,5,5,5,5,4,4,4,4,4,5,5,4,4,3,4,3,3,3,4,4,3,4,3,3,5,4,4,3,4,4,3,4,2,3,2,2,3,2,2,1,1,1,3.33,2.83,4.33,5.0,4.17,3.83,3.5,3.67,3.33,1.75,3.78
R0267,Retail,Small: 10-49 employees,11-20 years,Fewer than 10,Semi-urban area,Plastic waste,Not sure,Facility management team,4,3,4,3,4,4,4,3,4,4,3,4,4,2,3,3,2,4,3,4,4,3,3,4,3,4,3,2,4,3,2,3,3,4,3,4,4,2,2,3,4,3,3,4,4,3,3,3,3,3,3,3,3,4,1,1,2,1,1,2,2,3,3.67,3.67,3.0,3.5,3.17,3.17,3.0,3.33,3.17,1.62,3.3
R0268,Manufacturing,Micro: Fewer than 10 employees,6-10 years,Fewer than 10,Industrial area,Food or organic waste,Under development,Environmental or sustainability department,5,3,4,5,2,4,5,5,5,5,5,5,4,3,4,4,3,4,4,3,3,4,4,4,4,4,4,4,3,3,4,4,3,4,3,5,3,4,3,4,,3,,4,4,4,3,2,5,5,4,4,3,4,5,4,4,4,3,3,4,3,3.83,5.0,3.67,3.67,3.67,3.83,3.4,3.4,4.17,3.75,3.85
R0269,Healthcare,Large: 250 employees or more,3-5 years,100-249,Urban area,Mixed municipal waste,Under development,Operations department,3,4,4,3,4,3,3,4,3,4,3,5,3,3,3,4,2,3,4,4,5,4,4,5,4,2,3,3,2,3,2,2,4,4,3,4,3,3,2,2,3,2,5,4,4,3,4,4,4,2,3,2,2,3,2,3,3,2,3,3,2,4,3.5,3.67,3.0,4.33,2.83,3.17,2.5,4.0,2.67,2.75,3.3
R0270,Information Technology,Large: 250 employees or more,11-20 years,100-249,Commercial area,Food or organic waste,Yes,Facility management team,4,4,5,4,4,3,4,4,4,5,4,5,4,4,3,3,3,4,4,4,3,3,4,5,3,3,1,4,2,1,4,3,5,5,5,4,4,4,4,4,3,4,4,4,5,3,5,4,2,3,4,3,3,3,2,2,2,3,3,2,1,2,4.0,4.33,3.5,3.83,2.33,4.33,3.83,4.17,3.0,2.12,3.7
R0271,Manufacturing,Medium: 50-249 employees,11-20 years,100-249,Semi-urban area,Mixed municipal waste,Under development,External waste-management agency,2,3,2,2,3,2,3,1,2,2,2,1,3,3,2,3,2,4,2,3,3,3,2,2,3,3,2,2,4,3,4,4,3,3,3,3,3,4,2,2,3,4,2,2,2,3,3,3,2,1,3,3,3,2,3,4,4,2,4,3,3,4,2.33,1.83,2.83,2.5,2.83,3.33,3.0,2.5,2.33,3.38,2.61
R0272,Retail,Large: 250 employees or more,3-5 years,100-249,Commercial area,Plastic waste,Under development,Environmental or sustainability department,3,2,3,2,2,3,4,4,4,3,4,3,3,3,3,3,3,4,3,3,4,2,4,4,4,4,4,3,2,3,3,4,2,3,4,4,3,4,3,3,3,4,3,3,4,4,4,3,4,3,3,4,4,3,3,2,2,2,1,2,1,2,2.5,3.67,3.17,3.33,3.33,3.33,3.33,3.5,3.5,1.88,3.3
R0273,Retail,Small: 10-49 employees,3-5 years,Fewer than 10,Commercial area,Paper and cardboard,Not sure,Operations department,4,5,4,5,4,4,4,4,4,5,3,4,4,3,3,3,4,3,4,3,4,4,3,4,4,3,4,4,3,3,3,3,3,3,3,3,3,4,3,3,3,4,3,2,3,3,2,2,3,2,3,3,3,3,2,1,1,4,2,3,3,2,4.33,4.0,3.33,3.67,3.5,3.0,3.33,2.5,2.83,2.25,3.39
R0274,Information Technology,Large: 250 employees or more,11-20 years,250 or more,Semi-urban area,Paper and cardboard,Yes,Environmental or sustainability department,4,5,4,4,4,4,5,3,5,5,3,4,4,4,4,3,5,4,4,2,4,4,3,3,3,2,4,3,4,5,4,4,5,3,4,4,4,5,4,4,4,4,5,4,3,,3,4,4,5,5,5,4,4,2,2,2,1,2,2,1,2,4.17,4.17,4.0,3.33,3.5,4.0,4.17,3.8,4.5,1.75,3.96
R0275,Manufacturing,Large: 250 employees or more,11-20 years,100-249,Industrial area,Plastic waste,Yes,Operations department,5,4,4,4,3,3,3,3,4,4,4,3,5,5,5,5,4,3,4,3,4,5,5,4,5,4,4,4,4,4,3,3,3,4,4,4,4,4,4,3,4,3,5,5,5,4,5,5,4,3,3,5,4,5,1,2,2,3,2,2,1,3,3.83,3.5,4.5,4.17,4.17,3.5,3.67,4.83,4.0,2.0,4.02
R0276,Retail,Medium: 50-249 employees,3-5 years,50-99,Semi-urban area,Plastic waste,Not sure,Facility management team,4,4,,3,4,3,3,4,3,3,3,4,3,3,4,3,3,2,3,4,4,4,4,4,3,3,3,3,2,4,4,4,4,4,4,3,4,5,4,4,4,4,3,3,1,1,3,,2,2,,4,4,3,3,2,2,3,2,2,3,3,3.6,3.33,3.0,3.83,3.0,3.83,4.17,2.2,3.0,2.5,3.33
R0277,Information Technology,Micro: Fewer than 10 employees,11-20 years,Fewer than 10,Semi-urban area,Mixed municipal waste,Not sure,External waste-management agency,3,2,2,2,4,3,3,4,4,4,3,3,3,3,3,2,2,3,3,4,3,5,5,4,3,3,2,2,2,2,4,3,3,4,3,4,2,1,2,2,4,3,3,4,5,4,3,4,3,2,2,3,4,3,4,5,3,4,4,3,3,4,2.67,3.5,2.67,4.0,2.33,3.5,2.33,3.83,2.83,3.75,3.07
R0278,Retail,Small: 10-49 employees,3-5 years,50-99,Urban area,Plastic waste,No,External waste-management agency,3,3,3,2,3,2,3,4,4,2,4,4,4,2,3,2,3,4,2,2,2,3,3,2,2,3,3,3,3,2,4,4,4,3,4,4,3,3,2,1,2,3,3,3,3,2,2,2,2,2,2,3,3,3,1,3,2,2,2,3,3,3,2.67,3.5,3.0,2.33,2.67,3.83,2.33,2.5,2.5,2.38,2.81
R0279,Information Technology,Large: 250 employees or more,11-20 years,250 or more,Urban area,Mixed municipal waste,Yes,Environmental or sustainability department,3,5,5,3,4,4,4,5,4,5,4,4,5,4,4,3,3,4,4,4,4,5,4,3,4,5,3,4,3,4,3,4,4,5,4,4,4,2,5,4,5,4,4,5,5,4,4,4,4,3,4,3,3,3,2,4,2,4,,3,2,4,4.0,4.33,3.83,4.0,3.83,4.0,4.0,4.33,3.33,3.0,3.96
R0280,Retail,Medium: 50-249 employees,11-20 years,50-99,Urban area,Paper and cardboard,No,Operations department,3,3,4,3,4,2,3,4,3,4,3,3,5,4,4,5,4,4,4,3,3,3,3,3,3,3,3,3,4,4,4,5,4,4,4,5,3,4,4,4,4,4,4,3,3,3,3,3,4,3,3,3,4,4,3,3,3,3,3,3,4,2,3.17,3.33,4.33,3.17,3.33,4.33,3.83,3.17,3.5,3.0,3.57
R0281,Hospitality/Services,Large: 250 employees or more,3-5 years,100-249,Commercial area,Paper and cardboard,Under development,Facility management team,2,3,4,4,4,4,4,3,3,3,3,4,3,4,4,4,3,4,5,5,4,5,4,4,4,4,4,3,4,3,3,3,2,3,3,2,3,4,3,4,3,4,4,4,4,4,4,3,3,3,3,3,3,2,2,3,3,3,3,2,3,4,3.5,3.33,3.67,4.5,3.67,2.67,3.5,3.83,2.83,2.88,3.5
R0282,Manufacturing,Micro: Fewer than 10 employees,Less than 3 years,Fewer than 10,Semi-urban area,Paper and cardboard,No,External waste-management agency,2,1,3,3,3,2,3,2,3,3,3,1,4,4,2,4,5,4,2,3,3,1,2,4,3,2,2,2,1,1,3,2,3,3,2,3,4,4,3,5,5,3,2,4,2,3,2,2,1,3,2,2,2,2,3,3,3,3,3,4,3,5,2.33,2.5,3.83,2.5,1.83,2.67,4.0,2.5,2.0,3.38,2.68
R0283,Manufacturing,Large: 250 employees or more,3-5 years,250 or more,Semi-urban area,Mixed municipal waste,Under development,Facility management team,4,4,4,4,5,4,3,3,3,4,3,4,5,4,3,4,5,5,4,4,4,3,4,4,3,4,4,3,,3,4,4,5,3,4,4,5,2,3,4,4,3,3,2,2,3,4,3,3,4,4,3,4,3,3,3,4,,3,2,2,3,4.17,3.33,4.33,3.83,3.4,4.0,3.5,2.83,3.5,2.86,3.65
R0284,Retail,Small: 10-49 employees,6-10 years,10-49,Industrial area,Food or organic waste,Not sure,Environmental or sustainability department,4,4,4,4,3,5,3,4,3,3,2,4,3,4,3,2,4,3,4,4,5,3,3,4,4,3,3,3,3,4,4,4,3,3,3,3,2,2,3,4,2,2,4,3,3,3,3,3,5,4,4,3,3,4,2,2,3,3,2,1,2,2,4.0,3.17,3.17,3.83,3.33,3.33,2.5,3.17,3.83,2.12,3.37
R0285,Retail,Small: 10-49 employees,Less than 3 years,10-49,Commercial area,Paper and cardboard,No,External waste-management agency,2,3,3,2,3,2,2,3,4,3,2,4,2,2,2,3,3,3,3,3,3,3,3,2,2,2,3,3,2,3,3,2,3,4,4,3,3,4,3,2,3,4,4,5,5,4,5,4,3,3,3,3,3,4,3,5,4,4,5,4,4,3,2.5,3.0,2.5,2.83,2.5,3.17,3.17,4.5,3.17,4.0,3.04
R0286,Healthcare,Small: 10-49 employees,6-10 years,50-99,Urban area,Paper and cardboard,Yes,External waste-management agency,4,3,4,2,4,3,4,2,3,3,3,2,2,2,2,3,3,3,3,4,4,4,4,3,4,3,3,3,4,3,1,2,3,3,4,4,4,4,3,3,4,4,3,2,3,2,2,4,4,4,3,4,3,4,3,3,4,3,3,3,3,1,3.33,2.83,2.5,3.67,3.33,2.83,3.67,2.67,3.67,2.88,3.17
R0287,Manufacturing,Small: 10-49 employees,6-10 years,10-49,Commercial area,Paper and cardboard,Under development,Environmental or sustainability department,3,4,3,3,4,3,4,4,5,4,4,4,5,5,5,4,3,3,5,5,5,4,3,4,4,3,4,4,3,4,4,3,5,4,4,4,3,3,4,3,4,3,2,3,2,2,4,3,3,3,3,3,2,3,2,3,2,2,2,3,2,2,3.33,4.17,4.17,4.33,3.67,4.0,3.33,2.67,2.83,2.25,3.61
R0288,Manufacturing,Small: 10-49 employees,3-5 years,10-49,Commercial area,Food or organic waste,Yes,Operations department,3,3,3,4,4,4,4,4,4,3,4,3,5,4,3,4,4,4,3,5,3,3,3,4,3,4,4,3,4,3,3,4,4,3,3,4,3,4,4,3,5,5,3,5,4,4,3,3,3,3,3,4,3,4,4,5,2,2,4,4,5,3,3.5,3.67,4.0,3.5,3.5,3.5,4.0,3.67,3.33,3.62,3.63
R0289,Information Technology,Large: 250 employees or more,3-5 years,250 or more,Commercial area,Plastic waste,Under development,External waste-management agency,4,4,3,3,4,4,4,3,4,4,3,2,4,3,4,3,4,3,4,3,4,4,4,5,5,4,3,4,3,2,4,4,4,4,4,4,3,3,3,5,3,4,4,4,3,4,3,2,5,4,5,4,5,4,4,3,4,2,4,3,4,3,3.67,3.33,3.5,4.0,3.5,4.0,3.5,3.33,4.5,3.38,3.7
R0290,Manufacturing,Small: 10-49 employees,6-10 years,10-49,Industrial area,Plastic waste,Under development,External waste-management agency,3,4,4,3,2,5,3,3,3,4,4,3,2,4,3,4,2,4,5,4,4,4,4,4,3,3,3,3,2,2,4,4,4,4,3,3,2,3,3,1,2,2,3,3,3,3,3,3,4,2,3,3,3,5,2,4,5,5,4,4,4,3,3.5,3.33,3.17,4.17,2.67,3.67,2.17,3.0,3.33,3.88,3.22
R0291,Information Technology,Micro: Fewer than 10 employees,Less than 3 years,Fewer than 10,Urban area,Mixed municipal waste,Yes,External waste-management agency,4,2,2,2,3,4,3,3,3,4,3,2,3,4,3,4,3,4,2,3,4,3,3,3,3,5,4,2,3,5,2,3,3,4,4,3,4,4,4,4,3,3,3,4,3,3,4,4,3,4,3,3,4,3,3,2,3,2,2,3,3,2,2.83,3.0,3.5,3.0,3.67,3.17,3.67,3.5,3.33,2.5,3.3
R0292,Healthcare,Small: 10-49 employees,6-10 years,10-49,Urban area,Mixed municipal waste,Not sure,External waste-management agency,,4,2,4,4,3,3,3,3,3,2,4,3,3,3,4,3,3,3,2,3,3,3,3,3,3,3,3,3,4,4,4,4,5,4,4,2,4,5,4,3,4,4,3,3,4,3,3,3,3,2,3,3,3,1,3,3,2,2,2,3,4,3.4,3.0,3.17,2.83,3.17,4.17,3.67,3.33,2.83,2.5,3.29
R0293,Manufacturing,Large: 250 employees or more,11-20 years,250 or more,Commercial area,Plastic waste,Under development,Facility management team,5,5,5,5,5,5,5,5,4,4,4,5,4,4,5,4,4,4,5,4,5,4,5,4,4,4,3,2,3,4,5,5,4,4,4,4,5,5,3,5,5,4,4,5,4,5,4,3,3,4,2,4,2,4,2,3,2,3,3,3,2,2,5.0,4.5,4.17,4.5,3.33,4.33,4.5,4.17,3.17,2.5,4.19
R0294,Information Technology,Micro: Fewer than 10 employees,Less than 3 years,Fewer than 10,Commercial area,Paper and cardboard,No,External waste-management agency,2,3,2,2,4,3,3,3,3,2,2,4,2,2,2,3,3,3,3,3,3,4,3,3,1,3,3,3,4,2,2,2,1,2,1,2,4,3,3,3,4,3,3,3,2,2,2,3,3,,3,4,3,3,3,4,4,3,3,3,2,2,2.67,2.83,2.5,3.17,2.67,1.67,3.33,2.5,3.2,3.0,2.73
R0295,Information Technology,Medium: 50-249 employees,6-10 years,10-49,Commercial area,Mixed municipal waste,Not sure,Facility management team,3,3,4,4,3,2,2,3,3,4,4,3,4,4,4,3,4,4,2,3,4,4,2,3,3,3,3,4,,3,4,4,5,5,2,2,4,4,4,5,3,3,3,3,5,4,3,4,2,3,3,,2,3,,2,2,2,2,2,2,3,3.17,3.17,3.83,3.0,3.2,3.67,3.83,3.67,2.6,2.14,3.35
R0296,Information Technology,Large: 250 employees or more,Less than 3 years,100-249,Urban area,Mixed municipal waste,Under development,Facility management team,5,5,4,3,4,3,4,4,,3,3,3,4,5,4,3,3,4,3,3,2,3,2,2,3,3,4,4,4,4,4,3,3,4,3,5,3,4,4,4,3,3,2,3,2,2,3,3,3,3,5,4,3,3,2,1,2,3,2,2,2,4,4.0,3.4,3.83,2.5,3.67,3.67,3.5,2.5,3.5,2.25,3.4
R0297,Manufacturing,Small: 10-49 employees,6-10 years,10-49,Semi-urban area,Mixed municipal waste,Not sure,Facility management team,3,4,3,4,4,4,3,4,3,4,3,3,4,5,4,4,4,4,4,2,3,3,3,3,3,5,2,5,3,3,4,4,5,4,4,3,5,4,4,4,5,4,4,4,3,4,3,3,4,3,4,5,4,3,3,3,2,4,3,1,2,5,3.67,3.33,4.17,3.0,3.5,4.0,4.33,3.5,3.83,2.88,3.7
R0298,Retail,Medium: 50-249 employees,Less than 3 years,50-99,Commercial area,Mixed municipal waste,No,External waste-management agency,2,2,2,2,3,2,3,3,2,4,3,3,3,3,3,4,3,4,3,3,4,4,4,3,3,4,4,3,3,4,3,3,3,3,2,4,3,3,4,2,3,3,3,3,4,3,3,3,2,2,2,3,3,2,3,3,3,4,4,3,5,4,2.17,3.0,3.33,3.5,3.5,3.0,3.0,3.17,2.33,3.62,3.0
R0299,Hospitality/Services,Micro: Fewer than 10 employees,6-10 years,Fewer than 10,Commercial area,Food or organic waste,Not sure,External waste-management agency,4,4,3,3,3,4,2,3,3,3,3,4,3,3,4,3,4,4,3,3,3,3,3,5,3,3,4,4,3,3,2,2,2,3,3,2,2,2,2,1,1,2,1,4,,2,3,3,2,3,3,4,4,2,3,2,5,3,3,3,3,4,3.5,3.0,3.5,3.33,3.33,2.33,1.67,2.6,3.0,3.25,2.92
R0300,Healthcare,Small: 10-49 employees,3-5 years,50-99,Urban area,Paper and cardboard,Not sure,Environmental or sustainability department,4,4,4,3,4,4,4,4,3,3,4,5,5,4,4,4,4,3,3,3,3,4,5,2,3,4,4,4,3,5,4,3,3,3,4,3,4,3,3,3,3,4,2,3,4,4,4,3,3,4,3,3,3,3,2,3,2,2,1,2,2,4,3.83,3.83,4.0,3.33,3.83,3.33,3.33,3.33,3.17,2.25,3.55
R0301,Manufacturing,Medium: 50-249 employees,3-5 years,50-99,Industrial area,Plastic waste,Yes,Environmental or sustainability department,4,4,4,4,4,4,4,5,4,5,3,4,5,4,4,3,3,4,5,5,5,5,5,5,5,4,5,4,5,4,5,4,5,3,4,4,4,2,4,4,3,3,4,4,4,4,4,2,3,4,4,4,3,4,3,3,3,2,4,3,3,3,4.0,4.17,3.83,5.0,4.5,4.17,3.33,3.67,3.67,3.0,4.04
R0302,Manufacturing,Micro: Fewer than 10 employees,Less than 3 years,Fewer than 10,Semi-urban area,Paper and cardboard,No,External waste-management agency,2,2,3,3,3,3,1,2,1,3,1,3,3,3,3,2,4,2,4,3,2,3,3,4,2,4,3,3,1,2,3,2,2,4,3,3,4,4,3,3,4,4,4,2,2,3,3,3,3,3,3,2,3,3,2,4,4,3,4,4,3,2,2.67,1.83,2.83,3.17,2.5,2.83,3.67,2.83,2.83,3.25,2.8
R0303,Healthcare,Large: 250 employees or more,6-10 years,100-249,Commercial area,Mixed municipal waste,Not sure,Operations department,3,3,4,1,3,3,3,4,4,4,3,3,4,3,4,4,3,4,4,4,4,4,3,3,5,5,5,4,4,4,3,3,4,4,3,,4,4,4,2,4,3,4,4,4,5,4,4,4,3,3,4,4,3,3,3,3,5,3,3,4,3,2.83,3.5,3.67,3.67,4.5,3.4,3.5,4.17,3.5,3.38,3.64
R0304,Information Technology,Medium: 50-249 employees,Less than 3 years,10-49,Urban area,Paper and cardboard,No,Facility management team,3,3,3,4,4,3,3,3,3,3,2,4,3,3,3,3,3,3,3,4,3,2,4,4,,4,3,2,3,2,5,4,4,5,5,4,3,5,2,4,3,5,3,3,3,4,3,2,5,5,5,4,4,4,1,2,3,1,2,2,3,3,3.33,3.0,3.0,3.33,2.8,4.5,3.67,3.0,4.5,2.12,3.46
R0305,Hospitality/Services,Large: 250 employees or more,6-10 years,250 or more,Urban area,Food or organic waste,Not sure,Environmental or sustainability department,4,3,4,4,3,2,,1,3,1,3,2,4,4,4,4,,3,3,3,2,2,2,4,3,3,2,3,3,3,3,3,4,4,3,3,3,3,3,3,4,3,5,5,4,4,3,4,2,3,2,3,1,4,4,3,4,2,4,5,3,2,3.33,2.0,3.8,2.67,2.83,3.33,3.17,4.17,2.5,3.38,3.09
R0306,Hospitality/Services,Small: 10-49 employees,Less than 3 years,10-49,Urban area,Paper and cardboard,Not sure,External waste-management agency,2,2,2,2,2,2,2,2,2,2,2,2,2,2,2,2,2,2,2,2,2,2,2,2,2,2,2,2,2,2,2,2,2,2,2,2,2,2,2,2,2,2,2,2,2,2,2,2,2,2,2,2,2,2,2,2,2,2,2,2,2,2,2.0,2.0,2.0,2.0,2.0,2.0,2.0,2.0,2.0,2.0,2.0
R0307,Retail,Medium: 50-249 employees,Less than 3 years,50-99,Urban area,Mixed municipal waste,Not sure,External waste-management agency,2,2,3,3,4,2,4,4,4,3,3,3,4,3,3,3,4,3,4,4,2,4,3,4,3,3,3,3,3,2,4,4,4,3,3,4,4,3,3,3,3,3,2,2,3,2,3,3,3,2,3,2,2,2,2,3,3,2,2,3,3,2,2.67,3.5,3.33,3.5,2.83,3.67,3.17,2.5,2.33,2.5,3.06
R0308,Healthcare,Micro: Fewer than 10 employees,6-10 years,Fewer than 10,Semi-urban area,Food or organic waste,Yes,Operations department,4,3,4,4,3,4,5,5,5,4,5,4,3,5,5,4,3,4,5,3,5,4,3,4,4,4,3,4,2,3,3,3,4,4,4,3,4,5,4,4,3,3,3,3,4,4,4,4,4,4,3,4,3,4,5,2,2,3,2,4,3,3,3.67,4.67,4.0,4.0,3.33,3.5,3.83,3.67,3.67,3.0,3.82
R0309,Manufacturing,Large: 250 employees or more,11-20 years,250 or more,Industrial area,Mixed municipal waste,No,Operations department,4,5,3,3,4,3,3,4,2,3,3,2,,4,4,4,3,4,3,,3,2,3,3,5,4,4,3,3,4,5,4,4,5,4,5,5,5,5,3,5,4,4,5,5,4,5,4,4,3,4,4,4,3,4,3,3,2,3,4,3,3,3.67,2.83,3.8,2.8,3.83,4.5,4.5,4.5,3.67,3.12,3.79
R0310,Manufacturing,Large: 250 employees or more,11-20 years,250 or more,Industrial area,Paper and cardboard,Yes,Facility management team,4,3,4,5,4,3,5,5,4,4,5,5,3,4,4,5,5,5,4,4,3,4,3,2,4,4,4,,4,4,4,5,4,5,4,4,5,4,4,4,4,5,5,4,4,4,4,4,4,3,3,4,4,4,4,3,2,2,4,4,4,3,3.83,4.67,4.33,3.33,4.0,4.33,4.33,4.17,3.67,3.25,4.07
R0311,Manufacturing,Large: 250 employees or more,11-20 years,100-249,Industrial area,Plastic waste,Yes,Environmental or sustainability department,2,2,3,2,3,3,3,3,3,3,3,2,5,3,4,4,4,4,5,5,4,3,3,4,4,3,3,3,4,5,4,4,3,3,3,4,3,3,4,3,5,3,4,3,4,4,4,5,4,3,4,4,4,3,3,3,3,3,4,3,2,4,2.5,2.83,4.0,4.0,3.67,3.5,3.5,4.0,3.67,3.12,3.52
R0312,Hospitality/Services,Medium: 50-249 employees,6-10 years,100-249,Semi-urban area,Food or organic waste,Under development,Facility management team,3,3,3,4,3,2,5,5,4,5,4,4,3,3,4,3,3,3,3,3,3,3,3,3,4,3,4,3,3,3,5,3,4,3,3,3,4,4,5,4,5,5,5,4,5,5,4,5,4,5,4,5,4,5,2,4,2,4,4,3,5,3,3.0,4.5,3.17,3.0,3.33,3.5,4.5,4.67,4.5,3.38,3.8
R0313,Manufacturing,Medium: 50-249 employees,Less than 3 years,100-249,Urban area,Plastic waste,Yes,Environmental or sustainability department,5,5,5,5,5,5,4,4,3,3,3,4,3,4,3,4,4,4,3,2,3,3,4,3,4,4,5,4,3,5,5,4,4,5,5,4,4,5,5,4,5,5,4,4,2,3,3,3,4,5,4,3,4,5,2,3,2,4,1,2,3,4,5.0,3.5,3.67,3.0,4.17,4.5,4.67,3.17,4.17,2.62,3.98
R0314,Retail,Micro: Fewer than 10 employees,6-10 years,Fewer than 10,Urban area,Mixed municipal waste,Not sure,Operations department,3,4,5,4,3,3,3,3,4,3,3,4,5,5,3,2,4,3,3,4,3,3,4,4,4,3,3,3,3,2,3,3,2,3,3,3,4,2,3,3,1,3,4,3,3,4,4,3,5,5,5,5,3,5,3,2,2,2,4,3,2,2,3.67,3.33,3.67,3.5,3.0,2.83,2.67,3.5,4.67,2.5,3.43
R0315,Retail,Small: 10-49 employees,11-20 years,10-49,Commercial area,Food or organic waste,Yes,Operations department,4,4,3,4,4,3,4,4,4,4,4,3,3,3,3,3,3,3,3,3,4,4,3,4,4,3,3,4,4,4,3,5,3,3,5,5,5,4,3,3,3,3,3,5,1,1,2,2,4,5,4,4,4,4,2,3,2,2,2,4,3,3,3.67,3.83,3.0,3.5,3.67,4.0,3.5,2.33,4.17,2.62,3.52
R0316,Retail,Medium: 50-249 employees,11-20 years,100-249,Commercial area,Plastic waste,No,External waste-management agency,3,3,3,3,3,3,3,1,3,2,2,1,5,5,4,5,4,4,5,3,4,4,3,4,2,,3,4,5,3,2,2,3,3,4,3,4,3,3,3,3,2,3,1,2,3,3,4,2,3,4,4,4,3,4,4,3,3,4,3,5,4,3.0,2.0,4.5,3.83,3.4,2.83,3.0,2.67,3.33,3.75,3.17
R0317,Retail,Medium: 50-249 employees,6-10 years,50-99,Urban area,Plastic waste,Under development,Operations department,3,4,4,5,4,4,4,5,4,3,4,3,4,4,4,3,,3,3,3,4,4,4,3,4,4,4,2,3,3,3,4,3,5,2,2,4,2,4,4,3,2,3,2,2,1,2,2,2,3,3,2,3,3,3,2,2,3,3,3,2,4,4.0,3.83,3.6,3.5,3.33,3.17,3.17,2.0,2.67,2.75,3.25
R0318,Manufacturing,Micro: Fewer than 10 employees,Less than 3 years,Fewer than 10,Industrial area,Plastic waste,No,External waste-management agency,2,2,2,3,2,3,2,3,1,3,3,3,4,3,4,5,3,4,,2,4,4,4,3,4,3,3,4,3,4,3,3,3,3,2,4,2,2,2,2,1,3,2,4,3,3,3,3,3,3,3,3,3,3,3,4,3,3,4,2,3,3,2.33,2.5,3.83,3.4,3.5,3.0,2.0,3.0,3.0,3.12,2.95
R0319,Retail,Small: 10-49 employees,6-10 years,10-49,Urban area,Plastic waste,Under development,Environmental or sustainability department,3,3,3,4,4,3,2,1,2,4,1,2,4,3,4,4,4,2,4,3,4,3,5,4,4,5,4,3,4,5,3,3,5,4,2,3,5,4,4,3,3,4,4,4,4,3,5,5,3,4,3,5,3,3,3,1,4,1,3,3,2,3,3.33,2.0,3.5,3.83,4.17,3.33,3.83,4.17,3.5,2.5,3.52
R0320,Retail,Micro: Fewer than 10 employees,11-20 years,Fewer than 10,Urban area,Paper and cardboard,No,Facility management team,,3,3,3,3,3,2,2,3,2,2,2,2,4,2,2,2,3,3,3,3,3,3,3,2,2,3,3,3,3,1,3,2,3,5,4,3,3,3,3,3,1,3,3,4,3,4,3,3,3,2,4,3,2,3,4,3,4,4,2,4,4,3.0,2.17,2.5,3.0,2.67,3.0,2.67,3.33,2.83,3.5,2.8
R0321,Information Technology,Medium: 50-249 employees,3-5 years,50-99,Urban area,Mixed municipal waste,Not sure,Facility management team,5,5,4,4,4,5,4,5,4,3,,3,2,3,4,3,3,3,5,3,4,4,4,4,3,3,5,4,5,3,2,2,2,2,2,2,5,3,4,3,4,4,4,4,4,4,4,,3,4,3,4,4,4,3,4,4,5,4,4,3,3,4.5,3.8,3.0,4.0,3.83,2.0,3.83,4.0,3.67,3.75,3.63
R0322,Information Technology,Micro: Fewer than 10 employees,Less than 3 years,Fewer than 10,Urban area,Mixed municipal waste,Not sure,External waste-management agency,3,2,3,4,3,3,4,4,3,5,4,3,3,3,3,2,4,3,3,4,5,5,3,4,2,2,3,5,3,1,,4,3,3,3,2,2,3,3,4,4,3,3,4,4,5,3,3,3,4,4,4,4,4,2,3,3,5,2,5,4,3,3.0,3.83,3.0,4.0,2.67,3.0,3.17,3.67,3.83,3.38,3.35
R0323,Information Technology,Small: 10-49 employees,11-20 years,50-99,Urban area,Paper and cardboard,No,External waste-management agency,5,5,4,5,4,5,4,4,4,4,4,4,3,3,4,3,3,4,4,4,4,3,5,5,4,4,4,5,4,4,3,3,5,4,3,3,3,3,4,3,4,4,5,4,5,3,5,4,3,5,3,3,4,2,3,3,3,4,3,3,2,2,4.67,4.0,3.33,4.17,4.17,3.5,3.5,4.33,3.33,2.88,3.89
R0324,Retail,Small: 10-49 employees,6-10 years,10-49,Commercial area,Mixed municipal waste,Under development,Facility management team,3,3,3,3,5,3,4,5,5,3,4,5,3,4,5,4,5,4,5,3,3,3,4,3,4,4,4,4,3,3,4,4,4,2,4,4,5,4,3,5,4,4,4,4,4,5,4,4,5,4,4,4,5,3,2,2,4,2,2,1,2,3,3.33,4.33,4.17,3.5,3.67,3.67,4.17,4.17,4.17,2.25,3.91
R0325,Manufacturing,Large: 250 employees or more,6-10 years,100-249,Commercial area,Food or organic waste,Yes,Facility management team,3,1,2,2,3,3,3,4,3,3,3,4,5,4,4,3,5,4,5,4,4,,5,4,3,5,5,4,5,3,4,4,4,3,3,3,4,4,4,4,5,5,3,3,4,4,4,3,,4,5,4,4,4,5,4,4,4,3,4,4,4,2.33,3.33,4.17,4.4,4.17,3.5,4.33,3.5,4.2,4.0,3.77
R0326,Retail,Small: 10-49 employees,11-20 years,10-49,Commercial area,Paper and cardboard,Not sure,Environmental or sustainability department,5,4,4,3,4,2,5,4,4,4,5,4,5,4,4,3,3,3,3,3,2,3,4,3,4,4,4,5,4,5,4,4,4,3,4,4,4,3,5,3,4,4,4,3,3,5,5,5,3,,4,3,3,5,2,3,3,2,3,3,2,3,3.67,4.33,3.67,3.0,4.33,3.83,3.83,4.17,3.6,2.62,3.83
R0327,Hospitality/Services,Micro: Fewer than 10 employees,3-5 years,Fewer than 10,Urban area,Food or organic waste,Not sure,External waste-management agency,3,4,4,3,3,4,3,2,3,4,3,4,3,2,2,3,4,4,3,3,3,2,3,3,3,,2,3,3,4,2,2,2,3,3,2,1,2,3,4,2,2,4,4,3,3,3,3,4,3,3,3,2,4,2,4,4,4,4,3,4,3,3.5,3.17,3.0,2.83,3.0,2.33,2.33,3.33,3.17,3.5,2.96
R0328,Manufacturing,Large: 250 employees or more,3-5 years,250 or more,Industrial area,Plastic waste,Not sure,Facility management team,3,4,4,4,4,3,3,3,3,4,2,2,1,3,3,3,2,3,3,3,3,3,2,3,4,3,4,4,2,3,3,2,4,3,4,3,3,3,3,3,4,3,3,4,1,3,3,2,3,3,3,4,3,3,4,3,3,4,4,3,4,4,3.67,2.83,2.5,2.83,3.33,3.17,3.17,2.67,3.17,3.62,3.04
R0329,Manufacturing,Micro: Fewer than 10 employees,Less than 3 years,Fewer than 10,Semi-urban area,Plastic waste,No,External waste-management agency,3,3,3,4,4,2,4,3,3,4,4,4,3,3,3,3,2,3,3,3,2,4,3,2,2,2,2,3,3,3,2,1,2,2,2,1,,3,1,2,4,3,3,3,3,3,3,4,1,2,2,2,1,2,4,3,3,3,3,3,3,4,3.17,3.67,2.83,2.83,2.5,1.67,2.6,3.17,1.67,3.25,2.68
R0330,Hospitality/Services,Small: 10-49 employees,11-20 years,10-49,Commercial area,Food or organic waste,No,External waste-management agency,3,4,3,4,3,3,3,4,3,4,3,4,3,4,4,4,3,3,3,3,4,2,4,3,3,3,4,3,4,3,3,3,3,3,2,3,3,3,4,3,3,4,3,3,2,3,2,3,3,3,2,2,3,4,4,4,4,5,5,4,4,3,3.33,3.5,3.5,3.17,3.33,2.83,3.33,2.67,2.83,4.12,3.17
R0331,Hospitality/Services,Large: 250 employees or more,11-20 years,250 or more,Semi-urban area,Food or organic waste,Yes,Environmental or sustainability department,5,4,4,4,3,4,4,4,4,3,4,4,4,4,5,4,4,4,4,4,4,3,3,5,4,3,4,4,4,3,4,5,5,3,5,5,3,3,3,5,3,3,3,4,4,4,3,3,4,3,5,3,4,4,2,3,2,4,3,,4,3,4.0,3.83,4.17,3.83,3.67,4.5,3.33,3.5,3.83,3.0,3.85
R0332,Manufacturing,Medium: 50-249 employees,11-20 years,100-249,Industrial area,Plastic waste,Yes,Facility management team,3,5,4,3,3,3,3,4,3,3,4,3,3,4,4,4,3,3,3,4,4,3,3,4,3,3,4,3,3,4,4,4,4,3,5,4,3,4,5,4,4,3,4,3,4,5,4,3,4,5,3,4,2,4,2,4,3,2,4,3,2,4,3.5,3.33,3.5,3.5,3.33,4.0,3.83,3.83,3.67,3.0,3.61
R0333,Information Technology,Micro: Fewer than 10 employees,6-10 years,Fewer than 10,Urban area,Mixed municipal waste,Yes,External waste-management agency,3,4,3,2,4,3,2,3,2,2,3,3,1,3,4,3,2,2,3,3,3,4,3,4,4,3,3,4,2,3,3,3,3,3,2,3,2,2,2,3,3,3,4,5,4,3,3,4,4,5,4,4,4,4,3,3,3,2,3,2,3,3,3.17,2.5,2.5,3.33,3.17,2.83,2.5,3.83,4.17,2.75,3.11
R0334,Retail,Medium: 50-249 employees,Less than 3 years,100-249,Commercial area,Plastic waste,Not sure,Operations department,2,3,3,3,4,2,2,2,4,4,3,4,3,2,3,3,3,4,3,4,3,3,3,3,2,3,2,2,3,2,3,3,3,3,4,4,3,4,3,4,,4,2,4,2,3,3,2,4,4,4,3,4,4,3,4,3,4,3,3,2,3,2.83,3.17,3.0,3.17,2.33,3.33,3.6,2.67,3.83,3.12,3.1
R0335,Retail,Small: 10-49 employees,3-5 years,10-49,Commercial area,Plastic waste,Under development,External waste-management agency,2,3,3,3,4,3,4,4,4,4,4,3,3,4,3,3,2,2,4,3,4,4,4,2,4,3,4,3,3,3,4,4,3,2,4,3,2,4,3,3,4,3,4,3,4,3,4,4,4,3,3,4,4,4,3,2,4,2,5,2,3,3,3.0,3.83,2.83,3.5,3.33,3.33,3.17,3.67,3.67,3.0,3.37
R0336,Retail,Medium: 50-249 employees,6-10 years,50-99,Commercial area,Food or organic waste,Under development,Operations department,3,2,1,3,,2,3,3,4,,2,4,4,3,3,1,3,2,3,3,4,4,2,3,3,5,3,3,3,3,4,2,3,3,2,4,3,2,1,3,3,2,3,5,4,4,4,3,3,2,4,3,2,3,3,4,3,1,3,2,4,3,2.2,3.2,2.67,3.17,3.33,3.0,2.33,3.83,2.83,2.88,2.95
R0337,Hospitality/Services,Medium: 50-249 employees,11-20 years,50-99,Urban area,Paper and cardboard,Not sure,Operations department,2,3,3,4,4,3,4,3,3,4,3,3,4,4,3,3,4,5,4,3,3,2,5,3,3,3,4,4,2,3,4,3,4,3,4,4,3,4,2,3,2,4,3,4,3,3,2,3,3,3,1,2,3,3,3,4,3,2,2,3,4,4,3.17,3.33,3.83,3.33,3.17,3.67,3.0,3.0,2.5,3.12,3.22
R0338,Manufacturing,Small: 10-49 employees,Less than 3 years,10-49,Semi-urban area,Mixed municipal waste,Yes,Operations department,2,3,3,2,3,2,3,4,4,4,4,5,3,3,3,4,4,3,4,3,4,3,3,3,3,5,3,3,4,3,4,4,4,5,4,4,4,4,5,3,4,3,3,3,4,3,4,4,4,3,5,5,4,4,3,4,5,4,4,4,3,4,2.5,4.0,3.33,3.33,3.5,4.17,3.83,3.5,4.17,3.88,3.59
R0339,Information Technology,Large: 250 employees or more,11-20 years,250 or more,Urban area,Paper and cardboard,Yes,Facility management team,3,3,3,2,3,3,4,4,4,4,3,4,4,4,3,3,3,3,3,4,5,3,5,4,4,4,3,4,5,3,4,4,3,4,4,3,4,3,4,3,3,3,4,5,5,4,4,3,4,3,4,4,4,3,2,1,3,3,1,3,2,,2.83,3.83,3.33,4.0,3.83,3.67,3.33,4.17,3.67,2.14,3.63
R0340,Manufacturing,Medium: 50-249 employees,6-10 years,50-99,Industrial area,Paper and cardboard,Under development,Operations department,4,3,3,5,4,3,5,4,5,5,5,4,4,4,4,4,4,5,4,3,4,4,5,4,3,3,2,2,3,4,4,4,4,3,3,3,4,4,4,5,4,4,3,2,4,5,4,4,5,5,5,4,5,4,2,3,3,2,2,2,3,3,3.67,4.67,4.17,4.0,2.83,3.5,4.17,3.67,4.67,2.5,3.93
R0341,Healthcare,Small: 10-49 employees,Less than 3 years,10-49,Urban area,Paper and cardboard,No,External waste-management agency,3,3,3,3,2,2,3,2,3,4,3,3,2,3,3,3,4,2,4,3,3,5,4,3,2,3,3,3,4,3,1,2,2,1,1,1,3,2,2,2,2,2,3,2,3,3,2,3,1,3,1,1,2,2,4,5,4,2,3,3,3,3,2.67,3.0,2.83,3.67,3.0,1.33,2.17,2.67,1.67,3.38,2.56
R0342,Healthcare,Small: 10-49 employees,6-10 years,10-49,Urban area,Food or organic waste,No,External waste-management agency,3,4,3,3,5,3,4,3,3,3,3,3,4,5,4,3,4,3,3,4,3,3,4,4,3,3,3,3,3,4,2,3,4,3,3,3,4,5,3,4,5,5,2,2,3,3,2,3,5,3,3,4,4,3,2,2,3,3,2,3,2,2,3.5,3.17,3.83,3.5,3.17,3.0,4.33,2.5,3.67,2.38,3.41
R0343,Information Technology,Medium: 50-249 employees,Less than 3 years,50-99,Industrial area,Paper and cardboard,Under development,External waste-management agency,3,1,3,3,2,3,3,3,3,4,4,4,4,3,4,3,3,4,4,5,4,4,4,3,3,3,3,3,3,4,4,4,3,4,3,3,3,3,3,3,3,2,3,4,5,3,4,4,,3,3,4,3,4,4,5,5,3,4,4,3,4,2.5,3.5,3.5,4.0,3.17,3.5,2.83,3.83,3.4,4.0,3.36
R0344,Hospitality/Services,Medium: 50-249 employees,3-5 years,50-99,Semi-urban area,Plastic waste,No,Facility management team,4,4,4,4,5,5,3,3,2,3,4,2,4,3,4,3,4,5,3,4,3,3,5,4,3,5,5,3,4,3,3,4,2,4,2,4,2,4,3,3,4,4,4,4,3,4,5,4,3,3,2,3,3,3,3,3,4,4,3,3,3,2,4.33,2.83,3.83,3.67,3.83,3.17,3.33,4.0,2.83,3.12,3.54
R0345,Information Technology,Large: 250 employees or more,6-10 years,100-249,Urban area,Paper and cardboard,Under development,Facility management team,2,2,2,2,2,2,2,2,2,2,2,2,2,2,2,2,2,2,2,2,2,2,2,2,2,2,2,2,2,2,2,2,2,2,2,2,2,2,2,2,2,2,2,,2,2,2,2,2,2,2,2,2,2,2,2,2,2,2,2,2,2,2.0,2.0,2.0,2.0,2.0,2.0,2.0,2.0,2.0,2.0,2.0
R0346,Information Technology,Micro: Fewer than 10 employees,Less than 3 years,Fewer than 10,Semi-urban area,Plastic waste,No,External waste-management agency,1,3,2,2,2,2,2,3,2,3,3,1,2,1,3,2,2,3,3,4,3,4,3,3,4,1,3,3,2,2,3,1,1,3,3,2,2,3,3,3,3,2,2,2,2,4,2,2,3,2,2,3,2,3,4,3,2,3,3,3,3,4,2.0,2.33,2.17,3.33,2.5,2.17,2.67,2.33,2.5,3.12,2.44
R0347,Manufacturing,Medium: 50-249 employees,3-5 years,10-49,Industrial area,Mixed municipal waste,No,Facility management team,3,2,3,3,3,4,3,4,3,5,3,3,2,2,2,2,2,4,2,2,3,3,2,3,3,3,3,4,3,2,3,2,3,4,3,3,3,5,4,4,4,4,4,4,4,4,4,3,4,4,3,2,3,3,2,3,2,3,2,2,2,2,3.0,3.5,2.33,2.5,3.0,3.0,4.0,3.83,3.17,2.25,3.15
R0348,Hospitality/Services,Large: 250 employees or more,3-5 years,100-249,Urban area,Plastic waste,Under development,Operations department,4,5,4,4,4,4,3,3,3,3,3,4,4,5,3,4,4,4,3,4,4,2,4,3,5,4,5,3,4,4,3,4,4,5,5,4,3,3,,3,3,4,4,4,5,5,4,4,4,4,4,2,4,4,2,3,2,2,2,1,3,2,4.17,3.17,4.0,3.33,4.17,4.17,3.2,4.33,3.67,2.12,3.8
R0349,Retail,Micro: Fewer than 10 employees,6-10 years,Fewer than 10,Urban area,Plastic waste,No,External waste-management agency,4,3,3,3,3,3,1,2,2,2,2,3,2,3,3,3,3,2,4,3,4,3,3,4,2,3,3,3,3,3,2,3,3,3,4,3,3,3,2,3,2,3,3,3,3,3,3,3,1,3,3,3,2,3,3,3,4,3,4,5,4,2,3.17,2.0,2.67,3.5,2.83,3.0,2.67,3.0,2.5,3.5,2.82
R0350,Retail,Large: 250 employees or more,11-20 years,250 or more,Urban area,Plastic waste,Yes,Facility management team,4,4,3,4,4,4,3,3,4,3,4,4,4,4,5,5,5,4,5,5,4,4,5,5,4,4,4,4,5,4,4,5,4,4,3,4,4,4,4,3,4,5,4,3,3,3,4,4,3,3,3,3,,3,4,4,3,3,3,4,3,4,3.83,3.5,4.5,4.67,4.17,4.0,4.0,3.5,3.0,3.5,3.91
R0351,Retail,Large: 250 employees or more,11-20 years,250 or more,Semi-urban area,Plastic waste,Not sure,Facility management team,3,3,3,3,4,4,3,3,3,2,3,2,5,4,3,3,3,4,4,3,3,3,4,2,3,4,4,4,2,4,5,5,3,5,4,5,4,3,4,4,3,3,3,4,3,2,3,3,4,3,3,3,3,4,3,4,4,4,3,3,4,5,3.33,2.67,3.67,3.17,3.5,4.5,3.5,3.0,3.33,3.75,3.41
R0352,Retail,Large: 250 employees or more,6-10 years,100-249,Commercial area,Mixed municipal waste,Yes,Operations department,4,1,4,4,3,2,3,4,5,3,4,3,4,5,3,4,5,3,,4,3,4,4,3,2,5,4,4,,4,4,4,3,2,4,2,4,5,4,3,3,4,5,4,4,4,4,4,3,3,3,4,3,3,3,3,4,2,,3,2,4,3.0,3.67,4.0,3.6,3.8,3.17,3.83,4.17,3.17,3.0,3.6
R0353,Healthcare,Large: 250 employees or more,Less than 3 years,250 or more,Urban area,Mixed municipal waste,Not sure,Facility management team,4,2,3,2,2,3,3,3,,4,3,4,3,2,3,5,3,3,2,3,4,3,3,4,4,4,4,3,2,4,3,3,3,3,3,2,4,4,5,4,4,4,3,4,3,2,3,3,4,3,3,4,3,3,4,3,3,2,5,3,4,3,2.67,3.4,3.17,3.17,3.5,2.83,4.17,3.0,3.33,3.38,3.25
R0354,Retail,Medium: 50-249 employees,11-20 years,100-249,Industrial area,Food or organic waste,Yes,Facility management team,4,4,3,3,3,3,4,4,3,5,3,3,4,3,4,4,3,3,4,4,3,3,4,4,5,2,4,4,4,4,3,3,2,3,4,4,5,3,5,4,3,5,5,3,4,4,3,5,3,4,3,3,3,4,3,2,4,3,3,3,3,3,3.33,3.67,3.5,3.67,3.83,3.17,4.17,4.0,3.33,3.0,3.63
R0355,Manufacturing,Micro: Fewer than 10 employees,6-10 years,Fewer than 10,Industrial area,Plastic waste,Not sure,Facility management team,3,3,4,4,4,3,4,4,3,3,2,3,3,4,4,3,4,4,4,3,4,4,4,4,4,3,3,4,3,4,4,4,3,3,4,3,3,4,2,3,4,4,3,5,3,4,3,4,4,3,2,3,3,4,3,4,3,4,3,3,3,2,3.5,3.17,3.67,3.83,3.5,3.5,3.33,3.67,3.17,3.12,3.48
R0356,Hospitality/Services,Micro: Fewer than 10 employees,6-10 years,Fewer than 10,Semi-urban area,Mixed municipal waste,Not sure,External waste-management agency,3,4,4,4,4,3,4,3,3,3,5,3,4,4,5,5,5,5,3,3,3,3,3,3,4,3,3,2,3,3,3,3,4,4,3,4,4,4,3,5,4,4,2,2,3,3,3,3,3,3,4,2,4,3,2,3,3,3,3,2,5,2,3.67,3.5,4.67,3.0,3.0,3.5,4.0,2.67,3.17,2.88,3.46
R0357,Hospitality/Services,Medium: 50-249 employees,11-20 years,100-249,Urban area,Mixed municipal waste,Yes,Environmental or sustainability department,4,4,4,5,4,3,4,4,3,4,5,3,4,4,3,4,3,4,4,4,5,5,4,4,3,4,3,3,4,3,4,3,5,2,5,4,3,3,2,3,3,4,4,3,4,3,3,3,3,3,4,3,4,2,4,3,3,4,2,2,3,3,4.0,3.83,3.67,4.33,3.33,3.83,3.0,3.33,3.17,3.0,3.61
R0358,Retail,Small: 10-49 employees,Less than 3 years,10-49,Semi-urban area,Paper and cardboard,Yes,External waste-management agency,3,3,4,3,4,3,4,4,3,4,5,4,4,3,4,5,5,5,4,4,4,4,4,4,4,4,4,4,3,4,5,5,,4,5,5,3,2,4,3,4,4,4,4,5,4,4,4,4,3,3,4,4,4,4,3,3,3,4,4,4,3,3.33,4.0,4.33,4.0,3.83,4.8,3.33,4.17,3.67,3.5,3.94
R0359,Hospitality/Services,Micro: Fewer than 10 employees,6-10 years,Fewer than 10,Commercial area,Food or organic waste,No,External waste-management agency,2,2,2,2,2,3,2,3,1,1,3,3,4,3,3,3,2,3,3,3,2,3,3,3,2,2,3,4,4,5,4,2,3,3,4,4,3,3,3,3,4,3,3,4,4,3,3,3,4,4,3,3,3,3,5,4,4,3,4,4,4,5,2.17,2.17,3.0,2.83,3.33,3.33,3.17,3.33,3.33,4.12,2.96
R0360,Retail,Small: 10-49 employees,6-10 years,10-49,Commercial area,Mixed municipal waste,Not sure,Environmental or sustainability department,3,2,4,4,3,4,4,2,3,2,3,3,4,2,2,4,2,4,3,3,4,4,4,3,3,4,5,3,4,4,4,3,4,2,3,3,4,4,4,4,4,3,3,3,3,3,3,2,3,4,4,4,5,4,3,3,2,4,4,3,3,2,3.33,2.83,3.0,3.5,3.83,3.17,3.83,2.83,4.0,3.0,3.37
R0361,Retail,Medium: 50-249 employees,11-20 years,100-249,Urban area,Paper and cardboard,No,Operations department,3,2,2,3,2,4,4,3,3,5,3,2,3,4,3,3,4,4,3,2,3,2,3,4,3,3,4,2,3,3,4,4,3,4,3,3,3,4,3,5,2,3,5,4,3,5,4,3,4,4,4,5,4,5,4,4,2,2,4,3,4,3,2.67,3.33,3.5,2.83,3.0,3.5,3.33,4.0,4.33,3.25,3.39
R0362,Hospitality/Services,Micro: Fewer than 10 employees,11-20 years,Fewer than 10,Industrial area,Food or organic waste,Not sure,Operations department,4,3,4,4,3,4,4,4,4,4,4,4,3,3,3,3,5,5,2,3,2,4,2,3,5,4,4,3,2,,3,3,4,3,4,4,4,3,3,2,3,3,5,3,3,3,3,3,3,3,4,4,3,3,3,2,3,3,4,3,4,3,3.67,4.0,3.67,2.67,3.6,3.5,3.0,3.33,3.33,3.12,3.42
R0363,Healthcare,Medium: 50-249 employees,11-20 years,50-99,Urban area,Mixed municipal waste,Not sure,Facility management team,4,4,3,4,3,3,4,4,4,4,4,3,4,4,3,3,4,3,5,5,4,5,5,4,3,3,3,4,5,4,4,3,4,4,4,4,4,4,4,3,4,3,3,3,4,4,4,5,4,4,4,4,4,5,4,4,2,4,3,,3,2,3.5,3.83,3.5,4.67,3.67,3.83,3.67,3.83,4.17,3.14,3.85
R0364,Information Technology,Medium: 50-249 employees,Less than 3 years,100-249,Urban area,Paper and cardboard,No,Operations department,2,3,3,3,3,3,3,4,3,4,3,5,3,4,4,4,3,4,3,5,3,3,3,2,3,,3,3,2,2,3,3,4,3,3,4,3,3,3,4,3,4,3,2,2,3,3,4,2,4,3,2,2,1,4,3,3,3,4,5,5,4,2.83,3.67,3.67,3.17,2.6,3.33,3.33,2.83,2.33,3.88,3.08
R0365,Retail,Micro: Fewer than 10 employees,Less than 3 years,Fewer than 10,Semi-urban area,Paper and cardboard,Under development,Operations department,2,2,3,3,3,2,2,3,3,3,2,2,3,3,3,3,4,3,3,3,4,2,3,3,4,4,4,4,4,3,4,3,5,3,3,3,4,4,5,4,3,4,5,4,4,5,4,3,3,4,5,4,3,3,1,3,4,4,2,3,3,4,2.5,2.5,3.17,3.0,3.83,3.5,4.0,4.17,3.67,3.0,3.37
R0366,Retail,Large: 250 employees or more,11-20 years,250 or more,Commercial area,Paper and cardboard,Under development,Facility management team,4,4,5,4,4,4,4,5,4,4,,4,5,4,5,4,5,5,3,4,3,3,3,3,4,3,4,3,4,4,5,5,4,4,4,4,3,3,3,4,3,4,4,4,4,4,4,4,5,4,4,5,5,5,2,3,3,3,3,3,3,5,4.17,4.2,4.67,3.17,3.67,4.33,3.33,4.0,4.67,3.12,4.02
R0367,Manufacturing,Micro: Fewer than 10 employees,Less than 3 years,Fewer than 10,Industrial area,Plastic waste,No,Operations department,2,2,3,2,2,3,4,4,4,4,4,5,3,2,2,4,3,4,,3,3,3,3,3,3,4,4,3,5,4,3,2,2,3,2,1,4,5,5,2,5,4,4,3,3,3,3,3,3,3,4,4,3,4,4,4,4,4,5,4,4,5,2.33,4.17,3.0,3.0,3.83,2.17,4.17,3.17,3.5,4.25,3.26
R0368,Hospitality/Services,Medium: 50-249 employees,Less than 3 years,100-249,Commercial area,Food or organic waste,No,Operations department,3,5,4,3,5,4,3,3,2,3,3,3,5,3,4,3,3,4,3,4,3,4,5,3,3,3,2,3,2,3,4,3,3,4,3,3,3,2,3,3,2,2,3,3,3,3,4,3,4,3,4,4,3,3,4,3,3,4,3,2,3,3,4.0,2.83,3.67,3.67,2.67,3.33,2.5,3.17,3.5,3.12,3.26
R0369,Manufacturing,Large: 250 employees or more,6-10 years,100-249,Industrial area,Mixed municipal waste,Yes,Environmental or sustainability department,5,4,4,3,3,2,4,4,3,4,3,4,3,3,3,3,3,4,2,3,2,3,3,3,5,4,4,3,4,3,4,4,4,4,3,3,3,4,4,4,4,4,3,4,5,4,3,4,4,3,3,4,4,4,3,3,3,3,3,3,3,3,3.5,3.67,3.17,2.67,3.83,3.67,3.83,3.83,3.67,3.0,3.54
R0370,Retail,Large: 250 employees or more,11-20 years,250 or more,Commercial area,Plastic waste,Under development,Environmental or sustainability department,2,4,3,4,4,5,3,4,5,3,4,4,5,4,4,3,4,4,3,3,4,3,3,3,3,2,3,5,5,4,3,,3,4,3,3,4,4,3,4,4,3,3,3,4,4,4,3,3,4,3,3,4,3,5,3,5,3,4,4,4,4,3.67,3.83,4.0,3.17,3.67,3.2,3.67,3.5,3.33,4.0,3.56
R0371,Manufacturing,Large: 250 employees or more,6-10 years,250 or more,Urban area,Plastic waste,Not sure,Facility management team,4,2,3,5,4,4,3,3,4,3,2,4,5,3,3,2,3,4,3,3,3,3,3,3,5,4,4,4,3,3,4,3,5,3,4,4,3,3,3,,4,4,4,3,3,4,3,3,3,4,3,3,3,3,4,5,5,2,3,4,4,3,3.67,3.17,3.33,3.0,3.83,3.83,3.4,3.33,3.17,3.75,3.41
R0372,Healthcare,Small: 10-49 employees,11-20 years,10-49,Urban area,Mixed municipal waste,Under development,Operations department,5,4,4,4,4,5,3,3,4,4,3,3,4,5,4,4,4,3,5,3,3,4,3,3,4,4,5,4,4,3,4,5,3,4,5,3,4,5,4,3,4,4,4,5,3,3,4,4,5,4,4,4,3,5,2,1,1,3,2,2,1,3,4.33,3.33,4.0,3.5,4.0,4.0,4.0,3.83,4.17,1.88,3.91
R0373,Retail,Large: 250 employees or more,Less than 3 years,250 or more,Urban area,Food or organic waste,Not sure,Environmental or sustainability department,5,4,5,4,4,3,3,1,5,3,3,4,4,4,4,5,3,3,5,5,5,5,4,3,4,5,5,3,4,5,4,3,4,5,3,3,4,4,4,3,3,3,3,3,3,3,2,,4,4,3,4,3,4,2,4,,2,4,4,3,2,4.17,3.17,3.83,4.5,4.33,3.67,3.5,2.8,3.67,3.0,3.74
R0374,Information Technology,Small: 10-49 employees,6-10 years,10-49,Urban area,Paper and cardboard,Yes,External waste-management agency,4,4,5,4,5,4,3,2,3,2,3,3,4,4,4,3,4,2,4,4,4,4,4,3,4,4,,4,4,3,2,4,3,5,5,4,4,3,3,4,4,3,3,3,3,4,3,3,4,4,4,3,4,4,4,3,1,1,2,2,1,1,4.33,2.67,3.5,3.83,3.8,3.83,3.5,3.17,3.83,1.88,3.61
R0375,Retail,Medium: 50-249 employees,Less than 3 years,10-49,Semi-urban area,Plastic waste,Under development,Facility management team,4,3,3,3,2,2,3,4,4,3,4,4,4,4,4,4,3,5,3,3,4,3,3,4,4,4,5,4,4,5,3,2,4,4,3,4,3,4,4,3,3,3,2,2,3,5,3,3,4,5,5,5,5,4,2,1,3,3,3,2,2,2,2.83,3.67,4.0,3.33,4.33,3.33,3.33,3.0,4.67,2.25,3.61
R0376,Manufacturing,Large: 250 employees or more,11-20 years,250 or more,Urban area,Food or organic waste,Yes,Environmental or sustainability department,5,5,5,5,5,4,5,4,5,5,5,5,5,4,4,3,4,4,4,4,4,2,4,2,4,5,5,5,5,5,5,4,4,3,4,5,5,4,4,5,5,5,3,4,3,4,3,3,4,4,3,5,5,5,2,2,2,1,2,2,2,1,4.83,4.83,4.0,3.33,4.83,4.17,4.67,3.33,4.33,1.75,4.26
R0377,Manufacturing,Medium: 50-249 employees,Less than 3 years,100-249,Industrial area,Mixed municipal waste,Under development,Operations department,3,4,4,3,4,4,3,3,2,3,2,3,3,4,4,4,4,4,4,4,4,4,4,3,4,4,3,4,4,4,4,3,3,3,3,4,3,3,3,4,4,4,1,2,2,3,2,3,4,4,5,5,3,4,3,3,3,5,3,4,3,3,3.67,2.67,3.83,3.83,3.83,3.33,3.5,2.17,4.17,3.38,3.44
R0378,Manufacturing,Micro: Fewer than 10 employees,Less than 3 years,Fewer than 10,Industrial area,Mixed municipal waste,No,External waste-management agency,3,2,2,2,3,3,2,3,3,2,3,2,2,2,3,4,1,2,2,2,3,2,3,3,2,2,2,2,3,3,3,3,3,3,2,3,2,3,3,3,3,3,1,2,2,2,2,2,3,3,2,4,3,4,5,5,2,3,5,4,4,4,2.5,2.5,2.33,2.5,2.33,2.83,2.83,1.83,3.17,4.0,2.54
R0379,Information Technology,Medium: 50-249 employees,11-20 years,100-249,Urban area,Mixed municipal waste,Under development,Facility management team,5,5,4,5,4,5,3,5,4,4,3,5,4,3,5,5,4,4,4,5,3,3,4,4,2,4,4,4,3,3,5,5,5,5,4,4,3,3,5,4,4,5,4,4,4,3,3,3,4,4,4,5,4,5,2,2,1,2,1,1,1,2,4.67,4.0,4.17,3.83,3.33,4.67,4.0,3.5,4.33,1.5,4.06
R0380,Information Technology,Micro: Fewer than 10 employees,6-10 years,Fewer than 10,Commercial area,Plastic waste,Under development,Operations department,3,3,3,4,3,4,,4,4,4,4,4,4,5,3,4,4,3,2,3,3,2,2,1,4,4,4,4,3,4,2,3,2,2,3,3,4,4,4,3,2,3,2,4,2,2,1,2,4,4,4,5,4,3,3,3,4,3,2,2,3,3,3.33,4.0,3.83,2.17,3.83,2.5,3.33,2.17,4.0,2.88,3.24
R0381,Retail,Large: 250 employees or more,6-10 years,250 or more,Commercial area,Mixed municipal waste,Under development,Operations department,4,4,3,4,4,5,4,3,4,4,4,4,4,3,5,3,4,4,5,4,5,4,4,3,2,3,2,2,3,2,4,2,4,4,4,3,3,3,4,3,4,4,3,2,3,4,3,4,3,4,3,3,2,3,2,3,3,3,4,3,3,2,4.0,3.83,3.83,4.17,2.33,3.5,3.5,3.17,3.0,2.88,3.48
R0382,Retail,Large: 250 employees or more,11-20 years,100-249,Commercial area,Plastic waste,Under development,Facility management team,3,4,4,4,5,3,4,4,3,5,4,4,4,4,5,5,5,3,5,5,5,3,4,4,5,4,4,5,4,,,4,5,5,5,5,3,5,4,3,4,4,3,3,3,4,4,3,4,3,4,4,4,3,3,2,3,4,2,3,2,2,3.83,4.0,4.33,4.33,4.4,4.8,3.83,3.33,3.67,2.62,4.06
R0383,Manufacturing,Medium: 50-249 employees,3-5 years,100-249,Industrial area,Plastic waste,No,External waste-management agency,3,3,2,2,3,2,5,4,3,3,3,4,2,2,2,2,2,1,3,4,4,3,4,3,3,3,3,4,4,4,3,2,2,1,3,2,4,4,4,5,2,2,4,3,3,3,3,3,3,2,3,3,3,2,3,4,5,3,4,4,3,4,2.5,3.67,1.83,3.5,3.5,2.17,3.5,3.17,2.67,3.75,2.95
R0384,Information Technology,Micro: Fewer than 10 employees,Less than 3 years,Fewer than 10,Urban area,Mixed municipal waste,No,External waste-management agency,2,3,2,4,4,,2,3,3,2,3,3,2,2,3,3,3,2,3,3,4,3,3,4,4,,2,2,2,3,3,4,3,4,3,3,3,1,1,2,2,2,3,3,3,3,3,3,4,4,4,4,4,4,4,4,4,4,3,4,4,4,3.0,2.67,2.5,3.33,2.6,3.33,1.83,3.0,4.0,3.88,2.92
R0385,Hospitality/Services,Micro: Fewer than 10 employees,Less than 3 years,Fewer than 10,Urban area,Plastic waste,Not sure,External waste-management agency,4,3,3,4,4,4,3,4,3,4,2,4,3,3,3,2,3,2,2,3,4,3,3,3,4,3,3,2,3,2,2,3,2,3,2,4,3,3,1,4,3,2,3,3,3,3,3,3,3,3,4,3,1,3,2,4,2,2,3,3,2,3,3.67,3.33,2.67,3.0,2.83,2.67,2.67,3.0,2.83,2.62,2.96
R0386,Information Technology,Medium: 50-249 employees,6-10 years,50-99,Semi-urban area,Paper and cardboard,Not sure,Environmental or sustainability department,3,2,2,2,4,3,3,3,3,2,3,4,3,3,3,4,2,4,3,4,4,4,4,3,3,2,3,5,3,3,3,2,,2,3,3,3,4,3,3,4,4,3,4,4,4,5,4,3,3,2,2,3,3,3,4,3,4,4,4,,4,2.67,3.0,3.17,3.67,3.17,2.6,3.5,4.0,2.67,3.71,3.16
R0387,Manufacturing,Small: 10-49 employees,11-20 years,10-49,Urban area,Mixed municipal waste,Not sure,Operations department,4,4,4,4,4,3,3,3,2,3,3,2,3,3,2,3,3,5,3,3,3,4,4,4,5,4,4,2,3,5,3,4,4,4,,3,4,4,3,2,2,4,4,4,3,4,4,4,4,5,4,5,3,3,3,3,5,4,4,,4,3,3.83,2.67,3.17,3.5,3.83,3.6,3.17,3.83,4.0,3.71,3.51
R0388,Retail,Medium: 50-249 employees,11-20 years,100-249,Commercial area,Paper and cardboard,Not sure,External waste-management agency,2,3,3,3,5,4,3,3,4,4,3,4,4,4,4,4,3,4,4,4,4,4,3,4,3,4,3,3,4,3,4,2,4,3,4,3,2,3,3,3,3,3,4,3,2,3,2,4,4,4,4,3,4,4,2,3,4,4,4,3,4,3,3.33,3.5,3.83,3.83,3.33,3.33,2.83,3.0,3.83,3.38,3.42
R0389,Hospitality/Services,Small: 10-49 employees,6-10 years,10-49,Urban area,Paper and cardboard,No,Facility management team,2,1,3,3,2,3,3,3,3,3,2,2,4,4,4,4,4,2,2,3,3,3,2,1,5,4,4,5,5,4,3,5,5,4,3,3,3,4,4,4,4,4,3,3,5,4,3,3,3,3,4,3,5,3,4,2,3,2,3,3,3,3,2.33,2.67,3.67,2.33,4.5,3.83,3.83,3.5,3.5,2.88,3.35
R0390,Manufacturing,Medium: 50-249 employees,Less than 3 years,50-99,Industrial area,Plastic waste,No,Operations department,4,3,3,3,3,2,3,3,4,3,2,4,3,4,3,4,3,5,3,3,2,2,3,3,4,3,3,4,4,3,2,2,2,2,2,2,3,3,1,3,2,3,3,3,3,4,2,3,3,3,3,3,2,2,2,3,2,3,2,3,2,2,3.0,3.17,3.67,2.67,3.5,2.0,2.5,3.0,2.67,2.38,2.91
R0391,Healthcare,Micro: Fewer than 10 employees,Less than 3 years,Fewer than 10,Urban area,Food or organic waste,No,External waste-management agency,3,3,3,3,3,3,3,3,2,3,3,3,1,2,2,2,2,2,3,5,3,3,4,3,3,2,3,3,3,3,3,2,3,3,3,4,2,2,3,3,3,3,2,2,3,2,1,3,1,3,1,2,2,1,3,4,4,3,4,4,4,4,3.0,2.83,1.83,3.5,2.83,3.0,2.67,2.17,1.67,3.75,2.61
R0392,Hospitality/Services,Small: 10-49 employees,6-10 years,10-49,Commercial area,Food or organic waste,No,Operations department,2,3,3,3,3,3,4,4,4,3,4,5,3,2,3,3,3,2,4,5,4,4,5,5,4,3,3,5,3,4,3,4,3,4,2,5,3,2,4,3,3,3,3,2,2,3,3,2,4,3,4,4,4,5,1,3,2,2,2,3,,3,2.83,4.0,2.67,4.5,3.67,3.5,3.0,2.5,4.0,2.29,3.41
R0393,Information Technology,Small: 10-49 employees,3-5 years,10-49,Commercial area,Paper and cardboard,Under development,External waste-management agency,3,3,3,,3,2,4,5,3,3,4,4,3,2,2,2,3,4,3,5,4,4,5,3,4,3,4,3,3,2,3,2,3,2,2,3,2,4,3,2,4,4,4,4,4,3,4,3,3,4,3,3,3,3,3,3,5,3,3,3,3,3,2.8,3.83,2.67,4.0,3.17,2.5,3.17,3.67,3.17,3.25,3.22
R0394,Healthcare,Small: 10-49 employees,6-10 years,50-99,Urban area,Mixed municipal waste,Yes,Environmental or sustainability department,5,5,5,4,3,5,2,3,3,3,3,3,4,3,4,4,3,3,4,5,5,4,5,4,4,4,4,3,4,5,3,2,3,3,3,4,3,2,4,3,2,2,3,2,4,3,4,4,3,4,2,3,2,3,2,3,3,4,2,2,2,4,4.5,2.83,3.5,4.5,4.0,3.0,2.67,3.33,2.83,2.75,3.46
R0395,Retail,Large: 250 employees or more,3-5 years,250 or more,Urban area,Plastic waste,Under development,Facility management team,4,3,4,3,3,4,3,3,3,4,3,4,3,4,4,3,4,3,3,4,3,3,4,3,2,3,3,3,3,3,3,4,4,3,4,3,2,4,4,4,4,4,4,3,4,3,5,4,5,5,5,4,4,4,3,3,4,4,4,3,2,3,3.5,3.33,3.5,3.33,2.83,3.5,3.67,3.83,4.5,3.25,3.55
R0396,Hospitality/Services,Large: 250 employees or more,11-20 years,250 or more,Urban area,Plastic waste,Not sure,External waste-management agency,4,3,4,4,3,3,5,4,4,3,4,3,4,4,3,4,4,3,4,2,3,4,4,4,4,4,3,3,3,2,5,5,4,4,4,4,4,4,3,3,4,4,3,5,3,3,3,4,3,3,3,4,3,2,3,2,3,3,3,2,2,3,3.5,3.83,3.67,3.5,3.17,4.33,3.67,3.5,3.0,2.62,3.57
R0397,Retail,Medium: 50-249 employees,3-5 years,10-49,Urban area,Mixed municipal waste,Yes,Facility management team,4,3,3,3,3,3,5,4,4,4,5,4,3,4,3,5,4,3,4,4,4,3,4,4,3,2,3,3,3,3,4,3,3,3,4,4,2,2,3,3,3,3,2,3,3,3,3,3,4,4,5,5,4,3,2,2,2,1,1,2,1,3,3.17,4.33,3.67,3.83,2.83,3.5,2.67,2.83,4.17,1.75,3.44
R0398,Hospitality/Services,Medium: 50-249 employees,3-5 years,50-99,Urban area,Mixed municipal waste,Under development,Environmental or sustainability department,3,4,4,4,3,4,3,4,3,3,3,3,3,3,3,3,2,3,3,2,2,2,2,2,4,4,2,3,4,4,4,3,4,3,3,5,4,4,4,4,3,3,3,2,3,4,3,4,3,4,3,2,3,4,3,4,2,4,3,3,3,3,3.67,3.17,2.83,2.17,3.5,3.67,3.67,3.17,3.17,3.12,3.22
R0399,Retail,Micro: Fewer than 10 employees,6-10 years,Fewer than 10,Semi-urban area,Plastic waste,Not sure,Operations department,4,4,3,4,3,4,3,3,2,4,2,3,4,4,5,4,5,4,4,3,4,4,4,5,4,2,4,3,3,3,3,2,3,3,3,3,3,3,3,4,2,4,4,5,4,4,4,4,5,4,5,4,3,4,3,3,4,3,3,3,2,3,3.67,2.83,4.33,4.0,3.17,2.83,3.17,4.17,4.17,3.0,3.59
R0400,Information Technology,Small: 10-49 employees,11-20 years,Fewer than 10,Semi-urban area,Mixed municipal waste,No,External waste-management agency,4,4,4,4,3,3,2,4,2,4,3,3,3,4,3,4,4,3,,4,3,3,3,3,2,3,3,2,2,3,4,3,2,2,2,2,4,4,4,4,3,5,2,3,3,3,4,4,3,2,3,3,3,2,3,4,3,3,3,3,3,4,3.67,3.0,3.5,3.2,2.5,2.5,4.0,3.17,2.67,3.25,3.13
R0401,Hospitality/Services,Small: 10-49 employees,11-20 years,10-49,Commercial area,Plastic waste,Not sure,External waste-management agency,4,4,4,4,4,4,3,3,3,3,4,4,4,4,4,4,,2,4,,4,4,3,3,3,4,5,3,4,5,2,3,3,4,3,4,3,2,4,4,2,3,4,2,4,3,3,,4,5,5,4,4,3,4,4,4,4,4,4,4,3,4.0,3.33,3.6,3.6,4.0,3.17,3.0,3.2,4.17,3.88,3.56
R0402,Healthcare,Small: 10-49 employees,Less than 3 years,10-49,Urban area,Plastic waste,Under development,External waste-management agency,3,3,4,2,2,4,4,3,2,3,3,3,4,4,4,4,4,3,4,3,4,4,4,5,4,4,4,4,3,4,4,,3,3,4,3,5,4,4,4,4,4,4,4,3,3,4,3,5,4,4,4,5,5,2,3,3,2,2,3,2,3,3.0,3.0,3.83,4.0,3.83,3.4,4.17,3.5,4.5,2.5,3.69
R0403,Retail,Large: 250 employees or more,11-20 years,250 or more,Urban area,Plastic waste,Under development,Environmental or sustainability department,4,4,4,3,4,4,4,3,3,4,3,4,3,3,4,3,5,4,3,3,4,4,4,3,5,2,3,3,3,3,4,4,4,4,4,3,4,4,4,3,4,3,4,4,5,2,5,4,4,4,4,5,4,4,2,3,3,2,3,1,2,3,3.83,3.5,3.67,3.5,3.17,3.83,3.67,4.0,4.17,2.38,3.7
R0404,Manufacturing,Small: 10-49 employees,11-20 years,50-99,Industrial area,Mixed municipal waste,Not sure,External waste-management agency,3,3,3,2,2,1,2,3,3,3,2,3,4,5,2,4,3,3,4,3,4,3,3,3,4,5,4,,4,4,4,3,3,3,5,2,2,3,4,3,4,2,5,4,4,5,5,4,2,3,4,2,4,3,2,3,5,4,3,3,4,3,2.33,2.67,3.5,3.33,4.2,3.33,3.0,4.5,3.0,3.38,3.32
R0405,Information Technology,Medium: 50-249 employees,3-5 years,50-99,Urban area,Paper and cardboard,No,External waste-management agency,3,3,3,2,2,2,4,3,4,3,5,4,3,3,3,3,3,3,4,4,3,4,3,4,3,4,4,3,4,5,4,3,4,3,4,3,3,4,3,3,4,4,4,3,5,5,4,5,2,2,3,3,2,4,4,4,3,2,3,2,4,2,2.5,3.83,3.0,3.67,3.83,3.5,3.5,4.33,2.67,3.0,3.43
R0406,Healthcare,Small: 10-49 employees,Less than 3 years,10-49,Semi-urban area,Mixed municipal waste,Under development,Operations department,4,3,4,2,3,2,3,3,3,4,4,2,,4,4,4,4,4,3,4,4,3,3,3,4,3,2,4,3,,5,4,3,3,2,3,3,2,3,4,2,,3,3,3,3,4,3,4,4,4,4,3,4,4,4,1,3,3,2,3,4,3.0,3.17,4.0,3.33,3.2,3.33,2.8,3.17,3.83,3.0,3.31
R0407,Manufacturing,Micro: Fewer than 10 employees,3-5 years,Fewer than 10,Industrial area,Paper and cardboard,Not sure,External waste-management agency,3,3,3,4,3,3,3,2,3,2,3,4,4,4,4,3,3,,2,3,3,2,2,2,4,4,4,5,3,3,4,4,4,3,4,4,3,4,3,3,2,4,3,4,4,4,4,3,5,2,5,4,4,3,4,4,3,3,3,3,3,4,3.17,2.83,3.6,2.33,3.83,3.83,3.17,3.67,3.83,3.38,3.36
R0408,Information Technology,Small: 10-49 employees,11-20 years,10-49,Urban area,Plastic waste,Yes,Operations department,,4,4,5,4,4,4,3,3,2,4,3,3,4,,3,3,3,3,3,5,4,4,4,4,4,3,5,4,4,5,4,3,3,3,3,3,4,4,3,3,4,3,3,3,3,4,2,3,4,4,1,3,3,1,2,4,3,2,1,1,1,4.2,3.17,3.2,3.83,4.0,3.5,3.5,3.0,3.0,1.88,3.49
R0409,Hospitality/Services,Small: 10-49 employees,6-10 years,10-49,Commercial area,Food or organic waste,No,External waste-management agency,3,4,4,4,3,3,2,2,2,1,2,3,2,2,4,2,3,3,3,4,3,4,3,3,3,2,3,4,3,3,3,4,3,3,3,3,2,3,2,3,3,1,,3,2,3,3,3,4,3,3,4,4,3,4,3,3,3,4,4,2,3,3.5,2.0,2.67,3.33,3.0,3.17,2.33,2.8,3.5,3.25,2.92
R0410,Information Technology,Micro: Fewer than 10 employees,Less than 3 years,Fewer than 10,Urban area,Mixed municipal waste,No,External waste-management agency,4,3,2,2,2,3,3,3,3,3,3,3,4,4,4,4,4,4,3,2,2,2,3,4,3,2,3,2,3,2,3,3,3,3,3,3,4,3,4,2,2,4,3,4,3,4,3,3,3,3,3,2,3,2,3,3,4,4,3,5,4,3,2.67,3.0,4.0,2.67,2.5,3.0,3.17,3.33,2.67,3.62,3.0
R0411,Healthcare,Micro: Fewer than 10 employees,6-10 years,Fewer than 10,Urban area,Plastic waste,Under development,External waste-management agency,4,3,3,2,2,3,3,3,3,2,3,4,3,3,3,3,2,4,2,2,2,3,2,3,3,2,2,2,2,4,,3,4,3,2,3,3,3,2,5,4,4,2,2,3,2,2,2,4,4,4,3,3,3,3,3,4,4,3,4,3,1,2.83,3.0,3.0,2.33,2.5,3.0,3.5,2.17,3.5,3.12,2.87
R0412,Hospitality/Services,Micro: Fewer than 10 employees,Less than 3 years,Fewer than 10,Commercial area,Food or organic waste,No,External waste-management agency,3,3,2,3,2,3,1,2,1,2,1,1,2,3,2,2,3,2,4,4,3,4,3,4,2,3,2,2,1,1,3,2,2,2,3,2,3,2,1,2,1,2,1,4,2,3,3,3,3,3,4,3,4,3,4,4,,3,4,5,2,3,2.67,1.33,2.33,3.67,1.83,2.33,1.83,2.67,3.33,3.57,2.44
R0413,Information Technology,Large: 250 employees or more,3-5 years,250 or more,Industrial area,Paper and cardboard,No,Operations department,4,4,3,3,4,4,4,4,4,1,4,4,3,3,3,3,3,2,2,3,3,3,3,2,3,3,3,4,4,5,3,2,3,2,2,2,4,2,4,2,4,3,3,3,2,3,2,3,2,3,3,4,3,4,3,4,3,2,3,3,3,2,3.67,3.5,2.83,2.67,3.67,2.33,3.17,2.67,3.17,2.88,3.08
R0414,Manufacturing,Large: 250 employees or more,6-10 years,250 or more,Industrial area,Paper and cardboard,Not sure,Facility management team,3,4,4,4,4,2,5,4,5,5,5,5,4,5,4,5,3,5,4,5,5,4,4,4,3,4,4,5,5,3,4,4,5,4,4,3,3,3,3,3,4,2,3,4,4,3,3,3,5,5,3,4,3,4,4,3,4,3,3,3,3,3,3.5,4.83,4.33,4.33,4.0,4.0,3.0,3.33,4.0,3.25,3.92
R0415,Hospitality/Services,Small: 10-49 employees,11-20 years,10-49,Semi-urban area,Food or organic waste,Yes,Operations department,3,3,4,3,4,4,3,2,3,4,5,4,3,4,4,4,3,3,3,3,1,3,2,3,3,5,4,4,4,4,3,2,2,1,3,2,3,4,3,3,3,3,3,4,5,5,4,4,2,3,4,3,4,3,2,3,4,3,3,2,2,3,3.5,3.5,3.5,2.5,4.0,2.17,3.17,4.17,3.17,2.75,3.3
R0416,Healthcare,Large: 250 employees or more,11-20 years,250 or more,Commercial area,Mixed municipal waste,No,Operations department,4,3,3,2,3,4,4,2,3,3,3,3,3,4,4,4,4,3,4,4,3,4,4,3,3,3,3,2,3,4,4,3,4,4,3,3,3,4,5,4,4,4,3,4,4,3,4,4,2,4,4,3,4,2,2,3,2,2,3,2,3,1,3.17,3.0,3.67,3.67,3.0,3.5,4.0,3.67,3.17,2.25,3.43
R0417,Hospitality/Services,Medium: 50-249 employees,11-20 years,50-99,Semi-urban area,Mixed municipal waste,Yes,Operations department,4,4,4,5,5,3,5,4,4,5,5,3,4,5,5,5,5,4,3,3,3,3,2,3,4,5,5,5,4,4,3,,4,4,3,4,4,4,3,4,3,3,4,5,4,3,4,4,3,3,2,3,4,2,1,2,2,,2,1,2,2,4.17,4.33,4.67,2.83,4.5,3.6,3.5,4.0,2.83,1.71,3.83
R0418,Information Technology,Large: 250 employees or more,3-5 years,250 or more,Commercial area,Plastic waste,Under development,Environmental or sustainability department,4,3,3,3,4,4,4,4,4,4,4,5,3,2,4,3,4,3,5,4,4,4,3,5,5,5,4,4,4,4,4,3,4,3,4,5,3,,3,4,4,3,4,5,4,4,5,4,2,3,3,3,3,3,2,3,2,5,4,3,3,3,3.5,4.17,3.17,4.17,4.33,3.83,3.4,4.33,2.83,3.12,3.75
R0419,Healthcare,Micro: Fewer than 10 employees,11-20 years,Fewer than 10,Urban area,Mixed municipal waste,Not sure,Facility management team,3,3,5,3,3,4,3,3,3,3,3,3,3,3,4,3,3,3,4,5,5,3,4,4,3,4,3,4,4,4,3,3,3,3,4,3,4,4,4,5,4,3,2,4,3,2,3,4,3,2,3,2,3,3,2,3,2,2,2,1,3,3,3.5,3.0,3.17,4.17,3.67,3.17,4.0,3.0,2.67,2.25,3.37
R0420,Retail,Large: 250 employees or more,11-20 years,250 or more,Commercial area,Plastic waste,Not sure,Operations department,,4,4,4,3,4,4,3,3,3,3,3,5,4,5,4,4,4,4,3,4,4,3,4,3,4,4,4,3,4,3,2,2,4,4,4,3,4,3,4,5,5,4,4,4,3,4,3,4,5,4,5,5,5,4,3,2,3,2,3,3,2,3.8,3.17,4.33,3.67,3.67,3.17,4.0,3.67,4.67,2.75,3.79
R0421,Manufacturing,Small: 10-49 employees,Less than 3 years,50-99,Commercial area,Plastic waste,Yes,Operations department,2,3,3,3,3,1,4,4,3,4,3,5,3,3,3,2,3,3,3,3,,3,4,3,4,4,3,4,4,4,3,2,3,3,2,2,3,3,,4,,4,4,3,4,5,5,4,3,4,4,4,3,3,2,3,4,2,,2,2,3,2.5,3.83,2.83,3.2,3.83,2.5,3.5,4.17,3.5,2.57,3.32
R0422,Manufacturing,Micro: Fewer than 10 employees,Less than 3 years,10-49,Urban area,Paper and cardboard,No,Operations department,4,4,4,4,4,4,2,3,3,4,4,4,3,3,3,3,3,3,2,3,3,4,2,4,2,3,3,3,3,2,4,3,3,3,3,3,3,4,4,2,5,3,3,2,2,3,2,3,4,3,3,4,3,3,2,3,3,4,3,3,3,4,4.0,3.33,3.0,3.0,2.67,3.17,3.5,2.5,3.33,3.12,3.17
R0423,Healthcare,Small: 10-49 employees,6-10 years,50-99,Urban area,Food or organic waste,No,Facility management team,4,4,4,3,4,4,4,3,4,3,4,4,4,2,4,4,3,4,3,3,3,3,2,3,3,4,3,3,4,3,3,3,3,2,3,3,3,3,3,3,2,3,3,2,3,3,4,4,4,5,4,4,5,2,3,3,2,3,4,3,3,4,3.83,3.67,3.5,2.83,3.33,2.83,2.83,3.17,4.0,3.12,3.33
R0424,Information Technology,Small: 10-49 employees,Less than 3 years,10-49,Semi-urban area,Food or organic waste,Not sure,Operations department,4,3,3,4,4,4,4,2,3,2,4,4,3,2,2,3,3,3,2,2,2,4,2,4,3,3,3,2,4,5,4,3,3,5,4,3,3,3,3,4,3,4,2,2,2,3,2,2,2,2,2,3,3,3,4,4,5,4,4,3,3,4,3.67,3.17,2.67,2.67,3.33,3.67,3.33,2.17,2.5,3.88,3.02
R0425,Manufacturing,Micro: Fewer than 10 employees,Less than 3 years,10-49,Industrial area,Mixed municipal waste,No,External waste-management agency,4,2,2,3,3,1,4,3,3,4,3,2,3,3,2,3,2,2,3,4,3,4,3,4,2,2,3,3,3,3,3,4,3,4,4,3,3,4,2,3,3,3,2,3,3,3,4,3,2,2,2,3,2,3,3,3,3,3,3,4,3,3,2.5,3.17,2.5,3.5,2.67,3.5,3.0,3.0,2.33,3.12,2.91
R0426,Manufacturing,Medium: 50-249 employees,3-5 years,50-99,Industrial area,Paper and cardboard,Not sure,Facility management team,4,3,2,2,4,3,3,3,,3,3,4,3,4,4,4,4,3,5,4,5,4,5,5,2,3,2,2,3,3,4,3,3,4,3,3,4,3,4,4,4,4,3,3,4,3,,4,2,3,4,1,3,,3,3,2,3,4,2,3,3,3.0,3.2,3.67,4.67,2.5,3.33,3.83,3.4,2.6,2.88,3.36
R0427,Healthcare,Medium: 50-249 employees,11-20 years,100-249,Urban area,Mixed municipal waste,Yes,Facility management team,4,4,3,4,3,2,4,4,3,4,4,5,4,3,4,4,5,4,4,2,4,3,4,4,5,4,5,4,5,5,3,4,5,2,4,4,3,4,5,3,3,5,4,4,5,3,4,4,4,4,4,4,4,4,2,3,2,2,3,3,3,3,3.33,4.0,4.0,3.5,4.67,3.67,3.83,4.0,4.0,2.62,3.89
R0428,Manufacturing,Large: 250 employees or more,11-20 years,250 or more,Industrial area,Paper and cardboard,Yes,Environmental or sustainability department,4,4,4,3,4,5,5,4,4,2,4,4,5,5,5,4,5,4,5,4,4,3,3,4,4,3,3,4,2,4,4,3,4,4,4,5,5,4,3,4,5,5,4,4,4,3,3,4,3,4,4,2,3,3,2,3,2,3,2,2,2,3,4.0,3.83,4.67,3.83,3.33,4.0,4.33,3.67,3.17,2.38,3.87
R0429,Manufacturing,Small: 10-49 employees,Less than 3 years,10-49,Semi-urban area,Food or organic waste,No,Operations department,4,2,2,2,3,2,4,4,4,4,5,4,2,2,2,2,3,3,4,4,3,2,4,3,3,3,3,4,2,4,3,2,3,2,2,3,2,2,3,2,3,3,3,3,2,2,3,4,3,3,3,3,3,3,2,3,3,2,2,1,2,4,2.5,4.17,2.33,3.33,3.17,2.5,2.5,2.83,3.0,2.38,2.93
R0430,Manufacturing,Medium: 50-249 employees,11-20 years,50-99,Industrial area,Plastic waste,Under development,External waste-management agency,2,4,3,4,3,4,4,4,3,3,3,4,4,4,4,4,4,4,4,1,4,3,2,3,4,2,2,2,1,3,,4,4,4,5,4,3,4,4,4,3,3,4,5,4,3,5,4,3,4,5,3,4,4,3,4,3,5,4,5,4,5,3.33,3.5,4.0,2.83,2.33,4.2,3.5,4.17,3.83,4.12,3.52
R0431,Healthcare,Micro: Fewer than 10 employees,6-10 years,Fewer than 10,Urban area,Plastic waste,No,External waste-management agency,2,2,2,2,2,3,5,3,4,3,4,3,4,2,2,2,3,4,3,3,1,3,5,4,2,3,2,3,3,3,3,3,2,4,3,3,3,2,3,3,3,3,2,2,2,3,2,2,4,3,4,3,3,3,4,3,3,2,3,3,3,2,2.17,3.67,2.83,3.17,2.67,3.0,2.83,2.17,3.33,2.88,2.87
R0432,Healthcare,Medium: 50-249 employees,6-10 years,100-249,Urban area,Paper and cardboard,Under development,Environmental or sustainability department,2,2,3,3,3,3,4,5,5,4,5,5,4,4,3,3,3,4,3,2,4,3,3,3,3,3,3,4,3,2,3,5,4,3,3,2,4,4,4,5,4,5,4,3,3,3,3,5,3,3,3,4,4,3,3,1,3,2,2,3,2,3,2.67,4.67,3.5,3.0,3.0,3.33,4.33,3.5,3.33,2.38,3.48
R0433,Information Technology,Medium: 50-249 employees,3-5 years,50-99,Urban area,Paper and cardboard,Not sure,Operations department,4,3,4,4,5,4,4,5,3,4,4,3,3,4,3,2,3,3,3,4,3,4,3,3,3,4,4,3,4,4,3,3,3,3,4,5,3,3,4,3,2,4,2,4,2,3,2,3,3,3,4,3,3,3,3,3,2,4,,2,2,3,4.0,3.83,3.0,3.33,3.67,3.5,3.17,2.67,3.17,2.71,3.37
R0434,Retail,Large: 250 employees or more,Less than 3 years,250 or more,Commercial area,Plastic waste,No,External waste-management agency,3,3,3,,2,3,3,2,3,4,3,5,2,5,3,3,3,4,2,1,2,2,2,2,2,3,1,2,3,4,4,3,2,2,3,3,2,2,4,2,3,2,3,5,3,4,2,3,4,3,3,4,5,3,4,3,4,5,4,5,5,4,2.8,3.33,3.33,1.83,2.5,2.83,2.5,3.33,3.67,4.25,2.9
R0435,Manufacturing,Large: 250 employees or more,3-5 years,100-249,Urban area,Mixed municipal waste,Yes,Operations department,3,4,4,3,3,3,4,5,4,3,3,4,3,3,3,4,3,4,,4,3,5,3,3,5,3,3,2,3,4,5,4,5,5,4,3,4,3,4,3,4,3,4,3,4,4,4,4,4,3,1,4,4,4,3,4,2,3,3,4,4,5,3.33,3.83,3.33,3.6,3.33,4.33,3.5,3.83,3.33,3.5,3.6
R0436,Information Technology,Medium: 50-249 employees,3-5 years,100-249,Commercial area,Mixed municipal waste,No,Operations department,3,3,4,3,4,4,2,2,2,4,3,4,4,4,3,2,2,4,4,3,4,5,3,4,3,3,2,2,3,1,3,4,5,4,4,5,2,3,2,3,4,3,3,3,3,3,4,2,2,3,3,2,2,2,4,3,2,4,3,3,3,5,3.5,2.83,3.17,3.83,2.33,4.17,2.83,3.0,2.33,3.38,3.11
R0437,Hospitality/Services,Large: 250 employees or more,Less than 3 years,250 or more,Semi-urban area,Food or organic waste,No,Facility management team,2,4,3,3,4,3,4,3,2,2,4,2,4,2,4,4,3,2,4,5,4,4,3,3,3,1,3,3,3,4,3,3,3,4,4,2,4,4,4,4,4,3,2,3,3,2,2,1,3,4,3,3,3,3,3,4,2,2,3,3,3,4,3.17,2.83,3.17,3.83,2.83,3.17,3.83,2.17,3.17,3.0,3.13
R0438,Retail,Small: 10-49 employees,3-5 years,10-49,Commercial area,Plastic waste,No,External waste-management agency,3,3,2,3,3,2,2,2,3,2,3,3,2,4,3,3,2,2,3,4,3,3,3,3,2,4,1,2,3,3,4,4,4,5,5,4,3,3,3,4,2,2,4,4,4,4,4,4,3,2,2,3,4,3,4,4,2,2,2,3,3,2,2.67,2.5,2.67,3.17,2.5,4.33,2.83,4.0,2.83,2.75,3.06
R0439,Information Technology,Medium: 50-249 employees,Less than 3 years,100-249,Semi-urban area,Plastic waste,Under development,External waste-management agency,2,3,2,3,4,3,2,1,2,3,3,3,3,,2,3,4,4,3,2,1,2,1,3,2,4,3,3,3,3,3,2,4,1,3,3,3,2,2,3,2,3,3,2,3,3,3,2,3,3,4,3,4,4,2,3,4,3,3,3,2,2,2.83,2.33,3.2,2.0,3.0,2.67,2.5,2.67,3.5,2.75,2.74
R0440,Information Technology,Large: 250 employees or more,3-5 years,250 or more,Commercial area,Paper and cardboard,Not sure,Facility management team,2,3,2,3,3,3,4,4,4,3,4,3,4,4,4,4,4,4,4,3,4,3,3,4,4,4,3,4,4,3,3,4,4,2,3,4,4,3,4,3,4,4,2,3,2,2,2,2,4,3,3,4,3,3,3,4,3,3,4,4,2,3,2.67,3.67,4.0,3.5,3.67,3.33,3.67,2.17,3.33,3.25,3.33
R0441,Hospitality/Services,Micro: Fewer than 10 employees,11-20 years,Fewer than 10,Semi-urban area,Paper and cardboard,Yes,External waste-management agency,4,4,3,5,4,5,2,3,2,4,3,2,5,5,4,3,4,5,2,4,4,3,4,3,3,2,3,2,3,2,3,4,3,3,3,3,3,4,3,4,3,4,2,3,1,2,2,2,3,2,4,3,3,3,2,3,2,3,3,2,2,2,4.17,2.67,4.33,3.33,2.5,3.17,3.5,2.0,3.0,2.38,3.19
R0442,Retail,Small: 10-49 employees,6-10 years,Fewer than 10,Urban area,Mixed municipal waste,Yes,Operations department,3,5,4,5,5,5,4,4,4,4,3,3,4,5,4,3,4,4,4,4,4,3,3,3,3,4,5,4,3,4,3,4,3,2,3,3,3,5,5,4,4,4,3,4,4,3,3,3,3,3,3,4,2,3,2,3,3,4,4,3,4,3,4.5,3.67,4.0,3.5,3.83,3.0,4.17,3.33,3.0,3.25,3.67
R0443,Manufacturing,Small: 10-49 employees,6-10 years,50-99,Industrial area,Paper and cardboard,Not sure,External waste-management agency,5,3,5,4,5,4,4,4,3,3,3,3,3,3,3,2,3,4,4,3,4,3,2,3,3,2,2,2,2,3,3,4,4,4,5,4,4,4,3,2,3,5,3,3,3,4,3,3,2,3,3,4,3,4,3,3,3,3,3,3,4,3,4.33,3.33,3.0,3.17,2.33,4.0,3.5,3.17,3.17,3.12,3.33
R0444,Manufacturing,Large: 250 employees or more,Less than 3 years,100-249,Industrial area,Paper and cardboard,Under development,Environmental or sustainability department,3,3,3,3,3,3,4,3,3,2,,3,3,3,4,3,3,4,4,3,5,5,4,4,3,4,3,3,3,4,3,2,3,3,3,3,4,4,5,3,4,2,4,4,3,3,3,4,3,3,2,3,4,2,2,2,2,1,1,2,2,4,3.0,3.0,3.33,4.17,3.33,2.83,3.67,3.5,2.83,2.0,3.3
R0445,Information Technology,Small: 10-49 employees,3-5 years,10-49,Commercial area,Paper and cardboard,No,Operations department,4,3,4,3,3,3,4,5,4,4,4,5,3,5,3,4,4,4,3,5,4,4,4,3,4,4,3,3,4,2,4,3,5,3,3,3,4,3,3,3,3,2,3,2,4,3,4,3,5,4,4,4,4,5,3,3,2,5,2,4,4,4,3.33,4.33,3.83,3.83,3.33,3.5,3.0,3.17,4.33,3.38,3.63
R0446,Information Technology,Micro: Fewer than 10 employees,3-5 years,Fewer than 10,Urban area,Plastic waste,No,External waste-management agency,2,,2,1,2,3,2,3,2,2,3,1,2,2,3,2,1,3,3,3,2,2,3,2,2,3,4,2,3,3,2,2,3,3,2,2,3,2,2,3,3,2,3,3,3,4,3,3,4,4,4,4,3,4,2,4,4,4,3,3,3,3,2.0,2.17,2.17,2.5,2.83,2.33,2.5,3.17,3.83,3.25,2.61
R0447,Retail,Large: 250 employees or more,11-20 years,250 or more,Urban area,Paper and cardboard,Under development,External waste-management agency,4,3,3,4,4,4,3,3,3,4,3,2,4,4,3,3,3,5,4,4,3,3,4,5,3,3,4,3,3,2,4,4,4,5,4,4,5,4,5,4,4,3,5,4,4,5,4,4,5,4,2,4,5,3,3,3,2,2,3,3,2,2,3.67,3.0,3.67,3.83,3.0,4.17,4.17,4.33,3.83,2.5,3.74
R0448,Manufacturing,Medium: 50-249 employees,Less than 3 years,100-249,Semi-urban area,Paper and cardboard,Under development,Facility management team,3,4,3,4,4,3,2,3,2,3,3,3,4,5,4,4,5,3,4,4,5,3,3,3,3,2,5,,3,2,4,4,5,5,4,3,2,3,2,3,3,2,3,2,3,4,3,2,3,2,4,3,4,3,4,2,3,4,4,3,3,4,3.5,2.67,4.17,3.67,3.0,4.17,2.5,2.83,3.17,3.38,3.3
R0449,Manufacturing,Medium: 50-249 employees,11-20 years,100-249,Commercial area,Plastic waste,Under development,Environmental or sustainability department,5,5,5,4,3,3,4,3,4,,4,4,4,5,4,4,3,3,4,2,3,3,4,4,4,4,4,4,4,3,5,4,4,5,4,4,4,5,4,4,3,5,4,5,3,5,4,4,4,5,3,3,4,4,4,4,2,3,3,3,4,1,4.17,3.8,3.83,3.33,3.83,4.33,4.17,4.17,3.83,3.0,3.94
R0450,Healthcare,Small: 10-49 employees,6-10 years,10-49,Urban area,Plastic waste,Not sure,Operations department,3,3,2,3,3,3,3,3,3,3,5,4,4,4,3,3,3,4,4,3,3,3,3,3,3,2,4,3,3,2,2,3,4,2,2,3,4,4,4,4,5,3,4,3,4,4,3,3,4,3,3,3,4,3,2,3,3,4,3,2,3,3,2.83,3.5,3.5,3.17,2.83,2.67,4.0,3.5,3.33,2.88,3.26
R0451,Hospitality/Services,Large: 250 employees or more,11-20 years,100-249,Urban area,Food or organic waste,Not sure,Facility management team,4,3,3,3,4,3,5,4,4,4,4,3,2,2,3,2,2,4,3,3,3,5,4,5,3,3,4,4,3,4,2,2,3,3,2,4,4,4,2,3,4,3,3,3,3,4,3,3,5,3,5,3,4,5,3,2,3,3,4,2,3,4,3.33,4.0,2.5,3.83,3.5,2.67,3.33,3.17,4.17,3.0,3.39
R0452,Retail,Large: 250 employees or more,3-5 years,100-249,Commercial area,Paper and cardboard,Not sure,Facility management team,4,4,4,4,3,3,3,2,3,3,3,2,3,2,3,3,4,4,5,3,5,4,4,4,4,4,5,3,3,3,4,3,3,3,4,3,4,3,2,4,4,4,3,3,2,3,3,2,3,4,3,4,3,3,2,3,4,3,3,4,2,3,3.67,2.67,3.17,4.17,3.67,3.33,3.5,2.67,3.33,3.0,3.35
R0453,Healthcare,Small: 10-49 employees,3-5 years,10-49,Urban area,Plastic waste,Yes,Facility management team,3,3,3,3,3,4,5,5,5,5,5,5,4,5,5,5,5,4,3,3,4,3,4,3,4,3,4,4,4,3,5,5,5,5,5,4,5,4,3,3,4,5,3,2,5,4,5,5,5,4,4,4,3,3,2,3,3,3,4,4,2,4,3.17,5.0,4.67,3.33,3.67,4.83,4.0,4.0,3.83,3.12,4.06
R0454,Healthcare,Large: 250 employees or more,6-10 years,100-249,Urban area,Plastic waste,Yes,Environmental or sustainability department,4,3,4,5,5,4,4,2,4,4,3,4,3,4,4,4,4,3,3,4,5,4,4,4,3,3,5,3,4,4,5,4,4,5,4,3,4,3,4,3,3,3,5,5,5,5,4,5,4,4,4,4,4,3,1,3,4,3,2,3,3,3,4.17,3.5,3.67,4.0,3.67,4.17,3.33,4.83,3.83,2.75,3.91
R0455,Information Technology,Medium: 50-249 employees,Less than 3 years,100-249,Semi-urban area,Food or organic waste,Under development,Operations department,4,3,3,5,5,4,4,5,5,3,5,5,3,5,3,4,3,4,4,3,4,4,3,4,4,4,3,4,5,4,4,3,3,3,3,3,3,3,3,4,4,2,4,5,3,4,5,4,3,2,4,3,2,2,4,5,3,3,5,4,5,3,4.0,4.5,3.67,3.67,4.0,3.17,3.17,4.17,2.67,4.0,3.67
R0456,Information Technology,Large: 250 employees or more,11-20 years,100-249,Semi-urban area,Mixed municipal waste,Under development,Facility management team,4,2,3,3,3,3,4,4,4,4,4,4,3,3,3,2,2,2,4,4,4,3,5,4,3,3,3,5,4,3,3,3,4,3,4,4,4,3,3,3,3,3,3,4,3,4,4,3,2,3,3,3,4,3,2,3,2,2,4,1,2,3,3.0,4.0,2.5,4.0,3.5,3.5,3.17,3.5,3.0,2.38,3.35
R0457,Manufacturing,Large: 250 employees or more,Less than 3 years,100-249,Industrial area,Paper and cardboard,Yes,Environmental or sustainability department,5,5,4,4,4,3,4,4,4,4,4,3,4,3,3,4,3,4,3,3,3,4,3,4,3,3,3,2,3,3,4,5,5,5,4,5,4,4,5,4,5,4,4,3,4,5,4,5,4,5,4,4,4,4,3,2,3,3,3,3,3,3,4.17,3.83,3.5,3.33,2.83,4.67,4.33,4.17,4.17,2.88,3.89
R0458,Healthcare,Small: 10-49 employees,Less than 3 years,10-49,Urban area,Mixed municipal waste,No,External waste-management agency,3,3,2,4,3,2,3,3,3,3,3,3,2,2,2,2,2,2,2,3,2,2,2,3,3,4,3,3,3,3,3,3,5,4,5,4,2,3,1,3,1,2,1,3,3,2,1,3,4,3,4,4,3,3,2,4,3,3,4,2,2,5,2.83,3.0,2.0,2.33,3.17,4.0,2.0,2.17,3.5,3.12,2.78
R0459,Information Technology,Large: 250 employees or more,11-20 years,250 or more,Urban area,Mixed municipal waste,Under development,Environmental or sustainability department,3,5,4,4,5,3,4,3,3,2,3,4,3,3,2,4,4,4,2,4,4,3,2,3,3,5,4,3,3,4,4,5,5,4,4,4,5,4,3,3,4,3,3,4,3,3,4,4,5,5,5,2,5,4,1,2,2,3,3,3,3,2,4.0,3.17,3.33,3.0,3.67,4.33,3.67,3.5,4.33,2.38,3.67
R0460,Hospitality/Services,Medium: 50-249 employees,6-10 years,50-99,Commercial area,Paper and cardboard,Under development,Operations department,2,3,4,3,3,4,2,4,4,2,3,5,3,3,3,2,4,3,3,3,3,3,3,4,3,3,4,3,3,2,2,1,3,1,1,3,4,4,4,4,3,5,4,3,3,3,3,4,3,3,3,3,2,2,2,4,3,3,3,4,5,4,3.17,3.33,3.0,3.17,3.0,1.83,4.0,3.33,2.67,3.5,3.06
R0461,Healthcare,Small: 10-49 employees,11-20 years,10-49,Semi-urban area,Mixed municipal waste,Yes,Operations department,2,2,4,4,3,3,4,3,3,3,3,3,3,4,3,4,4,2,4,4,4,5,4,4,3,4,3,3,4,5,3,1,2,2,2,2,3,4,3,4,5,4,4,4,4,4,4,4,4,4,4,4,4,4,3,4,3,2,2,4,3,3,3.0,3.17,3.33,4.17,3.67,2.0,3.83,4.0,4.0,3.0,3.46
R0462,Manufacturing,Small: 10-49 employees,Less than 3 years,10-49,Industrial area,Mixed municipal waste,Not sure,Environmental or sustainability department,2,2,3,3,4,3,3,3,3,4,3,3,2,3,4,4,2,5,2,3,4,3,3,3,2,3,4,1,3,3,2,4,3,3,3,4,4,3,3,2,3,3,2,3,3,3,3,3,3,3,3,3,,,3,4,4,4,5,4,4,3,2.83,3.17,3.33,3.0,2.67,3.17,3.0,2.83,3.0,3.88,3.0
R0463,Healthcare,Micro: Fewer than 10 employees,Less than 3 years,Fewer than 10,Semi-urban area,Food or organic waste,No,Operations department,4,2,3,3,2,3,2,3,3,3,3,2,3,1,3,3,4,4,3,3,2,2,2,3,3,2,3,3,2,4,4,4,4,3,4,3,3,3,2,2,3,3,2,2,1,2,2,1,4,3,4,4,2,2,4,4,3,3,3,2,5,4,2.83,2.67,3.0,2.5,2.83,3.67,2.67,1.67,3.17,3.5,2.78
R0464,Healthcare,Micro: Fewer than 10 employees,3-5 years,Fewer than 10,Semi-urban area,Mixed municipal waste,No,Operations department,4,3,4,3,3,4,1,2,2,2,3,3,2,2,2,2,2,2,2,2,,1,4,4,3,3,3,3,3,3,3,4,3,2,2,4,3,3,3,2,2,2,1,4,3,3,3,2,2,3,4,3,2,3,3,4,2,5,3,4,4,3,3.5,2.17,2.0,2.6,3.0,3.0,2.5,2.67,2.83,3.5,2.7
R0465,Manufacturing,Micro: Fewer than 10 employees,3-5 years,Fewer than 10,Commercial area,Paper and cardboard,No,External waste-management agency,3,3,3,3,3,2,3,3,3,2,2,3,3,2,4,3,2,3,3,3,3,2,3,3,3,3,4,3,4,4,4,3,3,4,3,3,2,2,3,3,2,2,2,3,3,3,4,3,2,3,2,3,3,2,3,5,3,4,4,4,4,4,2.83,2.67,2.83,2.83,3.5,3.33,2.33,3.0,2.5,3.88,2.87
R0466,Hospitality/Services,Small: 10-49 employees,3-5 years,10-49,Urban area,Paper and cardboard,Not sure,Environmental or sustainability department,4,4,3,3,4,3,4,4,2,3,3,5,3,3,3,5,4,2,3,3,3,3,3,4,2,4,4,4,4,2,3,3,3,4,3,4,4,3,2,4,3,5,4,4,3,3,4,4,3,3,4,4,3,3,3,3,2,3,4,3,3,,3.5,3.5,3.33,3.17,3.33,3.33,3.5,3.67,3.33,3.0,3.41
R0467,Manufacturing,Small: 10-49 employees,Less than 3 years,10-49,Industrial area,Mixed municipal waste,Not sure,Operations department,3,3,3,2,2,2,3,2,3,2,4,3,2,3,3,4,4,2,3,4,2,4,3,2,2,3,3,,4,2,3,2,3,3,4,3,2,2,4,4,3,2,4,4,4,4,2,4,2,1,3,3,3,2,4,3,4,2,3,3,3,3,2.5,2.83,3.0,3.0,2.8,3.0,2.83,3.67,2.33,3.12,2.88
R0468,Hospitality/Services,Large: 250 employees or more,11-20 years,250 or more,Semi-urban area,Food or organic waste,Yes,Facility management team,4,4,5,5,4,4,5,3,4,4,4,3,4,5,5,4,5,5,3,5,5,4,4,3,4,5,5,5,5,4,4,4,3,3,4,5,5,4,4,4,4,3,,5,4,4,4,4,3,4,2,5,3,5,3,2,1,3,1,2,1,3,4.33,3.83,4.67,4.0,4.67,3.83,4.0,4.2,3.67,2.0,4.13
R0469,Retail,Medium: 50-249 employees,3-5 years,10-49,Urban area,Mixed municipal waste,Under development,External waste-management agency,2,2,2,3,3,3,4,5,5,5,4,3,4,2,3,4,3,5,4,5,4,3,4,4,4,3,3,4,4,3,4,3,5,4,4,5,4,3,5,4,5,5,4,3,3,4,3,3,4,3,4,4,3,3,4,4,5,3,3,4,3,4,2.5,4.33,3.5,4.0,3.5,4.17,4.33,3.33,3.5,3.75,3.68
R0470,Manufacturing,Small: 10-49 employees,6-10 years,10-49,Urban area,Plastic waste,Under development,Operations department,2,4,4,4,4,4,4,3,4,4,3,3,3,2,2,3,4,3,3,3,3,3,3,3,3,4,3,4,5,4,3,3,3,3,3,3,2,3,3,2,3,4,3,3,2,3,4,2,3,4,4,4,3,4,3,3,3,4,5,3,3,2,3.67,3.5,2.83,3.0,3.83,3.0,2.83,2.83,3.67,3.25,3.24
R0471,Healthcare,Micro: Fewer than 10 employees,11-20 years,Fewer than 10,Commercial area,Mixed municipal waste,Yes,External waste-management agency,3,3,3,4,3,3,3,3,4,3,4,3,4,5,4,5,5,5,4,4,4,2,4,5,5,4,4,4,4,4,3,4,4,4,4,3,4,3,2,3,4,4,5,4,4,4,4,4,4,3,3,4,2,4,4,3,4,3,3,3,1,3,3.17,3.33,4.67,3.83,4.17,3.67,3.33,4.17,3.33,3.0,3.74
R0472,Healthcare,Micro: Fewer than 10 employees,6-10 years,Fewer than 10,Urban area,Paper and cardboard,Under development,External waste-management agency,3,3,4,2,3,2,3,4,4,4,3,4,3,3,3,4,3,3,5,3,4,4,4,4,3,3,4,4,3,3,2,2,4,4,3,3,2,3,3,3,3,3,3,3,4,4,4,4,3,4,4,3,3,3,3,2,4,3,3,3,2,3,2.83,3.67,3.17,4.0,3.33,3.0,2.83,3.67,3.33,2.88,3.31
R0473,Information Technology,Small: 10-49 employees,3-5 years,50-99,Urban area,Paper and cardboard,Yes,External waste-management agency,3,3,4,2,3,3,4,4,4,4,4,4,4,4,3,4,5,3,3,3,4,4,3,4,4,3,3,3,3,4,3,2,3,2,2,2,4,3,4,3,4,3,4,4,3,4,2,3,4,3,3,3,3,4,3,4,4,3,,4,3,4,3.0,4.0,3.83,3.5,3.33,2.33,3.5,3.33,3.33,3.57,3.35
R0474,Healthcare,Large: 250 employees or more,Less than 3 years,100-249,Commercial area,Food or organic waste,No,Environmental or sustainability department,4,3,3,3,3,3,3,5,4,3,4,5,4,4,2,4,4,3,4,4,4,4,4,4,3,4,4,4,4,4,4,3,2,,3,4,3,3,4,3,3,3,3,4,4,4,3,3,4,3,3,4,3,3,2,3,3,2,3,2,4,3,3.17,4.0,3.5,4.0,3.83,3.2,3.17,3.5,3.33,2.75,3.52
R0475,Manufacturing,Large: 250 employees or more,Less than 3 years,100-249,Industrial area,Food or organic waste,Not sure,Environmental or sustainability department,3,3,3,4,3,5,3,3,3,4,4,4,3,3,4,3,3,3,3,3,4,4,2,4,4,4,4,4,4,3,4,3,4,5,2,4,5,4,4,4,4,4,4,3,4,3,4,5,3,3,3,4,3,3,2,3,3,3,3,3,3,3,3.5,3.5,3.17,3.33,3.83,3.67,4.17,3.83,3.17,2.88,3.57
R0476,Hospitality/Services,Medium: 50-249 employees,11-20 years,50-99,Commercial area,Paper and cardboard,Not sure,Environmental or sustainability department,4,5,5,5,5,4,3,3,2,3,3,3,2,4,4,3,3,,4,4,3,,3,3,3,3,3,2,2,4,3,3,3,2,3,2,3,4,3,4,3,3,2,3,3,3,3,3,3,3,3,2,3,,3,3,1,4,3,3,3,2,4.67,2.83,3.2,3.4,2.83,2.67,3.33,2.83,2.8,2.75,3.17
R0477,Healthcare,Small: 10-49 employees,3-5 years,10-49,Urban area,Mixed municipal waste,Yes,External waste-management agency,4,5,4,4,3,,5,4,4,4,4,5,3,5,4,2,1,4,2,4,3,4,4,3,4,4,4,3,4,4,4,5,5,3,4,3,4,,4,5,4,2,3,4,3,4,4,2,2,3,3,4,3,3,4,2,3,3,4,3,3,2,4.0,4.33,3.17,3.33,3.83,4.0,3.8,3.33,3.0,3.0,3.64
R0478,Manufacturing,Micro: Fewer than 10 employees,Less than 3 years,Fewer than 10,Industrial area,Paper and cardboard,No,Operations department,3,2,2,3,2,3,3,3,3,4,3,2,4,3,4,3,4,3,3,3,2,3,3,2,2,3,3,3,2,2,3,4,2,3,2,,2,3,3,3,3,3,4,5,5,5,4,5,4,3,3,2,3,3,3,2,3,4,3,4,4,3,2.5,3.0,3.5,2.67,2.5,2.8,2.83,4.67,3.0,3.25,3.05
R0479,Information Technology,Medium: 50-249 employees,6-10 years,10-49,Urban area,Mixed municipal waste,No,External waste-management agency,3,3,3,2,3,5,3,4,4,4,4,4,3,4,4,4,4,3,3,3,3,1,3,3,3,3,3,3,3,3,4,4,4,4,4,4,3,3,3,4,3,3,3,3,3,3,3,3,3,3,2,3,3,3,3,3,3,3,2,3,2,5,3.17,3.83,3.67,2.67,3.0,4.0,3.17,3.0,2.83,3.0,3.26
R0480,Manufacturing,Large: 250 employees or more,11-20 years,250 or more,Industrial area,Paper and cardboard,Yes,Environmental or sustainability department,5,4,4,5,4,4,3,3,3,5,5,4,3,5,4,4,4,4,,4,4,4,5,4,4,4,4,5,3,4,4,5,3,5,5,4,5,5,4,4,3,3,4,4,4,5,4,5,5,5,5,5,5,4,4,3,2,3,,3,2,3,4.33,3.83,4.0,4.2,4.0,4.33,4.0,4.33,4.83,2.86,4.21
R0481,Manufacturing,Medium: 50-249 employees,6-10 years,50-99,Commercial area,Plastic waste,Yes,Operations department,4,3,4,4,5,3,3,3,3,3,4,4,5,5,4,4,4,4,2,1,2,3,2,3,4,4,4,4,4,3,4,4,2,3,4,4,5,4,4,4,5,3,4,3,2,3,3,,4,4,4,3,1,4,3,4,3,3,3,3,2,3,3.83,3.33,4.33,2.17,3.83,3.5,4.17,3.0,3.33,3.0,3.5
R0482,Retail,Medium: 50-249 employees,6-10 years,50-99,Urban area,Mixed municipal waste,Yes,Operations department,5,5,5,5,4,4,3,3,4,2,4,3,5,4,5,4,4,5,4,5,4,4,4,4,3,3,2,4,3,4,5,4,5,5,5,5,5,4,4,4,3,3,4,4,5,5,5,4,4,4,3,5,3,4,2,1,3,2,3,2,3,3,4.67,3.17,4.5,4.17,3.17,4.83,3.83,4.5,3.83,2.38,4.07
R0483,Healthcare,Medium: 50-249 employees,6-10 years,100-249,Urban area,Plastic waste,Under development,Operations department,2,4,3,2,2,4,3,4,3,2,2,2,3,3,4,4,4,3,4,4,4,4,4,4,5,4,5,3,,4,2,4,3,4,3,4,5,3,4,4,4,,4,4,2,4,5,3,3,4,3,4,4,3,4,2,3,3,3,2,2,2,2.83,2.67,3.5,4.0,4.2,3.33,4.0,3.67,3.5,2.62,3.52
R0484,Retail,Large: 250 employees or more,3-5 years,100-249,Semi-urban area,Food or organic waste,Under development,Operations department,4,3,4,5,4,4,3,3,3,4,3,3,4,3,4,5,3,3,4,3,4,4,3,4,4,4,3,4,2,2,5,2,4,4,4,4,4,3,4,4,4,3,4,4,5,,4,4,3,4,3,5,2,4,3,3,3,3,2,3,1,3,4.0,3.17,3.67,3.67,3.17,3.83,3.67,4.2,3.5,2.62,3.65
R0485,Hospitality/Services,Large: 250 employees or more,3-5 years,250 or more,Commercial area,Paper and cardboard,No,External waste-management agency,4,4,4,5,3,4,3,5,3,2,3,3,4,3,4,3,3,4,4,3,4,4,4,3,3,4,3,4,4,3,4,4,4,4,4,5,3,3,4,3,4,3,4,3,5,4,4,5,3,4,3,4,4,4,3,2,2,3,3,2,2,2,4.0,3.17,3.5,3.67,3.5,4.17,3.33,4.17,3.67,2.38,3.69
R0486,Manufacturing,Micro: Fewer than 10 employees,6-10 years,Fewer than 10,Industrial area,Plastic waste,Not sure,External waste-management agency,2,3,3,3,4,4,4,3,5,3,2,4,4,3,4,3,4,4,4,5,4,4,3,4,3,4,5,3,4,3,2,2,3,2,3,3,4,2,4,4,4,4,4,5,4,4,5,4,4,3,3,3,3,4,3,5,2,4,3,3,4,5,3.17,3.5,3.67,4.0,3.67,2.5,3.67,4.33,3.33,3.62,3.54
R0487,Hospitality/Services,Micro: Fewer than 10 employees,3-5 years,Fewer than 10,Urban area,Food or organic waste,Yes,External waste-management agency,4,4,3,4,3,4,3,2,3,3,3,3,3,3,3,3,3,4,3,4,4,3,4,2,3,2,2,2,3,2,2,3,4,5,3,4,3,3,3,2,5,4,3,4,3,4,4,4,4,4,4,4,4,4,2,3,3,4,2,3,3,3,3.67,2.83,3.17,3.33,2.33,3.5,3.33,3.67,4.0,2.88,3.31
R0488,Manufacturing,Micro: Fewer than 10 employees,11-20 years,Fewer than 10,Urban area,Plastic waste,Under development,Facility management team,3,4,4,4,4,3,3,3,3,3,3,2,4,3,3,4,3,3,3,4,3,2,4,3,5,5,5,4,5,5,4,4,,4,3,3,5,5,4,4,5,4,4,4,5,4,5,5,2,2,2,3,3,3,4,3,3,3,3,3,3,4,3.67,2.83,3.33,3.17,4.83,3.6,4.5,4.5,2.5,3.25,3.66
R0489,Manufacturing,Micro: Fewer than 10 employees,3-5 years,Fewer than 10,Industrial area,Plastic waste,No,External waste-management agency,3,3,2,3,2,2,3,4,3,4,3,4,2,3,3,3,2,4,4,2,2,3,3,2,4,4,4,4,4,3,2,3,4,3,3,3,4,3,4,4,3,3,4,3,4,3,3,4,3,3,3,3,3,3,2,3,2,2,2,2,2,3,2.5,3.5,2.83,2.67,3.83,3.0,3.5,3.5,3.0,2.25,3.15
R0490,Manufacturing,Small: 10-49 employees,11-20 years,10-49,Industrial area,Plastic waste,Yes,Environmental or sustainability department,5,2,2,3,4,3,4,5,5,4,4,5,4,4,3,4,4,4,3,5,4,3,5,4,3,3,2,2,3,4,3,3,3,3,4,3,4,4,3,3,4,5,4,4,3,4,4,3,3,3,4,4,4,4,4,3,4,4,3,4,4,3,3.17,4.5,3.83,4.0,2.83,3.17,3.83,3.67,3.67,3.62,3.63
R0491,Manufacturing,Small: 10-49 employees,3-5 years,10-49,Industrial area,Mixed municipal waste,Yes,External waste-management agency,4,4,4,2,3,3,4,4,4,3,3,4,5,4,4,4,5,5,3,2,3,3,3,3,4,4,4,4,2,4,4,5,5,4,4,4,3,3,3,2,3,2,4,3,4,3,4,3,4,4,4,3,3,2,3,3,1,2,2,2,2,2,3.33,3.67,4.5,2.83,3.67,4.33,2.67,3.5,3.33,2.12,3.54
R0492,Retail,Medium: 50-249 employees,6-10 years,100-249,Urban area,Plastic waste,Not sure,Operations department,2,3,3,3,3,3,4,3,3,4,3,3,3,4,3,3,4,2,4,4,3,3,4,5,5,5,2,4,4,4,4,3,5,2,4,2,3,3,4,5,4,4,3,4,4,4,4,3,4,4,3,3,3,4,3,2,3,4,4,3,2,3,2.83,3.33,3.17,3.83,4.0,3.33,3.83,3.67,3.5,3.0,3.5
R0493,Information Technology,Small: 10-49 employees,Less than 3 years,10-49,Urban area,Mixed municipal waste,Not sure,Operations department,4,4,4,3,3,4,2,2,3,2,3,2,3,3,4,3,4,4,4,2,3,4,3,4,3,2,3,4,3,3,4,4,4,4,3,4,3,4,3,3,5,3,3,3,3,4,3,3,4,3,4,4,3,3,4,3,2,3,3,3,3,3,3.67,2.33,3.5,3.33,3.0,3.83,3.5,3.17,3.5,3.0,3.31
R0494,Information Technology,Micro: Fewer than 10 employees,6-10 years,10-49,Industrial area,Paper and cardboard,Not sure,Operations department,5,5,4,3,4,4,4,2,3,3,4,3,4,3,3,3,3,3,4,3,4,4,4,4,4,2,4,4,4,4,3,3,5,3,2,3,4,2,3,4,3,3,4,4,3,4,3,3,5,4,5,4,5,4,3,2,1,3,3,2,3,3,4.17,3.17,3.17,3.83,3.67,3.17,3.17,3.5,4.5,2.5,3.59
R0495,Information Technology,Medium: 50-249 employees,6-10 years,100-249,Urban area,Paper and cardboard,Not sure,External waste-management agency,2,2,3,3,3,2,3,3,3,3,3,3,3,3,3,3,3,5,4,4,3,5,3,3,4,4,5,4,5,4,4,4,2,3,3,3,2,2,3,4,3,4,3,4,5,3,3,3,1,1,2,3,3,2,2,4,4,2,4,4,4,3,2.5,3.0,3.33,3.67,4.33,3.17,3.0,3.5,2.0,3.38,3.17
R0496,Manufacturing,Small: 10-49 employees,6-10 years,10-49,Urban area,Plastic waste,Yes,Environmental or sustainability department,3,3,4,3,3,3,5,5,5,3,5,5,4,3,5,3,4,4,3,3,2,3,3,2,4,2,3,3,2,4,4,3,5,3,3,4,3,4,3,3,3,4,,4,4,3,5,3,3,4,4,5,5,4,3,3,3,3,3,2,3,4,3.17,4.67,3.83,2.67,3.0,3.67,3.33,3.8,4.17,3.0,3.59
R0497,Information Technology,Small: 10-49 employees,11-20 years,10-49,Commercial area,Paper and cardboard,No,External waste-management agency,3,3,4,3,3,2,5,4,3,4,3,4,2,3,2,2,3,3,2,,2,2,3,2,4,3,4,4,3,4,3,4,3,3,5,4,3,2,1,3,2,2,2,2,2,2,2,2,3,3,3,4,3,4,3,4,3,3,5,4,4,3,3.0,3.83,2.5,2.2,3.67,3.67,2.17,2.0,3.33,3.62,2.93
R0498,Retail,Micro: Fewer than 10 employees,11-20 years,Fewer than 10,Urban area,Mixed municipal waste,Under development,External waste-management agency,4,3,4,3,4,5,2,3,3,4,3,,2,2,3,4,4,4,3,2,2,2,3,3,3,5,3,5,4,4,4,3,3,4,3,3,3,3,3,3,4,3,3,3,5,4,3,3,4,4,4,3,3,3,2,2,3,2,3,2,3,2,3.83,3.0,3.17,2.5,4.0,3.33,3.17,3.5,3.5,2.38,3.33
R0499,Information Technology,Micro: Fewer than 10 employees,3-5 years,Fewer than 10,Urban area,Paper and cardboard,No,External waste-management agency,1,2,3,2,4,3,4,4,4,4,4,3,2,3,2,3,3,3,2,3,3,2,3,4,3,2,3,3,3,3,2,2,4,3,3,3,4,5,4,4,4,4,3,3,3,3,2,3,3,3,4,4,4,4,2,3,,3,3,2,4,3,2.5,3.83,2.67,2.83,2.83,2.83,4.17,2.83,3.67,2.86,3.13
R0500,Information Technology,Micro: Fewer than 10 employees,3-5 years,Fewer than 10,Commercial area,Plastic waste,Under development,External waste-management agency,3,2,1,2,3,2,2,3,2,2,3,3,1,2,2,2,2,2,2,2,3,2,4,3,2,3,4,3,3,4,3,3,2,3,3,2,1,3,3,3,3,1,2,2,2,3,3,2,3,2,4,3,3,4,4,3,3,3,4,4,3,4,2.17,2.5,1.83,2.67,3.17,2.67,2.33,2.33,3.17,3.5,2.54
R0501,Manufacturing,Large: 250 employees or more,11-20 years,250 or more,Semi-urban area,Paper and cardboard,Yes,Facility management team,3,4,4,4,4,5,4,4,4,3,4,5,2,2,3,3,3,2,3,3,2,2,3,4,4,5,4,4,4,5,4,4,4,4,4,5,3,4,4,5,4,4,4,4,3,5,4,4,5,3,5,4,5,4,3,2,4,1,2,3,2,3,4.0,4.0,2.5,2.83,4.33,4.17,4.0,4.0,4.33,2.5,3.8
R0502,Retail,Medium: 50-249 employees,3-5 years,100-249,Urban area,Plastic waste,Under development,Operations department,4,4,3,4,4,4,3,4,4,3,3,3,5,4,4,4,4,4,5,5,4,4,3,4,4,4,4,4,3,4,4,4,4,3,,2,5,4,5,4,4,5,3,4,3,3,4,3,3,4,4,5,4,4,1,1,3,3,3,2,2,2,3.83,3.33,4.17,4.17,3.83,3.4,4.5,3.33,4.0,2.12,3.84
R0503,Hospitality/Services,Small: 10-49 employees,11-20 years,10-49,Semi-urban area,Food or organic waste,Not sure,External waste-management agency,3,3,3,4,3,5,2,3,4,4,4,4,2,4,4,4,2,2,3,3,4,4,5,4,4,4,3,3,5,3,3,4,4,2,3,4,3,4,3,4,4,5,4,3,4,4,3,4,5,4,5,5,4,4,2,2,2,3,2,3,2,2,3.5,3.5,3.0,3.83,3.67,3.33,3.83,3.67,4.5,2.25,3.65
R0504,Manufacturing,Micro: Fewer than 10 employees,Less than 3 years,10-49,Industrial area,Plastic waste,No,External waste-management agency,3,2,3,3,2,3,2,2,2,4,3,3,3,5,3,4,3,3,3,3,3,2,2,3,2,2,3,3,3,3,3,3,3,3,3,3,3,3,3,2,3,3,3,3,2,3,3,3,4,2,2,3,4,4,3,3,3,5,3,3,3,4,2.67,2.67,3.5,2.67,2.67,3.0,2.83,2.83,3.17,3.38,2.89
R0505,Information Technology,Micro: Fewer than 10 employees,Less than 3 years,10-49,Industrial area,Paper and cardboard,No,External waste-management agency,3,3,3,3,3,4,3,4,2,4,4,5,3,3,2,3,2,3,2,2,1,3,2,2,2,2,2,2,4,2,2,3,1,2,,3,3,3,3,3,3,1,3,3,2,3,4,2,3,2,2,4,3,2,,4,4,5,4,5,5,4,3.17,3.67,2.67,2.0,2.33,2.2,2.67,2.83,2.67,4.43,2.69
R0506,Hospitality/Services,Micro: Fewer than 10 employees,6-10 years,Fewer than 10,Semi-urban area,Mixed municipal waste,No,Operations department,4,3,2,4,4,4,4,3,4,3,4,3,3,3,3,3,4,3,4,5,4,4,4,4,2,3,3,4,2,,4,3,4,3,4,3,2,2,3,1,2,4,4,4,4,4,2,4,4,3,4,3,3,3,4,4,3,4,4,4,4,5,3.5,3.5,3.17,4.17,2.8,3.5,2.33,3.67,3.33,4.0,3.33
R0507,Retail,Large: 250 employees or more,11-20 years,250 or more,Commercial area,Plastic waste,Yes,Environmental or sustainability department,5,4,5,5,4,5,5,5,4,4,5,4,4,4,5,3,3,5,4,4,4,4,4,4,5,4,5,4,4,5,4,5,4,5,5,5,4,4,5,,4,4,3,3,3,2,3,4,5,4,5,5,3,5,2,1,2,2,3,3,1,2,4.67,4.5,4.0,4.0,4.5,4.67,4.2,3.0,4.5,2.0,4.23
R0508,Retail,Small: 10-49 employees,3-5 years,10-49,Urban area,Plastic waste,No,Facility management team,3,3,3,4,3,3,3,3,2,2,3,3,3,3,3,3,3,2,4,4,4,4,4,3,2,4,2,2,4,4,4,2,3,3,4,4,2,5,3,2,4,4,4,5,3,3,4,3,4,3,3,,3,2,3,3,3,4,3,2,3,2,3.17,2.67,2.83,3.83,3.0,3.33,3.33,3.67,3.0,2.88,3.2
R0509,Retail,Medium: 50-249 employees,Less than 3 years,50-99,Industrial area,Plastic waste,Not sure,External waste-management agency,5,4,4,4,3,5,,2,2,3,3,2,3,4,4,4,5,4,2,3,2,,3,3,4,2,2,3,2,3,4,4,3,3,4,3,5,5,4,5,4,4,,3,3,3,3,4,4,4,3,2,,4,3,3,3,3,3,3,2,4,4.17,2.4,4.0,2.6,2.67,3.5,4.5,3.2,3.4,3.0,3.38
R0510,Information Technology,Medium: 50-249 employees,6-10 years,10-49,Commercial area,Mixed municipal waste,No,External waste-management agency,4,3,3,4,4,3,2,2,3,4,2,3,4,4,3,4,3,4,4,4,5,3,5,4,3,4,4,5,5,3,4,4,5,3,4,4,3,4,3,3,3,4,3,5,4,3,4,2,4,4,3,5,2,4,3,2,2,3,4,3,2,3,3.5,2.67,3.67,4.17,4.0,4.0,3.33,3.5,3.67,2.75,3.61
R0511,Retail,Micro: Fewer than 10 employees,Less than 3 years,Fewer than 10,Industrial area,Plastic waste,No,External waste-management agency,3,3,3,3,2,3,3,3,2,3,3,3,3,3,3,4,3,3,4,3,3,2,3,2,2,3,2,3,3,3,2,2,3,3,3,4,2,3,3,2,2,2,2,3,3,3,2,2,3,4,3,3,4,4,4,4,3,5,4,4,4,4,2.83,2.83,3.17,2.83,2.67,2.83,2.33,2.5,3.5,4.0,2.83
R0512,Retail,Small: 10-49 employees,6-10 years,50-99,Semi-urban area,Mixed municipal waste,Not sure,External waste-management agency,3,3,3,3,2,3,2,2,2,3,3,2,3,4,3,4,4,3,3,3,3,3,3,2,3,5,4,4,4,5,2,3,4,3,3,2,3,3,3,4,3,3,2,4,4,4,4,4,3,3,5,3,4,4,4,4,4,3,3,5,3,3,2.83,2.33,3.5,2.83,4.17,2.83,3.17,3.67,3.67,3.62,3.22
R0513,Manufacturing,Medium: 50-249 employees,11-20 years,100-249,Urban area,Plastic waste,Under development,External waste-management agency,3,4,3,4,5,5,5,4,4,5,4,4,3,2,4,2,3,4,3,3,2,4,3,4,4,4,4,3,5,4,4,3,3,3,4,4,3,4,3,4,4,3,2,5,3,3,3,3,3,4,2,4,4,5,3,3,2,2,3,2,3,4,4.0,4.33,3.0,3.17,4.0,3.5,3.5,3.17,3.67,2.75,3.59
R0514,Hospitality/Services,Medium: 50-249 employees,6-10 years,100-249,Urban area,Plastic waste,Not sure,Facility management team,3,4,4,4,3,3,2,3,3,4,3,4,3,3,3,3,4,4,2,3,2,3,1,3,4,4,4,3,4,4,3,3,3,4,5,4,3,3,2,3,4,3,3,3,3,1,3,2,5,4,4,4,5,4,3,3,2,5,4,3,4,4,3.5,3.17,3.33,2.33,3.83,3.67,3.0,2.5,4.33,3.5,3.3
R0515,Information Technology,Large: 250 employees or more,3-5 years,250 or more,Urban area,Plastic waste,Under development,Environmental or sustainability department,4,3,4,4,3,5,4,5,4,2,4,5,4,3,4,3,4,4,4,4,,4,3,3,4,3,4,3,3,5,3,5,5,4,4,4,3,4,2,3,3,3,5,5,5,4,4,4,2,3,3,3,3,3,4,3,4,2,4,4,4,4,3.83,4.0,3.67,3.6,3.67,4.17,3.0,4.5,2.83,3.62,3.7
R0516,Healthcare,Small: 10-49 employees,Less than 3 years,10-49,Semi-urban area,Food or organic waste,Not sure,Environmental or sustainability department,3,2,3,4,4,4,4,4,2,3,3,3,3,4,3,4,4,,3,3,3,5,2,4,4,4,4,3,,5,3,4,2,4,4,3,3,4,4,3,4,4,2,5,4,4,4,3,5,4,4,3,,5,2,4,4,3,2,3,2,2,3.33,3.17,3.6,3.33,4.0,3.33,3.67,3.67,4.2,2.75,3.59
R0517,Hospitality/Services,Medium: 50-249 employees,6-10 years,50-99,Urban area,Food or organic waste,Under development,Operations department,5,3,4,4,3,4,4,5,4,4,4,4,2,3,1,2,3,3,3,3,3,4,3,5,5,4,4,4,4,4,4,3,3,4,4,4,3,3,3,2,4,4,4,5,3,4,3,5,5,4,5,4,4,5,3,3,2,4,4,3,4,3,3.83,4.17,2.33,3.5,4.17,3.67,3.17,4.0,4.5,3.25,3.7
R0518,Healthcare,Small: 10-49 employees,Less than 3 years,10-49,Urban area,Mixed municipal waste,Not sure,Facility management team,3,2,3,2,3,2,3,3,3,2,2,2,4,4,3,3,2,3,1,2,3,1,3,3,1,2,2,2,1,3,4,4,3,3,3,3,4,4,2,3,4,2,4,2,4,4,3,4,5,4,4,3,5,3,2,2,2,3,2,2,2,1,2.5,2.5,3.17,2.17,1.83,3.33,3.17,3.5,4.0,2.0,2.91
R0519,Hospitality/Services,Medium: 50-249 employees,11-20 years,50-99,Semi-urban area,Food or organic waste,Not sure,Environmental or sustainability department,5,3,5,5,5,,3,4,4,5,4,4,4,3,5,4,4,4,4,5,5,3,5,4,3,3,4,3,3,3,4,5,4,5,3,3,3,3,3,3,3,2,3,2,3,2,3,2,4,5,4,4,4,5,1,3,3,4,2,2,3,2,4.6,4.0,4.0,4.33,3.17,4.0,2.83,2.5,4.33,2.5,3.75
R0520,Manufacturing,Medium: 50-249 employees,11-20 years,50-99,Industrial area,Plastic waste,Yes,Facility management team,4,5,5,4,3,2,4,4,5,4,4,4,4,5,4,4,3,3,5,4,5,3,5,5,4,4,4,3,4,4,4,3,3,4,3,4,4,5,4,3,4,4,4,4,2,3,4,4,4,5,4,5,5,4,3,1,3,2,1,1,2,3,3.83,4.17,3.83,4.5,3.83,3.5,4.0,3.5,4.5,2.0,3.96
R0521,Manufacturing,Micro: Fewer than 10 employees,Less than 3 years,Fewer than 10,Urban area,Food or organic waste,No,External waste-management agency,3,3,4,2,3,3,4,3,3,3,3,3,3,3,5,4,3,4,3,4,2,3,5,3,1,2,2,2,2,3,3,3,2,3,3,3,2,3,3,3,3,4,3,4,3,3,3,3,4,3,4,,4,4,3,4,3,4,4,3,3,3,3.0,3.17,3.67,3.33,2.0,2.83,3.0,3.17,3.8,3.38,3.11
R0522,Information Technology,Micro: Fewer than 10 employees,11-20 years,Fewer than 10,Commercial area,Paper and cardboard,No,Operations department,2,3,3,2,3,2,3,3,2,3,3,4,2,3,3,3,2,3,3,3,3,3,3,3,3,3,3,3,3,3,3,3,2,4,2,3,3,2,1,2,3,2,3,3,4,4,4,4,4,3,4,4,3,3,4,5,4,2,3,3,3,3,2.5,3.0,2.67,3.0,3.0,2.83,2.17,3.67,3.5,3.38,2.93
R0523,Retail,Small: 10-49 employees,6-10 years,10-49,Semi-urban area,Paper and cardboard,Yes,Facility management team,2,3,4,4,3,4,3,3,4,4,2,2,2,4,4,5,4,5,3,2,3,4,3,,4,4,4,3,5,5,4,4,4,5,5,4,4,4,5,5,5,5,4,3,4,3,5,3,5,5,5,5,5,5,2,3,3,3,3,3,3,3,3.33,3.0,4.0,3.0,4.17,4.33,4.67,3.67,5.0,2.88,3.91
R0524,Retail,Micro: Fewer than 10 employees,3-5 years,10-49,Urban area,Paper and cardboard,Not sure,External waste-management agency,5,4,4,3,5,3,4,4,3,3,3,5,4,4,5,3,4,4,3,3,4,2,2,4,4,3,3,3,4,3,3,3,3,4,4,4,3,2,3,3,3,3,3,3,4,4,3,3,3,2,3,3,3,3,3,3,4,3,4,3,3,3,4.0,3.67,4.0,3.0,3.33,3.5,2.83,3.33,2.83,3.25,3.39
R0525,Information Technology,Medium: 50-249 employees,11-20 years,50-99,Urban area,Mixed municipal waste,Yes,Operations department,3,3,3,4,2,3,4,3,4,3,3,4,2,4,4,5,3,3,3,4,4,3,3,3,4,4,3,4,5,5,5,4,5,4,5,4,3,4,4,4,5,4,4,4,4,5,4,4,5,4,4,2,4,3,2,1,2,2,3,2,2,1,3.0,3.5,3.5,3.33,4.17,4.5,4.0,4.17,3.67,1.88,3.76
R0526,Healthcare,Micro: Fewer than 10 employees,6-10 years,Fewer than 10,Urban area,Mixed municipal waste,No,External waste-management agency,4,3,2,4,3,3,3,3,3,4,3,3,4,4,4,3,3,3,3,3,3,3,,3,3,3,2,3,3,2,3,3,3,2,3,2,4,4,5,4,5,4,4,3,4,4,4,5,2,4,3,3,3,2,4,3,,4,2,3,3,4,3.17,3.17,3.5,3.0,2.67,2.67,4.33,4.0,2.83,3.29,3.26
R0527,Retail,Large: 250 employees or more,11-20 years,250 or more,Urban area,Plastic waste,Under development,Environmental or sustainability department,5,4,4,4,5,4,5,5,5,4,5,4,3,4,3,4,5,4,5,4,4,4,5,4,5,3,5,5,5,4,3,3,3,4,3,2,4,4,4,2,4,4,4,4,5,3,4,4,5,3,3,3,3,3,3,1,3,,1,2,2,2,4.33,4.67,3.83,4.33,4.5,3.0,3.67,4.0,3.33,2.0,3.96
R0528,Retail,Medium: 50-249 employees,6-10 years,50-99,Semi-urban area,Plastic waste,Under development,Operations department,5,4,5,4,3,4,3,3,3,3,3,4,4,4,3,4,3,4,3,2,3,3,4,3,3,4,2,2,4,2,4,3,3,3,2,3,4,3,3,3,3,3,3,3,3,5,4,2,3,3,4,3,3,3,3,4,3,4,3,3,5,4,4.17,3.17,3.67,3.0,2.83,3.0,3.17,3.33,3.17,3.62,3.28
R0529,Retail,Small: 10-49 employees,11-20 years,10-49,Commercial area,Mixed municipal waste,Not sure,External waste-management agency,4,4,3,4,3,4,3,3,3,2,3,5,5,3,2,3,4,3,4,3,2,4,3,4,4,3,4,2,5,4,2,4,4,2,3,3,4,3,4,4,3,3,3,4,4,3,3,2,3,3,4,4,4,2,4,3,4,4,4,5,3,2,3.67,3.17,3.33,3.33,3.67,3.0,3.5,3.17,3.33,3.62,3.35
R0530,Manufacturing,Large: 250 employees or more,6-10 years,250 or more,Industrial area,Food or organic waste,Under development,Environmental or sustainability department,4,5,4,4,4,5,4,4,3,3,,2,5,4,5,4,5,4,5,5,5,5,4,4,4,4,4,5,4,4,4,5,5,4,4,4,3,4,4,5,3,4,5,4,2,3,5,3,4,5,3,3,4,5,2,2,3,3,3,2,3,3,4.33,3.2,4.5,4.67,4.17,4.33,3.83,3.67,4.0,2.62,4.08
R0531,Manufacturing,Micro: Fewer than 10 employees,6-10 years,Fewer than 10,Urban area,Food or organic waste,No,External waste-management agency,2,4,3,4,3,4,4,3,5,3,5,2,2,2,1,1,3,1,4,3,5,5,3,5,5,4,5,3,5,5,3,4,5,4,4,4,3,3,2,3,3,2,4,3,3,3,4,4,4,4,4,3,4,4,4,3,4,4,3,3,4,4,3.33,3.67,1.67,4.17,4.5,4.0,2.67,3.5,3.83,3.62,3.48
R0532,Retail,Micro: Fewer than 10 employees,6-10 years,Fewer than 10,Semi-urban area,Mixed municipal waste,No,Operations department,2,2,3,3,3,3,3,2,3,3,3,3,4,3,3,3,4,2,3,3,3,3,3,3,4,4,4,3,,4,3,4,4,3,4,3,2,2,3,3,3,3,3,4,4,1,3,3,4,3,4,4,3,2,3,3,4,3,3,3,4,4,2.67,2.83,3.17,3.0,3.8,3.5,2.67,3.0,3.33,3.38,3.11
R0533,Information Technology,Medium: 50-249 employees,11-20 years,50-99,Commercial area,Plastic waste,No,Operations department,4,4,5,4,4,3,4,4,5,3,3,4,2,2,2,3,2,3,2,3,2,3,4,2,5,5,4,4,4,5,3,2,3,3,4,3,5,4,3,,3,3,4,3,3,3,3,4,4,4,4,3,5,3,3,4,4,3,4,3,4,3,4.0,3.83,2.33,2.67,4.5,3.0,3.6,3.33,3.83,3.5,3.45
R0534,Retail,Large: 250 employees or more,Less than 3 years,250 or more,Semi-urban area,Food or organic waste,Not sure,Operations department,3,3,2,2,3,2,4,4,4,4,4,5,4,4,5,5,3,5,4,5,4,4,4,4,3,4,4,4,4,3,4,3,4,2,3,3,3,4,4,4,4,5,3,4,3,3,4,4,3,3,3,2,3,3,3,2,1,3,3,3,3,3,2.5,4.17,4.33,4.17,3.67,3.17,4.0,3.5,2.83,2.62,3.59
R0535,Retail,Micro: Fewer than 10 employees,Less than 3 years,Fewer than 10,Commercial area,Mixed municipal waste,No,External waste-management agency,1,2,2,3,3,2,3,2,3,4,4,3,2,3,3,3,2,3,,3,4,5,3,3,3,3,2,2,3,3,3,2,3,4,2,3,4,4,3,3,3,4,2,2,4,4,3,3,3,2,3,3,1,3,3,4,4,3,4,4,4,4,2.17,3.17,2.67,3.6,2.67,2.83,3.5,3.0,2.5,3.75,2.9
R0536,Healthcare,Large: 250 employees or more,11-20 years,100-249,Urban area,Mixed municipal waste,Under development,Operations department,4,4,4,4,5,5,4,5,4,4,3,3,4,4,3,3,4,2,4,4,2,3,3,2,3,3,4,3,4,4,4,4,4,4,5,3,3,3,5,3,4,4,5,,5,4,4,4,4,3,5,3,4,5,3,4,3,3,3,3,3,4,4.33,3.83,3.33,3.0,3.5,4.0,3.67,4.4,4.0,3.25,3.78
R0537,Manufacturing,Micro: Fewer than 10 employees,Less than 3 years,Fewer than 10,Urban area,Paper and cardboard,Under development,Operations department,4,3,3,4,4,3,3,3,3,5,3,4,3,3,3,3,3,4,2,3,2,2,2,1,4,3,3,2,3,2,3,3,3,4,3,3,3,2,3,3,3,3,3,3,3,3,2,,2,3,3,3,3,4,4,3,5,3,3,4,4,4,3.5,3.5,3.17,2.0,2.83,3.17,2.83,2.8,3.0,3.75,2.98
R0538,Retail,Small: 10-49 employees,11-20 years,10-49,Commercial area,Paper and cardboard,Yes,Facility management team,4,4,4,3,4,4,4,3,5,3,3,3,5,5,4,5,5,3,3,3,4,4,4,2,4,4,4,4,4,,5,4,4,4,4,4,3,4,5,4,4,5,5,4,4,4,4,3,3,4,4,5,4,4,2,2,1,1,1,4,1,2,3.83,3.5,4.5,3.33,4.0,4.17,4.17,4.0,4.0,1.75,3.94
R0539,Manufacturing,Micro: Fewer than 10 employees,3-5 years,Fewer than 10,Industrial area,Paper and cardboard,No,External waste-management agency,2,1,2,3,2,3,2,1,1,2,2,2,2,3,2,3,2,2,3,3,3,3,1,2,5,3,3,4,3,3,3,1,3,2,3,4,3,3,2,3,2,3,3,3,2,2,3,2,2,2,2,3,3,3,2,3,4,3,3,3,3,3,2.17,1.67,2.33,2.5,3.5,2.67,2.67,2.5,2.5,3.0,2.5
R0540,Healthcare,Large: 250 employees or more,Less than 3 years,100-249,Urban area,Mixed municipal waste,Under development,Operations department,5,4,5,3,2,2,3,3,3,3,3,3,3,4,4,3,4,4,4,3,3,4,3,3,4,3,4,3,4,5,3,3,2,3,2,4,2,2,4,2,3,2,3,2,3,1,2,2,1,2,1,1,2,2,3,3,4,3,4,3,5,2,3.5,3.0,3.67,3.33,3.83,2.83,2.5,2.17,1.5,3.38,2.93
R0541,Manufacturing,Small: 10-49 employees,Less than 3 years,10-49,Semi-urban area,Mixed municipal waste,No,External waste-management agency,3,3,4,3,4,4,3,2,3,3,3,2,2,3,3,3,3,3,2,1,2,2,2,2,2,3,3,2,2,3,3,3,2,3,3,2,3,2,3,3,2,3,3,3,,3,4,2,2,1,2,1,2,2,3,5,3,,4,4,3,3,3.5,2.67,2.83,1.83,2.5,2.67,2.67,3.0,1.67,3.57,2.59
R0542,Retail,Small: 10-49 employees,Less than 3 years,10-49,Commercial area,Paper and cardboard,No,External waste-management agency,4,4,3,3,4,3,3,4,4,4,3,3,3,3,3,2,3,4,4,4,4,4,4,5,2,3,4,3,3,2,3,4,4,3,4,3,4,4,4,4,3,5,3,3,4,3,4,2,2,2,2,,2,2,4,4,3,3,4,4,3,3,3.5,3.5,3.0,4.17,2.83,3.5,4.0,3.17,2.0,3.5,3.3
R0543,Healthcare,Micro: Fewer than 10 employees,3-5 years,Fewer than 10,Urban area,Paper and cardboard,Under development,Operations department,3,4,4,3,4,4,4,5,5,2,3,4,4,4,4,4,4,4,2,3,3,3,2,3,3,3,3,4,4,3,3,2,3,4,4,3,4,3,5,3,3,2,3,2,3,5,3,4,3,3,3,4,3,4,3,3,2,4,2,2,3,3,3.67,3.83,4.0,2.67,3.33,3.17,3.33,3.33,3.33,2.75,3.41
R0544,Information Technology,Micro: Fewer than 10 employees,3-5 years,Fewer than 10,Urban area,Paper and cardboard,Yes,Operations department,4,3,4,4,4,3,5,5,4,4,5,5,3,1,2,3,3,4,4,4,4,4,4,4,4,4,3,4,3,3,4,3,4,3,3,4,2,2,3,4,3,4,3,3,3,3,3,2,3,2,4,4,4,3,4,3,4,3,3,3,3,2,3.67,4.67,2.67,4.0,3.5,3.5,3.0,2.83,3.33,3.12,3.46
R0545,Information Technology,Small: 10-49 employees,3-5 years,10-49,Urban area,Paper and cardboard,Not sure,External waste-management agency,4,3,3,3,3,3,3,4,3,4,3,3,3,3,4,3,4,3,4,3,3,3,3,3,,3,4,3,4,4,2,2,2,2,2,3,4,4,4,3,3,5,3,3,4,4,3,4,4,,3,4,3,3,2,3,2,3,3,2,3,2,3.17,3.33,3.33,3.17,3.6,2.17,3.83,3.5,3.4,2.5,3.28
R0546,Hospitality/Services,Small: 10-49 employees,3-5 years,10-49,Commercial area,Mixed municipal waste,No,Operations department,2,3,3,3,4,3,4,3,4,5,4,3,3,2,3,3,2,3,4,3,4,4,4,4,4,3,3,4,3,4,3,3,5,3,3,3,5,4,5,4,4,4,4,3,3,3,3,3,4,4,3,3,4,4,3,4,4,5,4,3,3,4,3.0,3.83,2.67,3.83,3.5,3.33,4.33,3.17,3.67,3.75,3.48
R0547,Healthcare,Micro: Fewer than 10 employees,3-5 years,10-49,Semi-urban area,Mixed municipal waste,Under development,Facility management team,3,4,4,3,5,4,3,4,3,4,3,3,4,3,4,3,3,2,4,4,5,4,4,4,2,3,3,4,2,2,4,4,3,5,3,4,3,2,4,3,2,2,5,5,3,4,,4,4,4,3,3,4,5,2,3,4,2,3,3,3,1,3.83,3.33,3.17,4.17,2.67,3.83,2.67,4.2,3.83,2.62,3.52
R0548,Retail,Small: 10-49 employees,Less than 3 years,10-49,Semi-urban area,Plastic waste,No,Operations department,3,3,2,4,3,2,3,4,3,4,3,4,4,2,2,3,3,3,4,4,3,3,3,3,3,4,3,3,4,4,4,3,3,5,3,3,3,3,2,2,3,3,3,4,3,4,3,3,2,2,4,2,3,3,3,4,3,3,3,2,2,4,2.83,3.5,2.83,3.33,3.5,3.5,2.67,3.33,2.67,3.0,3.13
R0549,Manufacturing,Medium: 50-249 employees,11-20 years,100-249,Semi-urban area,Paper and cardboard,Yes,Operations department,3,3,2,2,4,4,4,,2,4,4,5,3,3,4,3,3,3,4,3,3,4,4,5,3,3,3,3,3,2,4,4,4,3,4,3,3,2,3,2,4,2,4,2,3,2,3,3,4,5,4,4,4,5,2,3,3,3,1,2,2,2,3.0,3.8,3.17,3.83,2.83,3.67,2.67,2.83,4.33,2.25,3.35
R0550,Manufacturing,Large: 250 employees or more,6-10 years,100-249,Industrial area,Plastic waste,Under development,External waste-management agency,5,4,4,4,5,4,4,4,2,4,3,4,5,4,,4,4,4,4,2,4,3,4,3,4,4,2,2,4,3,4,3,4,3,4,5,4,4,4,4,4,4,4,4,5,4,4,3,2,4,4,2,3,3,3,2,4,2,3,2,1,2,4.33,3.5,4.2,3.33,3.17,3.83,4.0,4.0,3.0,2.38,3.71
R0551,Manufacturing,Medium: 50-249 employees,6-10 years,100-249,Urban area,Plastic waste,Under development,External waste-management agency,3,4,4,4,3,4,2,3,3,3,4,4,4,4,5,5,5,4,3,3,4,3,3,3,3,3,4,3,4,3,3,3,4,3,4,5,4,5,4,4,4,5,3,1,2,3,2,5,3,4,4,3,2,3,5,3,4,4,4,3,3,4,3.67,3.17,4.5,3.17,3.33,3.67,4.33,2.67,3.17,3.75,3.52
R0552,Manufacturing,Large: 250 employees or more,3-5 years,250 or more,Urban area,Mixed municipal waste,Under development,Facility management team,3,5,5,5,,4,4,5,3,3,4,3,5,4,4,4,3,5,2,4,3,4,2,3,4,5,4,3,4,3,5,4,4,4,5,4,3,4,3,3,3,4,3,4,3,4,4,4,3,3,4,3,4,4,3,4,4,3,3,1,3,3,4.4,3.67,4.17,3.0,3.83,4.33,3.33,3.67,3.5,3.0,3.77
R0553,Retail,Medium: 50-249 employees,3-5 years,50-99,Commercial area,Mixed municipal waste,No,Environmental or sustainability department,3,3,3,5,3,5,4,5,4,4,4,5,4,3,5,4,5,4,4,2,5,3,5,3,3,3,3,4,4,4,4,3,3,4,4,4,3,3,3,3,3,2,4,5,4,4,5,4,4,4,4,4,4,3,3,3,3,3,2,3,4,4,3.67,4.33,4.17,3.67,3.5,3.67,2.83,4.33,3.83,3.12,3.78
R0554,Information Technology,Large: 250 employees or more,3-5 years,250 or more,Semi-urban area,Food or organic waste,Yes,Facility management team,4,5,4,4,4,4,3,3,4,3,4,3,4,4,5,,3,4,5,4,5,4,5,4,4,4,5,4,4,5,4,3,3,5,2,4,5,4,5,4,3,4,5,4,5,5,5,5,3,4,3,3,4,4,4,3,3,1,,5,2,3,4.17,3.33,4.0,4.5,4.33,3.5,4.17,4.83,3.5,3.0,4.04
R0555,Healthcare,Large: 250 employees or more,Less than 3 years,100-249,Urban area,Mixed municipal waste,Not sure,Operations department,4,4,,4,4,3,3,3,2,3,2,2,3,3,3,4,3,3,4,4,4,4,4,3,3,4,3,2,3,2,4,3,2,5,4,4,3,3,4,,3,4,3,4,3,4,3,3,2,2,3,3,3,4,3,3,3,5,2,3,2,3,3.8,2.5,3.17,3.83,2.83,3.67,3.4,3.33,2.83,3.0,3.26
R0556,Retail,Micro: Fewer than 10 employees,Less than 3 years,Fewer than 10,Industrial area,Paper and cardboard,Yes,External waste-management agency,3,3,3,3,3,3,,3,3,3,3,3,3,3,3,3,3,3,3,3,3,3,3,3,3,3,3,3,3,3,3,3,3,3,3,3,3,3,3,3,3,3,3,3,3,3,3,3,3,3,3,3,3,3,3,3,3,3,3,3,3,3,3.0,3.0,3.0,3.0,3.0,3.0,3.0,3.0,3.0,3.0,3.0
R0557,Retail,Large: 250 employees or more,3-5 years,100-249,Commercial area,Paper and cardboard,Not sure,Operations department,2,2,2,3,2,3,3,3,2,3,3,3,3,3,4,3,4,3,3,3,4,4,2,3,1,3,3,2,3,3,2,3,5,4,3,3,2,3,3,2,3,3,2,2,3,3,3,3,3,3,3,3,2,3,3,4,4,2,3,4,4,4,2.33,2.83,3.33,3.17,2.5,3.33,2.67,2.67,2.83,3.5,2.85
R0558,Manufacturing,Small: 10-49 employees,6-10 years,10-49,Industrial area,Paper and cardboard,No,External waste-management agency,5,4,4,3,2,3,3,3,2,4,3,4,4,3,3,3,3,4,3,5,4,4,4,4,3,2,3,5,3,3,3,2,4,3,2,2,2,3,3,4,4,4,3,3,3,4,4,3,3,3,3,3,3,3,3,3,3,3,2,3,3,2,3.5,3.17,3.33,4.0,3.17,2.67,3.33,3.33,3.0,2.75,3.28
R0559,Retail,Small: 10-49 employees,Less than 3 years,10-49,Commercial area,Plastic waste,No,External waste-management agency,3,1,3,3,2,3,3,4,4,3,4,3,3,4,4,2,3,3,3,3,4,2,3,3,2,3,3,2,3,2,,4,4,3,3,3,3,4,3,4,4,3,3,3,2,3,3,2,2,3,4,3,3,3,4,2,4,3,4,2,4,3,2.5,3.5,3.17,3.0,2.5,3.4,3.5,2.67,3.0,3.25,3.03
R0560,Retail,Small: 10-49 employees,Less than 3 years,10-49,Semi-urban area,Plastic waste,Under development,Operations department,3,2,3,2,3,3,2,2,2,2,2,2,4,2,3,3,3,4,3,2,2,2,2,3,3,3,2,3,2,3,3,3,3,2,3,1,3,3,3,3,3,4,2,5,3,,3,4,3,3,3,2,,2,4,4,4,2,,4,4,4,2.67,2.0,3.17,2.33,2.67,2.5,3.17,3.4,2.6,3.71,2.72
R0561,Retail,Large: 250 employees or more,Less than 3 years,250 or more,Commercial area,Food or organic waste,Not sure,Operations department,4,3,3,4,2,2,3,5,4,3,4,4,4,3,4,3,4,3,3,4,4,5,3,4,3,4,3,2,3,3,3,3,3,4,3,3,4,3,3,2,4,5,,4,4,4,3,4,3,4,4,3,3,3,3,3,3,4,3,3,3,4,3.0,3.83,3.5,3.83,3.0,3.17,3.5,3.8,3.33,3.25,3.44
R0562,Manufacturing,Large: 250 employees or more,6-10 years,250 or more,Industrial area,Mixed municipal waste,Not sure,Environmental or sustainability department,4,4,5,3,3,5,3,2,4,3,2,2,3,5,4,4,5,4,4,5,4,3,4,4,4,5,5,4,5,4,4,3,4,,3,3,4,5,5,3,4,3,3,4,3,3,3,4,3,3,3,4,3,3,3,3,3,4,3,3,4,4,4.0,2.67,4.17,4.0,4.5,3.4,4.0,3.33,3.17,3.38,3.69
R0563,Hospitality/Services,Micro: Fewer than 10 employees,11-20 years,10-49,Commercial area,Food or organic waste,Under development,External waste-management agency,3,3,3,4,3,4,3,3,3,4,3,4,3,2,3,3,3,3,4,3,4,4,4,5,3,2,4,4,3,3,4,3,4,5,5,4,4,4,4,4,3,3,3,4,3,3,4,4,4,4,3,4,4,5,3,3,5,3,3,3,2,3,3.33,3.33,2.83,4.0,3.17,4.17,3.67,3.5,4.0,3.12,3.56
R0564,Retail,Large: 250 employees or more,Less than 3 years,250 or more,Commercial area,Mixed municipal waste,Not sure,Facility management team,2,2,2,3,3,3,3,3,2,3,3,3,5,3,4,4,2,4,3,3,4,4,3,4,2,2,3,2,2,3,3,3,3,3,3,4,2,2,3,3,3,1,3,3,3,2,3,3,2,1,2,3,2,2,4,3,3,3,3,3,3,3,2.5,2.83,3.67,3.5,2.33,3.17,2.33,2.83,2.0,3.12,2.8
R0565,Healthcare,Medium: 50-249 employees,6-10 years,100-249,Urban area,Plastic waste,Yes,Environmental or sustainability department,3,3,4,3,4,4,3,3,2,4,4,3,4,3,4,4,3,5,3,3,3,4,3,3,5,3,5,3,4,3,4,5,2,4,4,4,4,4,3,3,3,3,4,2,4,3,3,2,5,3,5,4,5,4,4,3,3,3,2,1,2,2,3.5,3.17,3.83,3.17,3.83,3.83,3.33,3.0,4.33,2.5,3.55
R0566,Manufacturing,Medium: 50-249 employees,11-20 years,100-249,Industrial area,Plastic waste,Under development,Operations department,2,4,5,4,3,4,4,4,5,5,3,3,3,3,3,3,4,3,5,4,5,4,4,4,4,5,5,5,5,5,5,2,4,5,4,4,3,4,3,4,4,3,4,5,4,3,4,3,4,4,5,5,4,5,3,2,5,2,2,2,4,3,3.67,4.0,3.17,4.33,4.83,4.0,3.5,3.83,4.5,2.88,3.98
R0567,Manufacturing,Micro: Fewer than 10 employees,6-10 years,Fewer than 10,Commercial area,Mixed municipal waste,Not sure,External waste-management agency,4,4,2,4,4,4,4,4,4,4,3,5,3,3,4,5,3,5,3,4,4,3,3,2,3,3,5,5,3,4,3,4,4,2,3,4,4,5,5,4,5,4,3,2,3,2,2,3,3,4,3,2,3,3,3,4,3,4,3,5,4,3,3.67,4.0,3.83,3.17,3.83,3.33,4.5,2.5,3.0,3.62,3.54
R0568,Retail,Medium: 50-249 employees,Less than 3 years,50-99,Industrial area,Paper and cardboard,Not sure,External waste-management agency,3,3,4,3,4,3,2,2,3,3,3,3,3,3,2,3,3,3,3,3,3,2,3,3,4,4,3,3,3,3,4,2,3,3,4,3,4,2,3,2,3,3,4,3,3,4,4,3,3,4,4,4,3,3,3,4,2,3,3,4,4,3,3.33,2.67,2.83,2.83,3.33,3.17,2.83,3.5,3.5,3.25,3.11
R0569,Hospitality/Services,Small: 10-49 employees,6-10 years,10-49,Urban area,Food or organic waste,Under development,External waste-management agency,3,4,2,3,3,3,3,4,4,4,3,3,5,4,4,4,4,4,5,4,4,5,4,5,4,2,3,2,3,3,4,4,4,3,4,4,4,4,3,3,3,3,3,3,3,3,3,4,4,4,4,3,5,4,4,4,3,2,3,2,3,3,3.0,3.5,4.17,4.5,2.83,3.83,3.33,3.17,4.0,3.0,3.59
R0570,Manufacturing,Medium: 50-249 employees,3-5 years,100-249,Industrial area,Plastic waste,Under development,Operations department,4,3,4,5,3,4,4,5,3,3,5,4,3,2,3,3,3,3,4,4,3,4,3,4,4,4,4,3,4,3,3,2,3,2,2,3,3,3,4,3,3,3,3,4,3,4,4,3,4,3,3,4,5,4,4,3,2,5,4,3,3,3,3.83,4.0,2.83,3.67,3.67,2.5,3.17,3.5,3.83,3.38,3.44
R0571,Retail,Micro: Fewer than 10 employees,3-5 years,Fewer than 10,Urban area,Plastic waste,Not sure,External waste-management agency,3,3,3,1,2,3,3,3,3,2,2,2,2,3,2,2,2,2,2,3,2,3,3,3,2,3,3,3,3,2,3,3,3,4,3,3,3,4,2,4,4,4,3,3,2,3,2,2,3,3,2,3,3,2,1,3,3,2,3,3,3,3,2.5,2.5,2.17,2.67,2.67,3.17,3.5,2.5,2.67,2.62,2.71
R0572,Hospitality/Services,Large: 250 employees or more,6-10 years,250 or more,Urban area,Food or organic waste,Not sure,External waste-management agency,3,5,4,5,4,4,5,4,4,4,,3,2,3,3,3,3,4,5,,4,4,3,5,4,3,4,4,4,5,4,5,4,4,4,3,4,3,4,3,4,4,3,4,4,4,4,2,4,4,3,3,2,3,3,4,3,4,4,3,3,2,4.17,4.0,3.0,4.2,4.0,4.0,3.67,3.5,3.17,3.25,3.75
R0573,Retail,Large: 250 employees or more,Less than 3 years,100-249,Commercial area,Paper and cardboard,Not sure,Environmental or sustainability department,4,4,4,5,3,3,3,3,4,3,4,4,3,4,4,4,4,4,5,5,4,4,4,3,4,3,5,5,5,5,3,4,4,5,4,4,4,2,2,3,2,3,4,3,3,3,3,4,3,3,3,3,2,4,4,3,2,4,3,2,2,4,3.83,3.5,3.83,4.17,4.5,4.0,2.67,3.33,3.0,3.0,3.65
R0574,Retail,Small: 10-49 employees,3-5 years,Fewer than 10,Urban area,Paper and cardboard,No,External waste-management agency,3,3,3,2,2,3,2,3,3,2,3,2,3,3,4,3,4,3,4,3,3,4,4,4,3,4,4,4,3,3,3,3,3,3,2,2,5,5,5,5,5,5,2,4,3,4,4,2,3,3,3,2,3,2,3,3,4,3,2,3,4,3,2.67,2.5,3.33,3.67,3.5,2.67,5.0,3.17,2.67,3.12,3.24
R0575,Healthcare,Medium: 50-249 employees,6-10 years,50-99,Urban area,Paper and cardboard,Under development,Operations department,3,3,4,4,4,5,3,4,3,4,3,3,4,4,3,5,5,4,4,4,4,4,5,4,3,3,3,3,4,3,3,3,2,3,2,2,3,3,3,2,2,3,5,4,4,4,4,4,4,4,4,4,3,5,4,3,3,3,2,3,4,4,3.83,3.33,4.17,4.17,3.17,2.5,2.67,4.17,4.0,3.25,3.56
R0576,Retail,Micro: Fewer than 10 employees,3-5 years,Fewer than 10,Industrial area,Plastic waste,No,External waste-management agency,4,4,3,4,4,4,3,4,3,4,3,3,3,3,2,3,3,4,2,1,2,1,2,3,2,3,2,3,2,2,3,2,3,3,4,4,3,2,3,4,2,2,3,3,4,3,3,3,3,4,3,3,4,3,3,4,4,4,4,4,4,3,3.83,3.33,3.0,1.83,2.33,3.17,2.67,3.17,3.33,3.75,2.96
R0577,Hospitality/Services,Large: 250 employees or more,11-20 years,250 or more,Urban area,Food or organic waste,Not sure,Facility management team,3,3,4,4,4,4,2,3,3,3,2,2,5,4,4,4,5,4,5,3,4,4,4,4,5,4,5,5,4,5,3,4,3,4,3,3,3,4,3,3,4,4,4,4,3,3,4,3,4,5,4,5,5,4,2,2,3,2,3,3,3,2,3.67,2.5,4.33,4.0,4.67,3.33,3.5,3.5,4.5,2.5,3.78
R0578,Manufacturing,Medium: 50-249 employees,11-20 years,100-249,Industrial area,Mixed municipal waste,Yes,Facility management team,3,5,4,5,5,5,4,5,4,4,5,3,2,3,4,3,3,3,,5,4,3,4,5,4,5,4,5,3,4,5,4,5,4,4,4,4,5,3,3,5,5,5,5,4,5,5,5,5,4,4,5,5,4,4,2,4,4,3,4,2,2,4.5,4.17,3.0,4.2,4.17,4.33,4.17,4.83,4.5,3.12,4.21
R0579,Information Technology,Small: 10-49 employees,3-5 years,10-49,Urban area,Plastic waste,Yes,Operations department,4,4,3,4,4,3,4,4,4,4,4,4,3,3,3,4,3,4,3,,3,4,3,3,4,3,2,3,2,3,4,5,3,4,3,3,3,3,3,3,3,3,3,4,2,2,2,4,3,3,3,4,3,3,4,3,4,2,3,3,3,2,3.67,4.0,3.33,3.2,2.83,3.67,3.0,2.83,3.17,3.0,3.3
R0580,Manufacturing,Large: 250 employees or more,11-20 years,250 or more,Commercial area,Plastic waste,No,Facility management team,4,4,3,3,4,4,3,4,3,2,2,4,4,2,3,3,4,4,3,4,3,5,4,5,4,4,4,3,4,4,5,4,4,3,3,5,3,4,2,3,4,3,5,4,5,5,4,4,4,4,3,4,2,4,3,3,3,,3,2,4,2,3.67,3.0,3.33,4.0,3.83,4.0,3.17,4.5,3.5,2.86,3.67
R0581,Information Technology,Micro: Fewer than 10 employees,Less than 3 years,Fewer than 10,Urban area,Food or organic waste,No,External waste-management agency,3,2,4,4,3,4,3,3,2,,2,3,1,2,3,1,2,2,3,3,3,2,3,3,3,3,2,2,2,,3,3,3,4,2,3,2,3,3,4,3,3,4,3,3,3,3,4,2,3,3,4,3,3,4,3,5,4,4,4,5,5,3.33,2.6,1.83,2.83,2.4,3.0,3.0,3.33,3.0,4.25,2.81
R0582,Information Technology,Small: 10-49 employees,Less than 3 years,10-49,Urban area,Mixed municipal waste,No,External waste-management agency,3,4,3,3,2,3,3,3,2,3,3,3,4,3,3,5,3,4,3,2,3,3,3,3,3,4,3,3,3,3,3,3,2,2,3,2,3,4,3,3,3,4,4,2,4,3,3,4,4,5,5,5,3,5,3,3,5,4,4,4,4,5,3.0,2.83,3.67,2.83,3.17,2.5,3.33,3.33,4.5,4.0,3.24
R0583,Information Technology,Micro: Fewer than 10 employees,Less than 3 years,Fewer than 10,Urban area,Food or organic waste,Not sure,Operations department,2,3,1,3,2,4,3,4,2,4,3,5,4,3,2,3,3,3,3,4,4,4,4,4,3,4,3,3,3,5,2,3,4,3,4,4,2,4,4,2,3,2,4,3,4,3,3,4,3,3,3,3,4,4,4,4,3,4,4,3,5,3,2.5,3.5,3.0,3.83,3.5,3.33,2.83,3.5,3.33,3.75,3.26
R0584,Information Technology,Small: 10-49 employees,3-5 years,10-49,Commercial area,Mixed municipal waste,No,External waste-management agency,3,3,3,2,4,3,4,3,3,2,2,2,3,3,3,2,3,3,2,2,1,3,2,2,4,4,2,3,3,3,4,4,3,3,3,3,2,3,3,3,4,3,3,3,3,3,3,3,4,3,3,3,3,4,3,2,1,3,1,3,1,4,3.0,2.67,2.83,2.0,3.17,3.33,3.0,3.0,3.33,2.25,2.93
R0585,Information Technology,Large: 250 employees or more,3-5 years,250 or more,Semi-urban area,Mixed municipal waste,Not sure,Environmental or sustainability department,4,4,4,3,4,,4,4,4,4,3,4,4,3,5,4,4,4,4,4,3,4,3,5,3,3,3,3,4,3,4,4,3,3,4,3,4,4,3,5,4,3,3,3,2,4,4,5,4,3,3,4,4,3,3,3,1,5,3,2,3,3,3.8,3.83,4.0,3.83,3.17,3.5,3.83,3.5,3.5,2.88,3.66
R0586,Manufacturing,Large: 250 employees or more,11-20 years,250 or more,Industrial area,Mixed municipal waste,Under development,Environmental or sustainability department,4,3,4,4,3,5,4,4,3,4,5,4,5,,4,4,3,3,5,4,3,4,5,5,4,3,4,4,5,4,5,5,4,4,5,4,4,3,3,4,4,3,3,3,4,4,4,4,4,5,4,4,4,5,3,3,3,3,3,3,2,3,3.83,4.0,3.8,4.33,4.0,4.5,3.5,3.67,4.33,2.88,4.0
R0587,Manufacturing,Medium: 50-249 employees,Less than 3 years,10-49,Industrial area,Plastic waste,No,Operations department,2,2,1,2,3,1,4,4,4,3,5,3,3,3,2,3,3,4,3,4,4,4,4,2,4,3,4,4,2,4,3,2,3,3,3,3,3,4,3,3,2,2,2,3,2,2,2,2,4,4,4,3,3,3,3,2,3,3,3,3,3,4,1.83,3.83,3.0,3.5,3.5,2.83,2.83,2.17,3.5,3.0,3.0
R0588,Retail,Micro: Fewer than 10 employees,Less than 3 years,Fewer than 10,Urban area,Plastic waste,No,External waste-management agency,3,3,3,4,3,4,5,5,5,3,5,5,2,3,4,3,3,3,3,4,2,4,3,3,4,3,,2,2,3,4,4,4,4,4,5,4,2,3,2,2,3,4,3,2,3,3,4,2,3,2,3,4,3,2,3,2,3,3,2,4,2,3.33,4.67,3.0,3.17,2.8,4.17,2.67,3.17,2.83,2.62,3.31
R0589,Retail,Medium: 50-249 employees,6-10 years,100-249,Commercial area,Plastic waste,No,Operations department,3,3,5,3,4,4,3,3,2,5,3,3,4,4,5,3,4,4,3,3,5,4,4,4,5,4,5,4,3,3,4,4,4,4,4,3,4,4,2,2,3,2,3,3,4,4,4,3,4,5,4,3,4,5,3,5,3,3,5,3,4,3,3.67,3.17,4.0,3.83,4.0,3.83,2.83,3.5,4.17,3.62,3.67
R0590,Retail,Medium: 50-249 employees,6-10 years,100-249,Commercial area,Food or organic waste,Yes,Facility management team,3,4,5,4,4,5,5,4,5,4,4,4,3,4,3,2,3,3,4,,5,5,4,5,4,5,5,5,4,3,4,5,4,3,5,4,4,3,5,3,3,3,5,5,4,5,5,4,4,5,4,3,4,4,3,2,3,2,3,1,1,2,4.17,4.33,3.0,4.6,4.33,4.17,3.5,4.67,4.0,2.12,4.09
R0591,Information Technology,Micro: Fewer than 10 employees,3-5 years,Fewer than 10,Urban area,Food or organic waste,No,External waste-management agency,4,2,4,5,3,2,2,2,3,3,3,2,1,2,2,2,1,3,4,4,4,5,4,4,4,4,3,3,3,3,2,2,3,2,3,3,4,3,4,2,3,4,4,5,3,4,3,4,4,3,3,4,3,4,4,3,2,3,3,3,3,2,3.33,2.5,1.83,4.17,3.33,2.5,3.33,3.83,3.5,2.88,3.15
R0592,Information Technology,Large: 250 employees or more,3-5 years,250 or more,Commercial area,Paper and cardboard,Not sure,Operations department,4,4,3,3,4,2,4,5,4,3,3,4,3,3,3,3,4,4,4,3,3,4,3,5,2,3,3,3,3,3,4,3,3,3,3,3,2,4,3,3,3,4,3,4,4,3,4,3,5,5,5,4,4,5,3,2,2,2,2,2,3,3,3.33,3.83,3.33,3.67,2.83,3.17,3.17,3.5,4.67,2.38,3.5
R0593,Hospitality/Services,Large: 250 employees or more,11-20 years,100-249,Commercial area,Paper and cardboard,Yes,Environmental or sustainability department,3,4,5,5,4,4,3,2,4,2,4,4,,4,5,4,3,3,4,4,4,4,4,4,5,5,3,5,3,4,4,4,5,5,5,4,3,5,2,2,5,4,5,3,5,4,4,4,4,5,3,3,5,4,3,2,3,2,2,2,3,1,4.17,3.17,3.8,4.0,4.17,4.5,3.5,4.17,4.0,2.25,3.94
R0594,Retail,Micro: Fewer than 10 employees,3-5 years,Fewer than 10,Urban area,Mixed municipal waste,No,External waste-management agency,3,3,3,3,3,3,,1,2,3,2,2,3,2,1,2,2,2,3,2,3,2,2,2,3,2,2,3,3,3,4,2,3,3,2,4,4,3,4,4,4,3,1,2,1,1,1,2,4,4,5,4,5,2,1,3,2,1,3,2,2,3,3.0,2.0,2.0,2.33,2.67,3.0,3.67,1.33,4.0,2.12,2.67
R0595,Information Technology,Micro: Fewer than 10 employees,6-10 years,Fewer than 10,Semi-urban area,Plastic waste,Not sure,External waste-management agency,3,3,4,3,4,4,4,4,3,3,3,4,3,3,2,3,4,3,3,2,3,4,2,3,4,3,,3,4,4,4,2,4,2,3,5,4,4,3,2,2,3,4,5,5,3,4,,1,2,3,3,3,3,3,5,4,4,4,4,4,4,3.5,3.5,3.0,2.83,3.6,3.33,3.0,4.2,2.5,4.0,3.27
R0596,Information Technology,Micro: Fewer than 10 employees,3-5 years,10-49,Industrial area,Paper and cardboard,No,Operations department,3,3,4,3,4,3,4,3,3,4,3,4,3,3,3,2,3,2,3,4,4,3,2,4,4,3,3,3,4,3,3,3,3,3,2,3,2,3,3,4,4,2,3,3,4,3,2,2,4,3,5,4,3,4,4,4,5,2,4,4,4,4,3.33,3.5,2.67,3.33,3.33,2.83,3.0,2.83,3.83,3.88,3.18
R0597,Hospitality/Services,Medium: 50-249 employees,Less than 3 years,10-49,Commercial area,Food or organic waste,No,Environmental or sustainability department,2,3,3,2,3,3,3,4,3,5,4,3,4,3,5,3,4,3,4,3,3,4,2,3,3,4,2,3,3,4,4,3,2,4,3,3,2,4,4,4,3,4,2,4,3,3,2,3,4,4,3,3,4,4,5,4,3,4,4,4,4,4,2.67,3.67,3.67,3.17,3.17,3.17,3.5,2.83,3.67,4.0,3.28
R0598,Information Technology,Large: 250 employees or more,6-10 years,250 or more,Urban area,Plastic waste,Under development,Facility management team,3,3,4,3,3,4,2,4,4,3,3,3,3,2,2,3,3,4,4,3,3,4,4,4,3,3,4,4,3,3,3,3,3,3,4,3,5,4,4,4,4,5,5,5,5,4,4,4,3,4,4,3,4,5,3,2,4,3,3,3,3,4,3.33,3.17,2.83,3.67,3.33,3.17,4.33,4.5,3.83,3.12,3.57
R0599,Manufacturing,Large: 250 employees or more,11-20 years,250 or more,Industrial area,Mixed municipal waste,Under development,Facility management team,3,5,4,4,3,4,4,3,3,3,4,3,4,3,5,5,4,5,3,3,4,4,5,3,3,2,4,2,4,3,5,3,3,3,4,4,4,4,5,4,4,5,3,,3,2,3,4,3,3,3,5,3,4,3,3,2,3,4,4,4,3,3.83,3.33,4.33,3.67,3.0,3.67,4.33,3.0,3.5,3.25,3.63
R0600,Manufacturing,Micro: Fewer than 10 employees,Less than 3 years,10-49,Industrial area,Mixed municipal waste,No,External waste-management agency,2,3,3,3,4,3,2,3,2,1,2,1,4,4,3,2,4,4,4,3,3,2,3,3,3,3,1,2,1,4,3,3,1,2,,2,3,4,2,3,3,4,4,4,3,2,3,3,3,3,3,3,2,2,3,4,3,3,4,3,4,4,3.0,1.83,3.5,3.0,2.33,2.2,3.17,3.17,2.67,3.5,2.76
R0601,Hospitality/Services,Large: 250 employees or more,6-10 years,250 or more,Commercial area,Plastic waste,No,Environmental or sustainability department,5,5,3,4,2,3,3,3,3,2,4,4,3,3,3,4,3,2,3,3,4,3,3,3,3,4,4,4,3,3,4,4,3,3,4,3,4,5,5,4,4,5,5,4,3,4,4,5,3,4,2,4,2,3,2,1,1,3,3,2,2,2,3.67,3.17,3.0,3.17,3.5,3.5,4.5,4.17,3.0,2.0,3.52
R0602,Information Technology,Medium: 50-249 employees,3-5 years,50-99,Urban area,Paper and cardboard,Not sure,External waste-management agency,4,3,3,5,3,4,4,3,4,4,3,4,4,3,3,3,3,2,2,4,3,3,4,3,3,4,4,3,4,4,3,4,3,3,3,3,3,4,2,3,3,3,4,4,3,4,4,3,2,3,3,4,3,2,5,5,5,4,4,5,4,4,3.67,3.67,3.0,3.17,3.67,3.17,3.0,3.67,2.83,4.5,3.32
R0603,Information Technology,Small: 10-49 employees,11-20 years,10-49,Urban area,Food or organic waste,Under development,Operations department,5,4,3,4,4,4,3,4,,4,3,4,4,2,3,4,4,4,3,3,4,5,3,5,4,5,4,4,5,4,5,5,5,5,5,5,4,4,5,5,5,5,3,4,4,4,4,3,5,5,5,4,5,4,3,2,2,3,2,2,1,3,4.0,3.6,3.5,3.83,4.33,5.0,4.67,3.67,4.67,2.25,4.14
R0604,Information Technology,Small: 10-49 employees,Less than 3 years,10-49,Commercial area,Paper and cardboard,No,Operations department,3,4,3,2,3,3,2,2,2,2,3,3,4,3,3,4,3,4,1,2,1,2,2,1,4,4,4,4,2,3,3,2,2,2,3,3,4,4,4,5,4,4,4,,5,3,3,5,5,4,4,4,3,4,2,1,2,2,1,2,3,2,3.0,2.33,3.5,1.5,3.5,2.5,4.17,4.0,4.0,1.88,3.17
R0605,Information Technology,Medium: 50-249 employees,Less than 3 years,50-99,Commercial area,Plastic waste,Under development,External waste-management agency,4,3,4,3,3,4,2,3,3,3,2,4,3,2,3,3,3,3,3,3,4,4,3,2,3,3,2,2,3,3,4,3,4,4,4,4,2,4,4,3,3,3,4,3,4,4,4,4,4,4,4,3,4,5,4,3,5,3,4,5,4,3,3.5,2.83,2.83,3.17,2.67,3.83,3.17,3.83,4.0,3.88,3.31
R0606,Information Technology,Large: 250 employees or more,11-20 years,250 or more,Commercial area,Paper and cardboard,Not sure,Operations department,3,4,4,3,4,4,3,5,4,3,4,4,4,3,4,3,3,3,3,3,4,4,3,3,3,4,3,2,3,3,2,4,3,3,3,4,4,5,5,5,5,5,3,4,3,4,4,4,2,4,4,4,4,3,4,4,4,4,4,4,4,5,3.67,3.83,3.33,3.33,3.0,3.17,4.83,3.67,3.5,4.12,3.59
R0607,Hospitality/Services,Small: 10-49 employees,11-20 years,50-99,Semi-urban area,Food or organic waste,Yes,Operations department,4,4,4,3,4,5,4,2,3,3,4,3,3,3,4,2,4,3,3,5,3,3,2,3,4,3,3,4,3,3,3,3,4,5,4,4,3,3,3,3,4,5,4,4,4,3,3,4,5,5,3,4,5,4,4,3,3,3,3,3,2,3,4.0,3.17,3.17,3.17,3.33,3.83,3.5,3.67,4.33,3.0,3.57
R0608,Hospitality/Services,Large: 250 employees or more,Less than 3 years,250 or more,Urban area,Food or organic waste,Under development,Facility management team,5,5,5,5,5,5,2,3,3,4,2,3,2,3,3,4,4,3,3,3,2,4,4,2,3,5,4,4,5,4,4,4,5,4,4,3,5,3,2,4,3,3,3,4,3,3,3,3,5,5,3,4,3,5,3,3,3,2,3,2,2,4,5.0,2.83,3.17,3.0,4.17,4.0,3.33,3.17,4.17,2.75,3.65
R0609,Retail,Micro: Fewer than 10 employees,Less than 3 years,10-49,Commercial area,Paper and cardboard,No,External waste-management agency,3,4,3,3,3,2,4,4,2,3,4,4,2,3,3,1,2,2,3,4,3,2,2,3,2,3,3,3,4,3,2,3,3,2,2,1,2,2,3,2,3,2,4,3,3,3,3,3,3,4,4,3,3,4,4,,4,4,4,5,5,2,3.0,3.5,2.17,2.83,3.0,2.17,2.33,3.17,3.5,4.0,2.85
R0610,Manufacturing,Medium: 50-249 employees,11-20 years,100-249,Commercial area,Plastic waste,Under development,Operations department,3,4,4,3,3,4,3,4,4,2,4,4,4,4,4,4,4,3,4,4,4,5,4,4,4,4,2,2,4,3,2,2,3,3,4,3,4,4,2,3,3,4,3,4,,,3,4,3,3,3,3,4,3,2,2,3,2,2,2,2,3,3.5,3.5,3.83,4.17,3.17,2.83,3.33,3.5,3.17,2.25,3.44
R0611,Manufacturing,Medium: 50-249 employees,3-5 years,100-249,Urban area,Paper and cardboard,No,External waste-management agency,3,2,2,1,2,3,3,3,3,4,4,3,1,2,1,2,2,3,2,2,3,2,2,2,3,3,3,2,2,4,3,2,4,2,3,3,3,2,3,3,2,4,4,4,4,3,3,5,4,4,4,2,4,3,3,2,3,2,2,1,2,2,2.17,3.33,1.83,2.17,2.83,2.83,2.83,3.83,3.5,2.12,2.81
R0612,Retail,Medium: 50-249 employees,3-5 years,50-99,Commercial area,Mixed municipal waste,No,Facility management team,3,3,3,3,3,3,4,4,4,5,5,5,5,4,4,3,4,4,3,4,3,4,4,3,3,4,4,4,3,4,3,4,3,4,3,4,3,3,3,4,3,3,3,4,3,3,3,4,3,2,3,3,3,3,3,4,5,4,3,4,4,,3.0,4.5,4.0,3.5,3.67,3.5,3.17,3.33,2.83,3.86,3.5
R0613,Information Technology,Micro: Fewer than 10 employees,Less than 3 years,Fewer than 10,Urban area,Mixed municipal waste,No,External waste-management agency,2,2,2,2,4,3,3,3,3,3,3,3,3,2,3,3,2,4,4,4,2,2,3,4,2,3,2,4,3,3,2,2,3,3,2,4,3,4,2,2,2,4,3,3,3,4,4,3,4,3,3,3,3,4,4,2,4,4,4,4,4,2,2.5,3.0,2.83,3.17,2.83,2.67,2.83,3.33,3.33,3.5,2.94
R0614,Information Technology,Large: 250 employees or more,6-10 years,100-249,Commercial area,Paper and cardboard,Under development,External waste-management agency,2,3,2,2,2,2,4,3,3,3,4,4,3,3,2,2,3,2,3,2,2,2,3,2,4,3,4,3,3,3,3,4,4,3,3,3,3,2,4,3,3,4,4,3,3,5,4,3,5,4,4,4,4,4,4,4,3,4,4,3,3,4,2.17,3.5,2.5,2.33,3.33,3.33,3.17,3.67,4.17,3.62,3.13
R0615,Retail,Medium: 50-249 employees,3-5 years,100-249,Urban area,Food or organic waste,No,Facility management team,2,4,3,3,4,4,3,4,4,4,4,3,4,3,4,3,3,3,2,2,2,2,2,3,2,4,3,3,3,3,3,3,4,4,3,3,3,3,3,4,3,3,4,4,4,4,5,5,3,3,4,4,2,3,4,4,3,2,4,3,3,3,3.33,3.67,3.33,2.17,3.0,3.33,3.17,4.33,3.17,3.25,3.28
R0616,Retail,Medium: 50-249 employees,3-5 years,50-99,Urban area,Paper and cardboard,No,External waste-management agency,4,4,3,3,2,1,4,4,4,4,3,3,4,3,4,3,3,2,4,4,3,3,3,3,2,,3,3,2,3,3,2,2,3,3,2,3,4,3,3,4,4,4,3,3,2,3,2,3,2,3,4,2,3,3,3,4,4,3,4,4,4,2.83,3.67,3.17,3.33,2.6,2.5,3.5,2.83,2.83,3.62,3.03
R0617,Retail,Large: 250 employees or more,6-10 years,250 or more,Semi-urban area,Plastic waste,Not sure,Facility management team,3,4,3,3,3,5,4,3,4,4,3,4,3,4,3,4,4,4,4,4,3,4,3,,4,5,5,4,4,3,3,4,3,3,3,4,4,3,4,4,3,2,3,4,4,2,3,3,2,5,3,3,3,4,3,1,3,3,2,3,2,3,3.5,3.67,3.67,3.6,4.17,3.33,3.33,3.17,3.33,2.5,3.53
R0618,Information Technology,Large: 250 employees or more,3-5 years,250 or more,Urban area,Mixed municipal waste,Under development,Operations department,4,3,3,3,3,3,3,3,2,3,3,3,4,4,4,3,3,5,4,4,5,3,4,4,2,4,3,4,4,3,3,2,4,3,4,3,4,4,4,5,5,5,3,3,2,3,2,3,4,3,4,,4,5,4,2,2,2,3,3,2,3,3.17,2.83,3.83,4.0,3.33,3.17,4.5,2.67,4.0,2.62,3.5
R0619,Healthcare,Medium: 50-249 employees,6-10 years,50-99,Commercial area,Paper and cardboard,Not sure,Operations department,2,3,2,2,3,3,4,3,3,3,4,4,2,2,3,3,2,3,2,2,1,3,3,3,5,4,3,3,4,3,3,4,4,4,4,4,3,4,3,3,3,5,3,3,3,3,3,2,3,3,4,3,2,3,4,3,4,2,2,4,2,2,2.5,3.5,2.5,2.33,3.67,3.83,3.5,2.83,3.0,2.88,3.07
R0620,Manufacturing,Large: 250 employees or more,11-20 years,100-249,Commercial area,Plastic waste,Yes,Environmental or sustainability department,5,4,5,5,4,4,4,5,4,3,5,5,3,3,2,3,2,2,5,5,5,5,4,4,2,3,3,3,3,3,3,5,4,3,5,4,5,5,5,4,5,5,4,3,3,3,4,4,4,4,4,5,4,5,2,3,3,4,3,2,4,5,4.5,4.33,2.5,4.67,2.83,4.0,4.83,3.5,4.33,3.25,3.94
R0621,Retail,Small: 10-49 employees,3-5 years,10-49,Commercial area,Paper and cardboard,Under development,Operations department,2,5,3,3,4,4,5,4,5,3,3,4,2,3,3,3,4,2,2,2,2,2,2,3,3,2,4,4,2,2,3,3,3,5,2,2,3,3,3,2,4,3,3,3,3,4,5,3,3,4,4,4,4,4,4,2,3,4,4,3,3,5,3.5,4.0,2.83,2.17,2.83,3.0,3.0,3.5,3.83,3.5,3.18
R0622,Healthcare,Small: 10-49 employees,6-10 years,Fewer than 10,Commercial area,Mixed municipal waste,Under development,Operations department,4,4,4,3,3,3,4,4,4,4,3,4,3,2,3,3,2,3,3,4,4,3,3,3,3,4,2,4,3,3,4,3,3,3,4,3,2,2,4,3,4,3,4,3,3,4,3,3,4,4,5,5,4,3,4,4,4,4,4,4,4,4,3.5,3.83,2.67,3.33,3.17,3.33,3.0,3.33,4.17,4.0,3.37
R0623,Retail,Micro: Fewer than 10 employees,11-20 years,10-49,Semi-urban area,Paper and cardboard,Under development,Operations department,2,3,2,2,3,2,3,3,3,2,2,3,2,3,3,4,3,3,3,3,2,2,2,4,3,4,2,3,3,4,4,4,4,5,4,3,4,3,3,3,3,2,2,4,2,3,4,2,4,3,2,3,4,2,3,2,3,2,3,4,1,3,2.33,2.67,3.0,2.67,3.17,4.0,3.0,2.83,3.0,2.62,2.96
R0624,Information Technology,Micro: Fewer than 10 employees,Less than 3 years,Fewer than 10,Semi-urban area,Food or organic waste,No,External waste-management agency,3,3,3,3,3,4,3,3,4,3,4,4,3,4,3,4,4,4,4,4,3,3,3,4,4,2,3,2,4,,4,2,4,3,3,3,2,3,3,4,4,3,3,2,3,2,3,3,3,4,3,5,5,3,4,4,4,3,3,4,3,5,3.17,3.5,3.67,3.5,3.0,3.17,3.17,2.67,3.83,3.75,3.3
R0625,Hospitality/Services,Medium: 50-249 employees,11-20 years,50-99,Semi-urban area,Plastic waste,Yes,Environmental or sustainability department,4,4,3,4,5,4,3,4,4,3,4,3,3,3,4,3,4,4,3,2,3,4,3,4,4,,2,4,3,3,2,3,3,3,4,3,3,4,3,2,,3,3,2,3,3,3,3,3,3,3,3,3,2,3,3,2,2,4,3,4,3,4.0,3.5,3.5,3.17,3.2,3.0,3.0,2.83,2.83,3.0,3.23
R0626,Manufacturing,Small: 10-49 employees,Less than 3 years,50-99,Industrial area,Mixed municipal waste,No,Operations department,2,3,3,3,2,3,5,4,5,4,5,4,4,5,4,4,4,4,3,4,4,3,3,4,4,2,3,4,3,5,4,3,4,4,4,4,2,3,4,2,2,2,5,3,4,3,3,4,3,3,4,4,3,4,2,3,2,3,2,2,2,1,2.67,4.5,4.17,3.5,3.5,3.83,2.5,3.67,3.5,2.12,3.54
R0627,Manufacturing,Large: 250 employees or more,6-10 years,250 or more,Industrial area,Mixed municipal waste,No,External waste-management agency,4,2,3,3,3,3,4,4,4,4,4,3,3,4,3,3,4,3,2,4,2,3,3,3,4,3,4,3,2,3,3,3,4,3,3,3,2,4,3,3,4,3,4,3,3,4,,3,2,2,2,2,3,3,3,3,3,3,4,4,5,2,3.0,3.83,3.33,2.83,3.17,3.17,3.17,3.4,2.33,3.38,3.14
R0628,Retail,Large: 250 employees or more,11-20 years,250 or more,Urban area,Paper and cardboard,Yes,Operations department,4,4,5,5,3,3,4,3,4,5,4,4,4,5,3,4,5,4,5,5,5,5,5,5,2,3,3,3,3,4,4,4,4,3,4,5,4,4,5,3,4,4,5,4,5,4,5,5,3,5,5,3,4,4,3,2,4,3,3,2,2,4,4.0,4.0,4.17,5.0,3.0,4.0,4.0,4.67,4.0,2.88,4.09
R0629,Manufacturing,Medium: 50-249 employees,Less than 3 years,50-99,Industrial area,Paper and cardboard,Not sure,External waste-management agency,3,3,3,3,4,4,2,1,2,3,3,1,2,3,3,3,2,3,3,4,4,5,3,4,4,3,3,4,3,3,4,3,4,4,3,4,2,3,3,3,3,3,3,4,3,4,4,4,2,1,2,2,2,2,5,4,5,4,3,4,3,4,3.33,2.0,2.67,3.83,3.33,3.67,2.83,3.67,1.83,4.0,3.02
R0630,Retail,Small: 10-49 employees,3-5 years,Fewer than 10,Urban area,Paper and cardboard,No,External waste-management agency,3,3,2,2,2,3,3,2,2,2,2,2,1,2,2,2,1,1,3,3,2,3,2,3,2,2,2,2,3,3,2,3,2,2,1,3,4,2,3,3,4,2,2,3,2,2,3,3,3,2,3,3,3,2,3,2,2,3,4,4,4,3,2.5,2.17,1.5,2.67,2.33,2.17,3.0,2.5,2.67,3.12,2.39
R0631,Manufacturing,Large: 250 employees or more,11-20 years,250 or more,Semi-urban area,Paper and cardboard,Yes,Operations department,4,4,4,2,5,4,4,4,4,4,4,4,5,5,5,5,5,5,4,4,4,3,4,3,4,5,5,4,5,4,3,2,3,2,4,3,4,4,3,5,3,5,5,4,4,3,4,4,3,4,4,4,3,3,3,3,2,2,2,2,2,1,3.83,4.0,5.0,3.67,4.5,2.83,4.0,4.0,3.5,2.12,3.93
R0632,Manufacturing,Large: 250 employees or more,11-20 years,250 or more,Urban area,Paper and cardboard,Under development,Environmental or sustainability department,3,3,3,3,3,3,3,3,3,3,3,3,3,3,3,3,3,3,3,3,3,3,3,3,3,3,3,3,3,3,3,3,3,3,3,3,3,3,3,3,3,3,3,3,3,3,3,3,3,3,3,3,3,3,3,3,3,3,3,3,3,3,3.0,3.0,3.0,3.0,3.0,3.0,3.0,3.0,3.0,3.0,3.0
R0633,Information Technology,Small: 10-49 employees,3-5 years,10-49,Urban area,Paper and cardboard,Under development,External waste-management agency,3,4,3,4,4,2,3,4,4,3,3,4,4,4,4,4,5,4,2,3,3,3,4,2,4,4,3,4,3,4,3,5,5,4,3,4,3,2,3,3,3,3,4,2,2,4,4,3,4,5,3,3,4,4,3,3,3,2,3,2,3,3,3.33,3.5,4.17,2.83,3.67,4.0,2.83,3.17,3.83,2.75,3.48
R0634,Manufacturing,Medium: 50-249 employees,3-5 years,50-99,Commercial area,Paper and cardboard,No,External waste-management agency,4,2,3,3,3,3,3,4,4,4,3,4,2,2,3,3,3,3,4,4,3,3,5,3,2,3,3,2,3,3,3,3,2,2,3,3,2,2,1,2,4,3,2,4,3,2,2,2,3,2,4,4,3,3,4,4,4,5,5,4,5,4,3.0,3.67,2.67,3.67,2.67,2.67,2.33,2.5,3.17,4.38,2.93
R0635,Information Technology,Medium: 50-249 employees,6-10 years,50-99,Commercial area,Mixed municipal waste,Under development,Operations department,3,4,3,4,4,3,4,3,4,3,3,4,3,4,4,4,4,4,3,3,2,4,4,3,2,2,3,3,,3,3,3,3,,3,4,3,2,4,3,3,3,4,3,3,3,3,3,2,3,3,3,4,3,5,4,4,3,4,5,4,5,3.5,3.5,3.83,3.17,2.6,3.2,3.0,3.17,3.0,4.25,3.22
R0636,Retail,Micro: Fewer than 10 employees,Less than 3 years,10-49,Semi-urban area,Mixed municipal waste,No,Facility management team,4,3,3,4,3,4,3,4,2,3,4,2,3,3,3,4,4,4,3,5,4,3,4,4,4,3,3,4,4,3,2,3,1,4,3,3,4,3,3,3,3,3,3,2,3,2,3,2,3,3,3,4,3,3,3,3,2,3,2,2,4,2,3.5,3.0,3.5,3.83,3.5,2.67,3.17,2.5,3.17,2.62,3.2
R0637,Retail,Medium: 50-249 employees,3-5 years,50-99,Urban area,Mixed municipal waste,Not sure,External waste-management agency,3,3,4,3,3,2,2,2,3,3,2,,3,3,5,3,5,5,5,5,4,4,3,3,3,3,2,2,2,3,3,4,4,3,3,4,3,2,,3,3,,4,4,3,4,1,5,3,4,3,3,3,2,2,3,3,3,3,3,3,3,3.0,2.4,4.0,4.0,2.5,3.5,2.75,3.5,3.0,2.88,3.18
R0638,Manufacturing,Large: 250 employees or more,3-5 years,250 or more,Industrial area,Plastic waste,No,External waste-management agency,3,4,3,2,4,4,2,2,3,3,2,3,4,2,3,4,3,3,3,4,2,3,3,3,,2,3,4,4,3,4,3,5,2,3,4,3,2,4,3,3,4,3,4,3,3,3,3,2,3,2,4,3,3,2,3,3,3,4,4,4,3,3.33,2.5,3.17,3.0,3.2,3.5,3.17,3.17,2.83,3.25,3.1
R0639,Manufacturing,Medium: 50-249 employees,6-10 years,100-249,Industrial area,Mixed municipal waste,Yes,Facility management team,3,4,4,5,3,5,4,4,3,4,3,4,4,5,2,4,3,3,2,3,2,4,,2,4,3,4,3,4,3,2,3,3,2,4,3,4,4,4,4,3,4,5,3,4,3,5,3,4,4,4,3,4,4,3,4,4,3,4,4,3,2,4.0,3.67,3.5,2.6,3.5,2.83,3.83,3.83,3.83,3.38,3.51
R0640,Retail,Large: 250 employees or more,11-20 years,250 or more,Commercial area,Plastic waste,Under development,Facility management team,4,4,5,4,3,3,4,4,3,4,3,4,3,3,4,4,4,3,5,3,4,5,4,4,3,2,2,4,3,2,3,3,2,3,2,2,5,4,5,5,5,4,3,3,5,4,5,4,5,5,4,4,4,3,3,3,4,3,3,2,2,4,3.83,3.67,3.5,4.17,2.67,2.5,4.67,4.0,4.17,3.0,3.69
R0641,Information Technology,Small: 10-49 employees,Less than 3 years,10-49,Commercial area,Mixed municipal waste,No,External waste-management agency,3,4,5,4,5,4,3,3,3,5,3,4,3,3,3,2,3,4,3,2,2,3,2,1,4,3,3,4,4,2,3,4,4,3,4,3,3,3,3,3,4,4,2,3,3,3,3,3,2,3,4,2,3,3,4,2,2,4,3,5,3,4,4.17,3.5,3.0,2.17,3.33,3.5,3.33,2.83,2.83,3.38,3.18
R0642,Hospitality/Services,Small: 10-49 employees,6-10 years,10-49,Urban area,Plastic waste,Not sure,Facility management team,4,4,2,3,3,4,3,3,4,3,3,3,4,4,3,4,4,4,4,5,4,4,4,3,4,3,2,5,4,5,3,4,2,3,3,3,4,5,3,4,3,4,5,3,4,3,2,4,2,4,4,4,3,4,4,4,2,2,3,3,4,3,3.33,3.17,3.83,4.0,3.83,3.0,3.83,3.5,3.5,3.12,3.55
R0643,Manufacturing,Large: 250 employees or more,11-20 years,250 or more,Semi-urban area,Paper and cardboard,Yes,Environmental or sustainability department,5,5,5,5,4,5,4,4,5,4,5,4,5,4,4,4,3,2,5,5,5,5,4,5,4,4,4,3,3,4,3,5,5,4,4,,3,4,4,5,4,4,3,3,4,2,4,4,5,4,5,5,5,3,2,3,4,3,3,4,2,4,4.83,4.33,3.67,4.83,3.67,4.2,4.0,3.33,4.5,3.12,4.15
R0644,Manufacturing,Micro: Fewer than 10 employees,3-5 years,Fewer than 10,Semi-urban area,Mixed municipal waste,Not sure,Operations department,2,2,3,3,3,1,4,4,4,5,5,4,3,3,3,4,3,3,2,2,2,3,3,2,4,3,4,3,3,3,3,3,3,2,4,2,4,5,5,4,4,5,4,4,4,3,4,3,5,4,5,3,5,5,3,3,2,3,2,3,3,3,2.33,4.33,3.17,2.33,3.33,2.83,4.5,3.67,4.5,2.75,3.44
R0645,Manufacturing,Micro: Fewer than 10 employees,6-10 years,Fewer than 10,Semi-urban area,Mixed municipal waste,Under development,External waste-management agency,4,3,4,4,5,4,2,3,2,2,2,2,3,5,4,3,4,3,3,3,3,3,3,4,2,3,3,4,4,3,3,2,3,3,3,4,4,4,4,3,4,2,3,3,3,2,2,3,4,3,4,4,3,,4,2,3,4,2,3,3,3,4.0,2.17,3.67,3.17,3.17,3.0,3.5,2.67,3.6,3.0,3.22
R0646,Information Technology,Large: 250 employees or more,Less than 3 years,250 or more,Urban area,Mixed municipal waste,Under development,Operations department,4,2,3,2,3,3,4,3,4,5,3,4,4,4,3,4,3,5,3,2,2,3,,3,3,3,,5,3,4,4,3,3,4,4,4,4,4,3,2,3,3,3,2,4,4,5,3,3,3,2,3,4,4,4,3,2,3,2,3,2,2,2.83,3.83,3.83,2.6,3.6,3.67,3.17,3.5,3.17,2.62,3.36
R0647,Manufacturing,Medium: 50-249 employees,6-10 years,50-99,Semi-urban area,Plastic waste,Under development,Facility management team,4,4,3,4,3,4,4,3,4,2,5,4,3,4,3,4,4,3,2,3,4,4,2,3,3,1,4,2,3,4,4,5,4,4,3,5,4,3,4,4,3,3,4,3,5,5,3,4,3,4,4,4,5,3,4,3,1,4,2,3,3,2,3.67,3.67,3.5,3.0,2.83,4.17,3.5,4.0,3.83,2.75,3.57
R0648,Manufacturing,Micro: Fewer than 10 employees,3-5 years,10-49,Industrial area,Plastic waste,No,External waste-management agency,4,3,3,4,2,5,3,2,3,3,2,3,2,2,3,3,2,3,2,2,2,3,3,1,4,3,3,3,3,2,2,3,3,2,2,3,3,3,3,3,2,3,3,1,1,2,3,3,3,2,4,2,3,3,3,2,3,5,3,1,2,4,3.5,2.67,2.5,2.17,3.0,2.5,2.83,2.17,2.83,2.88,2.69
R0649,Information Technology,Medium: 50-249 employees,11-20 years,100-249,Commercial area,Mixed municipal waste,Under development,Environmental or sustainability department,3,4,4,3,3,3,3,3,3,2,4,3,4,3,5,4,3,3,5,4,5,4,4,4,3,2,4,3,4,1,4,5,4,4,4,4,4,3,2,4,3,2,3,2,2,2,3,2,3,3,3,2,3,3,3,1,3,3,3,4,3,4,3.33,3.0,3.67,4.33,2.83,4.17,3.0,2.33,2.83,3.0,3.28
R0650,Information Technology,Small: 10-49 employees,Less than 3 years,10-49,Semi-urban area,Paper and cardboard,Yes,Facility management team,4,4,3,5,3,4,4,3,3,2,3,3,4,3,4,3,4,4,3,3,4,3,3,4,3,3,3,3,1,3,3,2,4,3,2,3,4,3,4,4,3,3,3,3,3,3,4,3,3,3,3,3,3,3,4,3,4,2,4,3,4,3,3.83,3.0,3.67,3.33,2.67,2.83,3.5,3.17,3.0,3.38,3.22
R0651,Healthcare,Large: 250 employees or more,6-10 years,100-249,Semi-urban area,Mixed municipal waste,Yes,Facility management team,5,4,4,4,4,4,5,4,4,4,3,3,5,4,4,3,4,5,4,2,3,4,3,3,5,4,5,4,5,5,3,4,4,3,3,4,5,4,4,4,4,3,3,3,4,4,5,4,4,4,3,5,4,5,3,3,3,3,3,3,3,2,4.17,3.83,4.17,3.17,4.67,3.5,4.0,3.83,4.17,2.88,3.95
R0652,Manufacturing,Medium: 50-249 employees,6-10 years,100-249,Commercial area,Plastic waste,No,Operations department,4,3,2,3,3,3,3,3,3,3,3,4,3,3,3,1,2,2,3,4,3,3,4,3,5,4,3,3,3,3,2,3,2,4,2,2,4,4,4,4,4,4,3,3,2,4,3,3,4,4,3,4,4,4,4,2,3,4,4,3,3,3,3.0,3.17,2.33,3.33,3.5,2.5,4.0,3.0,3.83,3.25,3.18
R0653,Retail,Medium: 50-249 employees,6-10 years,100-249,Urban area,Mixed municipal waste,Yes,Environmental or sustainability department,5,4,3,3,4,5,5,3,3,3,4,3,4,4,4,4,4,4,5,5,5,,4,4,4,4,3,4,4,4,3,5,4,3,4,3,3,3,5,4,4,4,5,3,4,4,2,4,3,3,4,3,3,3,3,4,4,2,1,3,3,2,4.0,3.5,4.0,4.6,3.83,3.67,3.83,3.67,3.17,2.75,3.81
R0654,Manufacturing,Small: 10-49 employees,Less than 3 years,10-49,Industrial area,Paper and cardboard,Not sure,Facility management team,4,3,3,3,3,4,4,3,3,5,3,3,3,3,2,1,4,3,2,2,3,3,4,3,2,3,3,4,3,4,3,3,3,2,2,3,3,3,3,3,4,3,2,1,2,2,2,2,3,3,2,3,2,3,4,3,3,3,3,3,4,3,3.33,3.5,2.67,2.83,3.17,2.67,3.17,1.83,2.67,3.25,2.87
R0655,Healthcare,Medium: 50-249 employees,11-20 years,50-99,Urban area,Mixed municipal waste,Under development,Environmental or sustainability department,4,3,3,3,4,3,2,3,3,4,4,4,3,3,3,3,3,3,5,5,5,5,4,4,4,4,2,3,3,2,3,3,3,3,2,2,3,3,3,4,4,4,4,3,3,4,4,3,3,4,4,4,4,4,1,1,1,2,1,3,2,3,3.33,3.33,3.0,4.67,3.0,2.67,3.5,3.5,3.83,1.75,3.43
R0656,Information Technology,Micro: Fewer than 10 employees,3-5 years,Fewer than 10,Urban area,Mixed municipal waste,Not sure,External waste-management agency,3,3,3,3,,3,3,4,3,4,4,3,4,5,4,4,3,4,2,3,1,3,3,2,4,2,3,5,5,3,4,4,4,4,3,3,4,3,4,5,3,4,5,4,5,3,4,4,3,3,5,4,3,5,1,2,3,2,3,3,1,3,3.0,3.5,4.0,2.33,3.67,3.67,3.83,4.17,3.83,2.25,3.56
R0657,Manufacturing,Micro: Fewer than 10 employees,Less than 3 years,Fewer than 10,Industrial area,Mixed municipal waste,No,External waste-management agency,3,5,4,4,3,3,3,5,3,2,3,4,4,4,4,4,3,3,5,4,4,4,3,4,2,3,3,3,2,3,3,2,2,3,3,3,2,5,4,5,2,3,4,4,3,3,2,3,3,3,3,2,4,3,4,3,3,5,3,3,3,4,3.67,3.33,3.67,4.0,2.67,2.67,3.5,3.17,3.0,3.5,3.3
R0658,Information Technology,Large: 250 employees or more,Less than 3 years,250 or more,Urban area,Mixed municipal waste,Under development,Facility management team,4,2,3,3,3,2,4,3,4,4,4,4,3,3,4,2,2,3,3,3,3,3,3,3,4,,3,5,4,4,4,3,4,3,1,2,4,3,3,4,3,4,3,1,2,2,3,3,2,3,2,3,2,2,3,4,5,3,5,3,4,3,2.83,3.83,2.83,3.0,4.0,2.83,3.5,2.33,2.33,3.75,3.05
R0659,Retail,Large: 250 employees or more,11-20 years,250 or more,Commercial area,Mixed municipal waste,Under development,Facility management team,4,4,3,5,4,3,4,4,3,3,4,4,4,4,4,4,4,3,,4,3,3,5,2,4,4,4,4,4,4,5,5,3,4,4,5,3,5,4,4,3,4,4,3,4,4,4,4,3,3,3,3,5,4,2,2,2,2,3,3,3,2,3.83,3.67,3.83,3.4,4.0,4.33,3.83,3.83,3.5,2.38,3.8
R0660,Information Technology,Micro: Fewer than 10 employees,Less than 3 years,Fewer than 10,Industrial area,Mixed municipal waste,Under development,Facility management team,4,3,3,4,4,4,4,3,3,4,3,4,2,3,3,3,3,4,4,4,3,4,4,4,3,3,3,5,5,3,4,3,4,4,3,2,3,3,3,2,2,3,3,4,4,3,2,3,4,2,4,3,4,3,3,3,3,3,2,2,3,1,3.67,3.5,3.0,3.83,3.67,3.33,2.67,3.17,3.33,2.5,3.35
R0661,Manufacturing,Micro: Fewer than 10 employees,Less than 3 years,Fewer than 10,Semi-urban area,Plastic waste,No,Operations department,5,4,4,3,4,3,3,2,2,3,2,3,2,,2,3,3,3,4,3,2,3,3,2,3,3,3,3,3,5,3,2,3,3,2,2,3,3,2,3,3,3,3,3,3,2,2,2,3,2,3,3,1,2,4,4,4,2,3,3,3,4,3.83,2.5,2.6,2.83,3.33,2.5,2.83,2.5,2.33,3.38,2.81
R0662,Retail,Small: 10-49 employees,Less than 3 years,Fewer than 10,Commercial area,Plastic waste,No,External waste-management agency,4,4,4,,5,5,4,3,3,3,,4,3,3,3,4,3,4,4,5,4,5,4,4,5,3,4,5,2,4,4,4,3,4,4,4,4,3,3,5,2,2,3,3,2,3,3,2,3,3,3,2,3,3,2,3,3,3,2,3,3,2,4.4,3.4,3.33,4.33,3.83,3.83,3.17,2.67,2.83,2.62,3.53
R0663,Manufacturing,Large: 250 employees or more,11-20 years,250 or more,Industrial area,Paper and cardboard,Under development,Operations department,4,3,4,3,5,4,2,1,3,4,3,3,2,3,2,2,3,3,3,3,3,4,4,4,1,3,3,2,2,3,2,3,2,3,3,4,4,4,4,3,5,4,4,5,5,3,4,5,4,3,2,4,2,4,4,3,5,3,4,4,3,3,3.83,2.67,2.5,3.5,2.33,2.83,4.0,4.33,3.17,3.62,3.24
R0664,Information Technology,Small: 10-49 employees,11-20 years,Fewer than 10,Urban area,Mixed municipal waste,No,External waste-management agency,4,4,4,4,2,4,4,5,3,4,4,4,3,4,4,3,3,4,3,4,3,3,3,3,3,3,3,3,3,3,2,3,3,3,2,3,3,4,3,4,3,3,,3,4,3,3,3,2,2,3,2,2,2,4,3,2,,3,4,3,2,3.67,4.0,3.5,3.17,3.0,2.67,3.33,3.2,2.17,3.0,3.19
R0665,Manufacturing,Large: 250 employees or more,Less than 3 years,250 or more,Industrial area,Mixed municipal waste,Not sure,Operations department,4,3,4,3,3,4,3,3,3,4,3,2,2,3,3,4,3,2,3,3,2,2,3,3,4,4,3,4,3,4,3,3,4,3,3,4,4,4,3,3,4,4,3,4,3,2,3,3,4,4,3,4,5,4,2,2,2,2,1,4,2,2,3.5,3.0,2.83,2.67,3.67,3.33,3.67,3.0,4.0,2.12,3.3
R0666,Retail,Small: 10-49 employees,Less than 3 years,Fewer than 10,Commercial area,Plastic waste,No,External waste-management agency,3,3,2,3,2,3,2,2,3,4,2,2,3,3,3,3,2,3,2,2,3,1,3,2,3,2,3,1,2,3,3,3,3,3,2,2,4,4,3,4,5,2,2,3,3,4,3,3,3,2,3,2,2,4,3,4,2,4,4,4,3,4,2.67,2.5,2.83,2.17,2.33,2.67,3.67,3.0,2.67,3.5,2.72
R0667,Information Technology,Small: 10-49 employees,Less than 3 years,Fewer than 10,Urban area,Mixed municipal waste,Under development,Operations department,4,4,4,3,5,,1,2,2,3,2,2,3,3,3,2,2,3,2,3,3,1,2,3,2,3,2,2,2,1,2,2,3,3,3,,4,4,5,4,4,4,2,3,2,3,3,2,1,3,3,3,2,3,5,5,4,5,4,4,4,4,4.0,2.0,2.67,2.33,2.0,2.6,4.17,2.5,2.5,4.38,2.75
R0668,Information Technology,Micro: Fewer than 10 employees,6-10 years,Fewer than 10,Commercial area,Plastic waste,Not sure,External waste-management agency,4,2,4,3,4,2,5,5,4,5,4,5,3,2,3,3,4,3,3,3,3,3,4,2,5,5,4,5,4,4,3,3,4,4,4,3,2,3,1,2,3,2,4,3,4,3,4,2,4,4,3,3,3,3,3,3,3,3,3,2,2,2,3.17,4.67,3.0,3.0,4.5,3.5,2.17,3.33,3.33,2.62,3.41
R0669,Healthcare,Medium: 50-249 employees,11-20 years,100-249,Urban area,Plastic waste,No,External waste-management agency,3,4,3,4,2,4,3,3,3,3,3,4,3,4,4,3,4,3,3,5,4,3,3,3,3,2,4,4,1,2,3,4,2,4,3,3,4,4,3,2,3,4,2,4,3,2,3,1,3,3,3,2,3,3,3,3,4,2,3,3,3,4,3.33,3.17,3.5,3.5,2.67,3.17,3.33,2.5,2.83,3.12,3.11
R0670,Healthcare,Micro: Fewer than 10 employees,Less than 3 years,10-49,Urban area,Mixed municipal waste,No,External waste-management agency,2,1,1,1,3,3,2,2,2,2,3,2,4,2,3,3,3,2,3,2,2,4,2,3,4,4,3,2,3,4,5,4,4,4,4,3,3,3,3,3,3,2,1,2,2,1,2,3,3,4,3,4,3,3,3,4,4,5,5,3,3,3,1.83,2.17,2.83,2.67,3.33,4.0,2.83,1.83,3.33,3.75,2.76
R0671,Healthcare,Large: 250 employees or more,6-10 years,100-249,Semi-urban area,Paper and cardboard,Yes,Operations department,5,,4,4,4,4,4,4,4,3,4,4,4,4,4,3,4,3,4,5,4,4,4,4,4,4,4,2,4,4,5,4,3,4,3,3,3,4,4,4,5,5,5,4,4,4,5,5,4,4,4,4,3,4,3,3,3,3,2,3,2,3,4.2,3.83,3.67,4.17,3.67,3.67,4.17,4.5,3.83,2.75,3.97
R0672,Healthcare,Small: 10-49 employees,3-5 years,10-49,Urban area,Mixed municipal waste,Under development,External waste-management agency,3,3,3,3,4,2,4,5,5,5,5,4,4,5,3,5,4,3,3,4,3,2,3,2,3,3,3,2,4,2,4,3,5,4,4,3,3,3,2,4,3,3,4,3,4,4,3,4,5,5,4,5,3,5,2,2,2,3,4,2,2,3,3.0,4.67,4.0,2.83,2.83,3.83,3.0,3.67,4.5,2.5,3.59
R0673,Retail,Small: 10-49 employees,6-10 years,10-49,Urban area,Food or organic waste,Yes,Operations department,3,4,3,3,3,3,3,3,3,4,3,3,3,2,3,2,2,3,5,4,5,3,4,4,3,4,2,2,2,2,,3,3,2,3,3,3,4,3,3,4,2,2,4,3,2,3,4,,4,3,3,4,3,5,3,4,4,4,2,2,,3.17,3.17,2.5,4.17,2.5,2.8,3.17,3.0,3.4,3.43,3.1
R0674,Manufacturing,Small: 10-49 employees,Less than 3 years,10-49,Industrial area,Plastic waste,Not sure,External waste-management agency,4,4,4,4,4,4,4,4,4,4,4,4,4,4,4,4,4,4,4,4,4,4,4,4,4,4,4,4,4,4,4,4,4,4,4,4,4,4,4,4,4,4,4,4,4,4,4,4,4,4,4,4,4,4,4,4,4,4,4,4,4,4,4.0,4.0,4.0,4.0,4.0,4.0,4.0,4.0,4.0,4.0,4.0
R0675,Retail,Medium: 50-249 employees,6-10 years,50-99,Commercial area,Mixed municipal waste,Under development,Operations department,3,4,3,3,3,3,2,2,2,2,2,2,3,4,3,5,3,3,3,3,3,3,,4,3,3,3,4,3,3,4,3,4,4,3,5,4,4,5,4,5,5,,3,4,4,4,3,4,3,4,,2,3,4,3,4,3,4,4,3,2,3.17,2.0,3.5,3.2,3.17,3.83,4.5,3.6,3.2,3.38,3.35
R0676,Manufacturing,Medium: 50-249 employees,6-10 years,10-49,Industrial area,Paper and cardboard,Not sure,Operations department,4,3,5,4,4,5,4,3,4,4,4,4,3,4,5,4,4,5,4,3,3,3,4,2,3,5,3,4,4,2,2,3,3,2,3,4,2,2,3,4,3,3,4,4,4,4,4,4,4,4,4,5,4,5,4,3,4,3,4,3,4,4,4.17,3.83,4.17,3.17,3.5,2.83,2.83,4.0,4.33,3.62,3.65
R0677,Retail,Large: 250 employees or more,11-20 years,250 or more,Commercial area,Mixed municipal waste,Yes,Facility management team,3,4,4,4,4,4,4,4,4,4,4,5,4,4,5,4,4,5,5,5,4,3,5,4,5,3,4,5,4,4,5,4,3,4,3,4,5,4,4,4,5,4,3,3,3,4,4,4,3,5,4,4,4,4,3,2,3,2,3,2,3,1,3.83,4.17,4.33,4.33,4.17,3.83,4.33,3.5,4.0,2.38,4.05
R0678,Retail,Small: 10-49 employees,11-20 years,10-49,Semi-urban area,Paper and cardboard,Not sure,Operations department,4,2,2,3,,3,3,2,3,4,3,3,3,3,2,4,2,3,5,4,4,3,5,4,3,2,2,3,3,3,4,4,3,4,3,3,3,2,2,2,2,1,3,4,2,3,2,3,3,3,3,2,3,3,2,4,3,2,3,3,2,3,2.8,3.0,2.83,4.17,2.67,3.5,2.0,2.83,2.83,2.75,2.96
R0679,Manufacturing,Large: 250 employees or more,11-20 years,100-249,Urban area,Mixed municipal waste,Not sure,Operations department,3,3,2,3,4,4,3,3,3,,3,4,4,3,3,3,3,4,4,4,4,3,3,3,4,4,3,2,5,4,3,3,4,3,4,3,3,4,4,4,5,5,3,3,3,3,3,3,4,4,3,3,3,3,2,1,3,3,1,3,2,2,3.17,3.2,3.33,3.5,3.67,3.33,4.17,3.0,3.33,2.12,3.41
R0680,Information Technology,Large: 250 employees or more,Less than 3 years,100-249,Urban area,Plastic waste,Not sure,Facility management team,5,5,4,5,4,3,4,5,5,5,4,3,4,4,5,3,4,4,3,3,3,4,5,3,3,3,4,3,3,3,3,3,3,3,4,3,4,3,3,2,3,3,3,1,1,3,2,2,4,4,5,3,2,3,3,4,3,4,4,4,4,3,4.33,4.33,4.0,3.5,3.17,3.17,3.0,2.0,3.5,3.62,3.44
R0681,Information Technology,Small: 10-49 employees,11-20 years,Fewer than 10,Commercial area,Paper and cardboard,Not sure,Operations department,3,5,4,4,4,4,4,4,3,5,5,4,4,3,4,4,3,3,4,2,3,4,5,3,3,3,4,2,3,3,4,4,4,4,3,4,3,5,4,5,4,5,4,4,5,5,4,5,4,5,4,2,3,4,5,3,4,4,3,4,5,4,4.0,4.17,3.5,3.5,3.0,3.83,4.33,4.5,3.67,4.0,3.83
R0682,Healthcare,Large: 250 employees or more,Less than 3 years,250 or more,Semi-urban area,Mixed municipal waste,Under development,Operations department,3,2,3,2,2,4,3,2,3,3,3,3,3,4,3,4,2,3,3,3,4,2,4,3,4,4,4,5,4,2,5,4,4,4,4,4,3,5,5,5,4,4,4,5,4,4,5,5,3,3,3,1,3,3,3,3,2,4,3,3,3,2,2.67,2.83,3.17,3.17,3.83,4.17,4.33,4.5,2.67,2.88,3.48
R0683,Hospitality/Services,Medium: 50-249 employees,11-20 years,50-99,Urban area,Food or organic waste,Under development,Operations department,4,3,4,3,4,3,3,4,4,3,4,4,3,3,3,2,3,3,4,4,4,4,4,5,4,4,4,4,5,,5,4,3,4,4,5,3,5,3,4,4,2,3,4,4,4,3,3,,5,3,3,2,4,3,3,2,3,2,2,4,1,3.5,3.67,2.83,4.17,4.2,4.17,3.5,3.5,3.4,2.5,3.66
R0684,Manufacturing,Micro: Fewer than 10 employees,3-5 years,10-49,Urban area,Paper and cardboard,Under development,Operations department,4,3,3,4,3,4,3,4,3,3,3,3,4,2,2,3,3,4,2,2,3,4,3,2,3,4,3,3,4,4,3,3,3,3,3,4,2,2,1,4,3,2,4,4,5,5,2,4,3,3,3,3,3,3,3,3,3,4,3,3,4,3,3.5,3.17,3.0,2.67,3.5,3.17,2.33,4.0,3.0,3.25,3.15
R0685,Manufacturing,Medium: 50-249 employees,3-5 years,10-49,Commercial area,Paper and cardboard,No,Operations department,5,5,4,2,4,4,3,3,2,3,3,3,,4,4,2,2,5,2,2,3,2,3,3,2,4,3,3,3,3,4,3,3,4,2,,3,4,2,3,4,2,3,3,3,4,3,3,4,4,3,4,3,3,3,5,3,4,3,2,3,3,4.0,2.83,3.4,2.5,3.0,3.2,3.0,3.17,3.5,3.25,3.18
R0686,Manufacturing,Micro: Fewer than 10 employees,3-5 years,10-49,Industrial area,Paper and cardboard,No,Operations department,3,3,3,,3,4,3,2,3,3,3,3,4,3,3,2,4,4,4,3,4,2,4,3,2,3,2,3,3,3,3,4,4,3,4,4,4,3,3,3,2,3,2,2,2,2,2,3,3,4,4,3,2,3,4,4,3,3,4,3,4,4,3.2,2.83,3.33,3.33,2.67,3.67,3.0,2.17,3.17,3.62,3.04
R0687,Healthcare,Large: 250 employees or more,6-10 years,100-249,Urban area,Mixed municipal waste,Not sure,Operations department,2,2,2,2,2,2,2,2,2,2,2,2,2,2,2,2,2,2,2,2,2,2,2,2,2,2,2,2,2,2,2,2,2,2,2,2,2,2,2,,2,2,2,2,2,2,2,2,2,2,2,2,2,2,2,2,2,2,2,2,2,2,2.0,2.0,2.0,2.0,2.0,2.0,2.0,2.0,2.0,2.0,2.0
R0688,Manufacturing,Medium: 50-249 employees,11-20 years,100-249,Commercial area,Plastic waste,Yes,Facility management team,3,5,5,4,5,3,3,4,3,5,3,3,4,3,3,3,4,2,4,4,5,4,3,4,5,5,5,4,5,5,5,5,4,3,4,4,4,4,2,3,4,3,4,4,4,4,4,4,3,5,4,4,4,3,3,2,1,3,1,1,2,3,4.17,3.5,3.17,4.0,4.83,4.17,3.33,4.0,3.83,2.0,3.89
R0689,Information Technology,Small: 10-49 employees,Less than 3 years,10-49,Semi-urban area,Food or organic waste,Not sure,External waste-management agency,5,4,5,4,3,4,3,3,3,3,3,3,3,4,3,3,3,4,2,3,2,4,1,3,3,2,4,4,4,2,4,3,3,3,3,3,5,4,4,3,5,4,2,2,4,4,2,3,4,4,4,4,4,4,2,3,1,2,1,2,2,3,4.17,3.0,3.33,2.5,3.17,3.17,4.17,2.83,4.0,2.0,3.37
R0690,Retail,Medium: 50-249 employees,3-5 years,100-249,Urban area,Mixed municipal waste,No,External waste-management agency,2,2,3,3,2,2,3,2,2,3,4,2,3,4,1,1,3,,4,5,4,4,3,4,4,,3,2,3,3,3,3,3,3,4,3,2,2,2,4,3,3,3,4,3,3,2,3,5,3,3,4,3,3,3,2,2,3,4,3,2,2,2.33,2.67,2.4,4.0,3.0,3.17,2.67,3.0,3.5,2.62,2.97
R0691,Retail,Large: 250 employees or more,3-5 years,250 or more,Urban area,Paper and cardboard,Not sure,Operations department,4,3,3,4,4,3,2,3,3,2,3,2,4,3,3,2,4,3,5,4,3,5,2,4,2,3,3,5,5,4,4,3,4,3,4,3,3,3,1,2,3,2,4,4,4,4,3,5,4,4,3,4,4,4,3,3,3,2,2,4,4,3,3.5,2.5,3.17,3.83,3.67,3.5,2.33,4.0,3.83,3.0,3.37
R0692,Retail,Micro: Fewer than 10 employees,Less than 3 years,Fewer than 10,Commercial area,Paper and cardboard,Under development,Facility management team,4,4,3,3,4,3,4,4,4,4,3,2,3,3,3,2,3,,4,4,4,4,4,2,3,3,4,4,4,4,,3,3,3,3,3,3,4,5,3,5,3,4,4,5,4,4,4,4,,3,3,3,2,3,3,3,3,4,4,3,1,3.5,3.5,2.8,3.67,3.67,3.0,3.83,4.17,3.0,3.0,3.46
R0693,Retail,Large: 250 employees or more,3-5 years,100-249,Semi-urban area,Plastic waste,Yes,Operations department,5,4,4,3,4,3,2,5,4,5,4,3,5,5,5,4,5,4,4,3,3,3,5,4,3,4,3,3,4,2,4,4,3,2,3,4,4,3,4,5,4,5,4,4,5,5,5,5,4,4,3,4,4,3,1,3,3,4,1,4,3,2,3.83,3.83,4.67,3.67,3.17,3.33,4.17,4.67,3.67,2.62,3.89
R0694,Information Technology,Micro: Fewer than 10 employees,Less than 3 years,Fewer than 10,Urban area,Paper and cardboard,No,External waste-management agency,1,3,3,3,1,2,2,2,2,3,3,2,3,2,5,4,3,4,2,4,3,2,3,3,3,3,3,3,3,2,4,2,3,2,2,2,2,3,2,3,2,3,2,2,2,2,3,3,1,4,3,3,2,2,4,3,3,1,3,4,4,4,2.17,2.33,3.5,2.83,2.83,2.5,2.5,2.33,2.5,3.25,2.61
R0695,Healthcare,Micro: Fewer than 10 employees,Less than 3 years,Fewer than 10,Commercial area,Plastic waste,No,External waste-management agency,3,2,3,3,3,4,3,4,3,5,4,4,4,3,3,4,2,3,3,4,3,3,3,3,3,3,3,3,3,3,4,4,3,3,,4,4,3,3,2,4,3,3,4,2,5,5,4,3,3,2,3,2,4,2,3,4,2,2,3,2,5,3.0,3.83,3.17,3.17,3.0,3.6,3.17,3.83,2.83,2.88,3.29
R0696,Information Technology,Small: 10-49 employees,3-5 years,10-49,Commercial area,Mixed municipal waste,Not sure,External waste-management agency,4,,3,4,3,4,3,1,2,2,2,3,3,3,4,4,4,2,4,4,4,4,3,4,3,2,2,3,3,3,4,4,3,4,3,3,4,4,2,2,2,4,2,3,2,1,3,3,3,5,4,4,3,4,3,4,2,4,2,2,3,5,3.6,2.17,3.33,3.83,2.67,3.5,3.0,2.33,3.83,3.12,3.14
R0697,Healthcare,Small: 10-49 employees,Less than 3 years,50-99,Urban area,Paper and cardboard,No,External waste-management agency,3,3,3,2,3,2,3,3,2,2,3,2,2,2,1,2,2,1,3,2,3,3,2,2,3,3,3,2,2,2,3,3,3,2,3,3,4,3,2,2,2,2,1,3,2,1,3,1,4,3,3,4,4,3,2,3,4,3,3,4,3,3,2.67,2.5,1.67,2.5,2.5,2.83,2.5,1.83,3.5,3.12,2.5
R0698,Retail,Large: 250 employees or more,11-20 years,250 or more,Commercial area,Food or organic waste,No,External waste-management agency,3,2,3,3,3,3,3,4,3,3,3,4,4,4,4,5,5,4,3,1,2,3,4,2,4,2,2,3,3,4,4,4,4,,4,4,4,3,4,2,4,4,4,2,3,3,2,3,3,2,2,4,3,3,4,2,3,4,3,3,4,1,2.83,3.33,4.33,2.5,3.0,4.0,3.5,2.83,2.83,3.0,3.24
R0699,Retail,Medium: 50-249 employees,Less than 3 years,100-249,Commercial area,Paper and cardboard,No,External waste-management agency,2,4,4,4,3,4,2,3,2,3,3,3,3,3,3,3,4,2,3,3,3,3,3,2,3,3,4,3,3,1,2,3,4,3,3,3,3,3,4,3,3,2,4,4,3,4,3,3,2,2,3,,2,3,3,2,3,2,2,2,3,3,3.5,2.67,3.0,2.83,2.83,3.0,3.0,3.5,2.4,2.5,2.97
R0700,Information Technology,Micro: Fewer than 10 employees,6-10 years,Fewer than 10,Urban area,Plastic waste,No,External waste-management agency,4,2,2,3,4,3,2,3,2,3,1,3,2,2,3,3,2,3,4,5,5,5,3,3,4,4,4,3,4,3,3,3,4,3,3,4,3,4,4,4,3,3,4,4,4,4,4,3,3,2,3,3,3,2,2,2,3,4,2,3,3,3,3.0,2.33,2.5,4.17,3.67,3.33,3.5,3.83,2.67,2.75,3.22
R0701,Retail,Large: 250 employees or more,11-20 years,250 or more,Commercial area,Plastic waste,Yes,Operations department,5,4,5,5,4,4,4,3,4,4,4,4,5,5,5,5,5,5,4,5,4,5,5,4,4,4,4,4,4,3,5,4,5,5,5,5,5,4,3,4,3,4,5,3,4,2,4,4,3,4,5,4,3,4,3,1,1,3,2,1,3,3,4.5,3.83,5.0,4.5,3.83,4.83,3.83,3.67,3.83,2.12,4.2
R0702,Retail,Medium: 50-249 employees,6-10 years,50-99,Commercial area,Mixed municipal waste,Not sure,External waste-management agency,3,3,2,4,2,3,3,3,3,1,4,4,3,3,3,3,3,4,3,3,3,4,3,4,4,3,3,3,3,3,4,3,4,3,3,3,4,4,3,2,4,4,2,2,3,3,2,2,5,4,3,3,4,4,2,3,3,4,4,2,4,3,2.83,3.0,3.17,3.33,3.17,3.33,3.5,2.33,3.83,3.12,3.17
R0703,Manufacturing,Medium: 50-249 employees,6-10 years,100-249,Semi-urban area,Plastic waste,Not sure,Operations department,3,4,3,4,4,3,2,2,2,2,3,2,3,3,3,4,2,3,3,3,3,4,2,3,3,2,2,3,3,2,2,3,3,1,1,3,2,3,3,3,2,3,2,3,3,3,4,3,2,1,1,4,2,3,4,2,2,3,3,4,4,4,3.5,2.17,3.0,3.0,2.5,2.17,2.67,3.0,2.17,3.25,2.69
R0704,Healthcare,Medium: 50-249 employees,3-5 years,100-249,Urban area,Paper and cardboard,No,External waste-management agency,4,4,3,4,3,4,4,4,4,5,4,3,4,4,3,3,3,2,3,4,5,5,4,4,3,4,3,3,4,3,4,4,4,3,3,3,3,3,4,4,3,4,4,3,3,4,4,3,4,4,3,4,3,3,2,4,3,3,3,3,4,4,3.67,4.0,3.17,4.17,3.33,3.5,3.5,3.5,3.5,3.25,3.59
R0705,Manufacturing,Large: 250 employees or more,11-20 years,100-249,Industrial area,Food or organic waste,Under development,Facility management team,5,4,5,5,4,4,4,4,3,3,4,4,3,4,4,3,4,4,2,2,2,3,3,3,4,2,3,3,2,4,4,4,2,,4,3,3,5,4,4,4,5,5,4,3,4,4,5,5,5,4,5,4,4,4,4,2,2,4,3,4,3,4.5,3.67,3.67,2.5,3.0,3.4,4.17,4.17,4.5,3.25,3.73
R0706,Hospitality/Services,Small: 10-49 employees,Less than 3 years,10-49,Urban area,Mixed municipal waste,Under development,External waste-management agency,3,4,4,3,3,3,2,3,2,3,2,4,4,3,3,2,4,3,3,3,3,3,3,3,3,4,3,3,3,3,3,3,3,3,2,1,4,4,3,4,4,3,3,4,3,3,2,4,4,3,3,3,4,4,4,3,4,3,4,3,4,4,3.33,2.67,3.17,3.0,3.17,2.5,3.67,3.17,3.5,3.62,3.13
R0707,Manufacturing,Micro: Fewer than 10 employees,3-5 years,Fewer than 10,Semi-urban area,Plastic waste,Under development,External waste-management agency,3,2,3,4,3,4,3,4,4,4,3,4,5,3,4,2,4,3,4,3,4,3,3,3,4,2,2,3,2,3,3,3,3,3,2,4,4,2,3,3,3,3,3,3,3,3,3,3,3,3,3,2,2,3,3,4,3,1,3,2,3,2,3.17,3.67,3.5,3.33,2.67,3.0,3.0,3.0,2.67,2.62,3.11
R0708,Retail,Micro: Fewer than 10 employees,Less than 3 years,Fewer than 10,Commercial area,Paper and cardboard,Yes,Operations department,4,4,4,3,4,4,3,4,3,3,2,3,4,3,4,4,4,5,3,3,4,5,2,5,3,3,4,3,3,4,4,4,5,4,5,4,3,3,4,3,5,4,4,4,3,4,4,4,3,3,3,3,3,3,4,3,3,3,3,3,4,3,3.83,3.0,4.0,3.67,3.33,4.33,3.67,3.83,3.0,3.25,3.63
R0709,Manufacturing,Medium: 50-249 employees,6-10 years,50-99,Commercial area,Plastic waste,No,External waste-management agency,4,3,4,5,3,4,4,4,4,3,4,4,4,3,4,3,4,3,3,5,3,,3,3,2,2,2,2,2,3,4,3,2,4,2,3,3,3,4,2,5,3,3,3,3,3,2,2,4,3,3,3,4,3,2,3,2,3,3,2,3,3,3.83,3.83,3.5,3.4,2.17,3.0,3.33,2.67,3.33,2.62,3.23
R0710,Manufacturing,Medium: 50-249 employees,6-10 years,50-99,Semi-urban area,Paper and cardboard,Under development,Environmental or sustainability department,3,2,3,2,4,2,4,4,4,4,3,3,3,5,4,3,4,4,4,3,4,3,5,5,5,4,4,4,3,3,4,3,4,4,3,4,5,4,3,3,3,3,3,3,4,,3,4,4,4,5,4,5,5,3,4,2,4,3,4,3,3,2.67,3.67,3.83,4.0,3.83,3.67,3.5,3.4,4.5,3.25,3.67
R0711,Retail,Medium: 50-249 employees,3-5 years,100-249,Urban area,Mixed municipal waste,Not sure,Operations department,2,4,3,4,3,4,3,3,3,4,3,4,4,3,4,3,2,2,4,3,4,4,3,4,5,3,3,4,3,4,4,5,5,4,4,4,4,4,,3,4,3,4,2,3,3,3,4,4,4,5,4,3,3,3,3,3,2,2,2,3,3,3.33,3.33,3.0,3.67,3.67,4.33,3.6,3.17,3.83,2.62,3.55
R0712,Information Technology,Micro: Fewer than 10 employees,6-10 years,10-49,Urban area,Paper and cardboard,Under development,Operations department,4,4,4,5,3,4,4,3,3,3,3,4,3,2,3,3,3,3,5,4,2,3,4,5,4,4,3,3,2,3,4,3,4,3,5,2,5,5,5,5,4,5,5,3,3,4,4,3,4,4,4,3,4,4,3,2,2,,3,3,3,3,4.0,3.33,2.83,3.83,3.17,3.5,4.83,3.67,3.83,2.71,3.67
R0713,Manufacturing,Small: 10-49 employees,Less than 3 years,Fewer than 10,Industrial area,Plastic waste,No,Operations department,4,3,2,3,3,3,2,3,3,3,3,4,4,3,3,2,3,4,2,3,3,3,4,4,3,3,3,4,,3,4,2,2,2,3,3,3,2,3,4,4,3,3,3,3,3,4,2,4,5,5,2,4,3,2,3,3,4,3,3,3,3,3.0,3.0,3.17,3.17,3.2,2.67,3.17,3.0,3.83,3.0,3.13
R0714,Manufacturing,Large: 250 employees or more,11-20 years,250 or more,Semi-urban area,Mixed municipal waste,No,Operations department,4,3,4,2,3,3,3,3,3,4,2,2,3,3,3,3,4,4,4,4,3,3,4,4,3,3,3,3,4,4,3,3,2,2,4,4,5,3,4,5,4,4,4,2,4,4,3,3,4,3,3,4,4,2,4,5,3,2,3,3,4,1,3.17,2.83,3.33,3.67,3.33,3.0,4.17,3.33,3.33,3.12,3.35
R0715,Manufacturing,Small: 10-49 employees,11-20 years,10-49,Urban area,Mixed municipal waste,Not sure,External waste-management agency,4,3,3,3,2,4,3,3,3,4,3,3,4,4,4,4,3,3,5,3,4,4,3,5,4,3,3,4,4,5,3,3,2,4,4,3,3,2,4,2,2,3,4,2,4,4,4,5,4,3,2,2,3,2,3,3,3,4,2,4,4,4,3.17,3.17,3.67,4.0,3.83,3.17,2.67,3.83,2.67,3.38,3.35
R0716,Retail,Micro: Fewer than 10 employees,6-10 years,Fewer than 10,Urban area,Plastic waste,Not sure,Operations department,3,3,4,3,3,2,4,4,3,3,3,2,3,4,3,3,3,2,4,3,4,3,3,4,3,2,3,4,2,3,3,3,3,3,3,2,3,3,5,3,2,3,3,4,4,4,4,3,3,3,2,3,3,3,3,4,4,3,4,4,4,4,3.0,3.17,3.0,3.5,2.83,2.83,3.17,3.67,2.83,3.75,3.11
R0717,Hospitality/Services,Small: 10-49 employees,Less than 3 years,50-99,Urban area,Mixed municipal waste,No,Operations department,3,3,2,3,2,2,3,3,3,,3,3,3,2,3,3,4,3,2,3,2,3,3,2,3,2,2,1,2,3,2,4,3,2,3,2,1,1,2,1,1,2,3,2,3,2,3,3,2,3,2,2,2,3,3,4,4,4,3,3,5,2,2.5,3.0,3.0,2.5,2.17,2.67,1.33,2.67,2.33,3.5,2.46
R0718,Retail,Large: 250 employees or more,11-20 years,250 or more,Commercial area,Plastic waste,Under development,Facility management team,4,5,5,3,3,5,3,4,3,4,4,4,3,4,4,3,3,4,4,3,4,4,,4,4,3,4,4,4,3,4,3,4,3,4,4,3,4,4,4,4,4,3,3,4,4,4,3,,3,4,4,3,3,1,2,3,2,3,3,1,2,4.17,3.67,3.5,3.8,3.67,3.67,3.83,3.5,3.4,2.12,3.69
R0719,Information Technology,Micro: Fewer than 10 employees,6-10 years,Fewer than 10,Semi-urban area,Paper and cardboard,Not sure,External waste-management agency,3,3,2,3,2,2,4,3,4,3,5,4,3,3,3,2,3,2,4,3,5,3,3,5,5,2,3,3,4,3,4,3,4,4,4,4,3,3,2,3,3,3,3,2,4,3,3,3,2,3,2,3,2,4,3,5,3,3,4,4,5,4,2.5,3.83,2.67,3.83,3.33,3.83,2.83,3.0,2.67,3.88,3.17
R0720,Retail,Small: 10-49 employees,Less than 3 years,10-49,Semi-urban area,Paper and cardboard,Not sure,Operations department,4,3,3,2,4,4,3,3,3,3,3,3,2,1,2,3,1,3,4,3,4,3,4,4,4,,2,4,2,1,2,4,3,3,2,3,4,3,4,4,3,2,4,3,3,3,4,4,2,3,2,3,3,2,3,5,4,3,,5,4,5,3.33,3.0,2.0,3.67,2.6,2.83,3.33,3.5,2.5,4.14,2.97
R0721,Retail,Micro: Fewer than 10 employees,Less than 3 years,Fewer than 10,Commercial area,Mixed municipal waste,Under development,Operations department,2,3,3,4,2,4,3,3,4,4,3,4,4,3,3,2,4,2,4,3,4,4,2,3,4,3,3,4,5,4,3,3,4,4,4,3,4,3,3,3,2,3,4,3,2,3,2,2,5,4,5,5,5,4,4,4,4,3,3,4,4,3,3.0,3.5,3.0,3.33,3.83,3.5,3.0,2.67,4.67,3.62,3.39
R0722,Information Technology,Medium: 50-249 employees,6-10 years,10-49,Commercial area,Paper and cardboard,Under development,Facility management team,3,4,4,3,3,4,4,4,4,3,5,3,3,3,4,4,4,4,4,2,3,4,2,2,4,4,5,4,4,4,4,4,4,5,5,4,3,3,3,3,2,3,3,4,5,5,4,4,5,4,4,4,4,4,2,2,4,3,2,2,1,2,3.5,3.83,3.67,2.83,4.17,4.33,2.83,4.17,4.17,2.25,3.72
R0723,Manufacturing,Micro: Fewer than 10 employees,Less than 3 years,Fewer than 10,Semi-urban area,Mixed municipal waste,No,External waste-management agency,3,2,2,3,4,2,3,2,1,1,2,2,3,2,3,3,4,2,2,2,2,4,3,2,3,4,3,2,3,4,2,1,1,1,2,2,4,2,2,2,2,3,3,2,3,2,3,2,3,3,3,2,2,2,3,4,2,5,4,3,4,4,2.67,1.83,2.83,2.5,3.17,1.5,2.5,2.5,2.5,3.62,2.44
R0724,Information Technology,Medium: 50-249 employees,Less than 3 years,50-99,Urban area,Food or organic waste,Not sure,External waste-management agency,3,2,4,4,4,4,4,3,3,4,3,3,4,2,2,3,2,3,2,3,3,3,2,2,3,3,,2,2,2,4,3,2,3,3,3,3,2,2,3,3,3,2,3,2,3,2,3,,3,3,3,2,3,5,4,3,3,3,3,5,2,3.5,3.33,2.67,2.5,2.4,3.0,2.67,2.5,2.8,3.5,2.82
R0725,Retail,Large: 250 employees or more,Less than 3 years,250 or more,Urban area,Mixed municipal waste,No,Operations department,3,5,4,4,4,5,3,4,4,3,4,3,3,4,3,3,4,4,4,5,4,5,5,4,4,2,4,3,2,3,4,3,3,4,4,2,4,5,4,4,5,4,3,4,3,4,3,3,2,4,3,1,3,3,4,4,4,5,5,3,5,5,4.17,3.5,3.5,4.5,3.0,3.33,4.33,3.33,2.67,4.38,3.59
R0726,Retail,Large: 250 employees or more,11-20 years,250 or more,Urban area,Paper and cardboard,Yes,Environmental or sustainability department,4,4,4,4,4,4,4,4,4,4,4,4,4,4,4,4,4,4,4,4,4,4,4,4,4,4,4,4,4,4,4,4,4,4,4,4,4,4,4,4,4,4,4,4,4,4,4,4,4,4,4,4,4,4,4,4,4,4,4,4,4,4,4.0,4.0,4.0,4.0,4.0,4.0,4.0,4.0,4.0,4.0,4.0
R0727,Hospitality/Services,Small: 10-49 employees,6-10 years,10-49,Urban area,Food or organic waste,Under development,External waste-management agency,3,3,3,3,3,3,3,3,3,3,3,3,3,3,3,3,3,3,3,3,3,3,3,3,3,3,3,3,3,3,3,3,3,3,3,3,3,3,3,3,3,3,3,3,3,,3,3,3,3,3,3,,3,3,3,3,3,3,3,3,3,3.0,3.0,3.0,3.0,3.0,3.0,3.0,3.0,3.0,3.0,3.0
R0728,Retail,Large: 250 employees or more,11-20 years,250 or more,Commercial area,Food or organic waste,Under development,Facility management team,4,3,4,4,5,4,2,3,3,4,4,2,4,3,5,4,3,5,5,4,3,4,3,4,4,4,4,4,5,4,3,4,4,3,3,3,4,3,4,4,5,4,4,3,5,2,4,3,4,4,5,3,3,3,1,2,3,3,3,3,1,2,4.0,3.0,4.0,3.83,4.17,3.33,4.0,3.5,3.67,2.25,3.72
R0729,Hospitality/Services,Micro: Fewer than 10 employees,Less than 3 years,Fewer than 10,Commercial area,Food or organic waste,No,External waste-management agency,4,4,4,4,4,3,3,2,4,3,4,3,3,3,2,4,4,3,3,3,2,3,2,1,3,3,3,3,3,3,4,2,2,3,3,3,3,4,4,2,4,4,3,3,3,3,2,3,3,3,3,4,3,3,3,4,3,3,3,4,3,4,3.83,3.17,3.17,2.33,3.0,2.83,3.5,2.83,3.17,3.38,3.09
R0730,Hospitality/Services,Micro: Fewer than 10 employees,11-20 years,Fewer than 10,Industrial area,Mixed municipal waste,No,Operations department,3,3,3,3,4,3,3,3,3,3,2,2,2,3,3,4,3,4,3,3,3,3,3,3,3,3,1,3,2,3,3,2,4,4,3,3,3,2,3,3,3,5,,2,3,2,3,2,3,3,3,3,3,3,5,4,4,4,4,3,3,3,3.17,2.67,3.17,3.0,2.5,3.17,3.17,2.4,3.0,3.75,2.92
R0731,Manufacturing,Micro: Fewer than 10 employees,Less than 3 years,Fewer than 10,Industrial area,Plastic waste,Not sure,Facility management team,3,3,2,3,5,3,3,4,3,4,3,4,4,4,4,5,5,4,4,4,4,3,4,5,5,4,4,4,3,3,3,4,5,4,4,4,4,3,4,4,2,3,4,3,4,4,4,4,2,3,4,2,3,4,4,3,4,5,4,4,4,3,3.17,3.5,4.33,4.0,3.83,4.0,3.33,3.83,3.0,3.88,3.67
R0732,Retail,Large: 250 employees or more,Less than 3 years,250 or more,Commercial area,Mixed municipal waste,Not sure,Facility management team,3,3,4,3,4,3,3,4,3,4,3,3,3,4,4,4,4,4,3,3,3,3,3,3,3,4,4,3,3,4,4,3,3,2,3,4,4,4,5,3,3,3,4,3,4,3,2,4,3,3,3,3,3,4,3,3,3,2,2,2,3,2,3.33,3.33,3.83,3.0,3.5,3.17,3.67,3.33,3.17,2.5,3.37
R0733,Information Technology,Large: 250 employees or more,6-10 years,100-249,Commercial area,Paper and cardboard,Not sure,Facility management team,4,4,4,5,5,3,3,4,3,4,4,4,4,5,4,4,5,4,4,5,4,3,5,5,4,4,5,4,4,4,3,3,4,5,4,4,3,4,3,2,3,3,5,4,,3,4,3,3,3,3,2,4,3,3,3,3,2,2,2,3,3,4.17,3.67,4.33,4.33,4.17,3.83,3.0,3.8,3.0,2.62,3.81
R0734,Manufacturing,Large: 250 employees or more,Less than 3 years,100-249,Industrial area,Plastic waste,Not sure,Facility management team,3,3,3,3,4,4,3,2,2,2,2,2,5,4,4,3,5,4,3,4,3,4,3,4,4,4,3,4,3,4,3,3,4,4,3,3,4,5,4,4,4,3,3,3,2,3,3,4,3,3,3,3,3,4,4,3,3,4,4,3,3,2,3.33,2.17,4.17,3.5,3.67,3.33,4.0,3.0,3.17,3.25,3.37
R0735,Information Technology,Micro: Fewer than 10 employees,6-10 years,Fewer than 10,Commercial area,Paper and cardboard,Under development,Operations department,3,4,3,4,4,4,4,4,4,4,4,5,4,3,2,3,4,3,3,4,3,2,3,3,3,4,3,4,3,3,2,4,4,4,2,2,4,4,4,5,4,4,4,4,4,3,4,4,5,4,4,4,3,4,3,4,3,4,4,4,4,3,3.67,4.17,3.17,3.0,3.33,3.0,4.17,3.83,4.0,3.62,3.59
R0736,Manufacturing,Large: 250 employees or more,6-10 years,250 or more,Commercial area,Mixed municipal waste,Not sure,Facility management team,3,4,3,4,3,3,,4,4,4,4,5,4,4,4,5,5,5,4,3,3,3,3,2,5,4,4,3,4,4,3,4,3,3,4,4,4,4,3,3,4,3,2,2,3,3,3,3,4,3,4,3,4,4,3,2,4,3,3,2,4,2,3.33,4.2,4.5,3.0,4.0,3.5,3.5,2.67,3.67,2.88,3.6
R0737,Manufacturing,Medium: 50-249 employees,6-10 years,100-249,Industrial area,Mixed municipal waste,No,Facility management team,5,4,4,3,3,2,4,3,3,3,3,3,5,4,5,5,5,4,4,4,4,4,,4,4,4,4,3,3,4,3,4,4,4,4,4,3,3,2,4,2,3,4,4,4,4,4,3,4,5,4,5,4,3,2,3,3,2,4,3,4,2,3.5,3.17,4.67,4.0,3.67,3.83,2.83,3.83,4.17,2.88,3.74
R0738,Retail,Large: 250 employees or more,3-5 years,250 or more,Commercial area,Paper and cardboard,Yes,Operations department,4,4,4,4,4,4,4,3,,4,4,4,3,3,3,3,4,3,4,3,3,3,3,4,3,2,3,3,2,3,5,4,4,3,4,3,5,5,4,3,4,5,3,3,2,3,3,3,3,2,3,3,2,3,3,1,3,1,3,3,2,4,4.0,3.8,3.17,3.33,2.67,3.83,4.33,2.83,2.67,2.5,3.4
R0739,Information Technology,Micro: Fewer than 10 employees,3-5 years,Fewer than 10,Urban area,Paper and cardboard,No,External waste-management agency,3,3,2,2,3,4,5,3,4,3,4,4,3,2,3,2,3,2,4,4,4,4,5,4,2,3,3,2,2,3,3,2,2,3,3,2,2,4,3,3,3,4,3,3,3,2,2,3,4,3,4,3,4,3,3,3,3,2,,3,5,2,2.83,3.83,2.5,4.17,2.5,2.5,3.17,2.67,3.5,3.0,3.07
R0740,Information Technology,Small: 10-49 employees,Less than 3 years,Fewer than 10,Urban area,Paper and cardboard,No,External waste-management agency,3,4,3,2,4,4,4,2,3,3,3,3,3,4,3,3,3,2,3,3,3,2,2,3,3,2,2,3,3,2,2,2,2,2,1,2,3,3,3,3,4,3,3,2,3,3,3,4,4,3,3,2,3,3,4,3,4,4,4,4,4,4,3.33,3.0,3.0,2.67,2.5,1.83,3.17,3.0,3.0,3.88,2.83
R0741,Healthcare,Large: 250 employees or more,11-20 years,250 or more,Urban area,Mixed municipal waste,Yes,Environmental or sustainability department,4,4,4,4,5,4,5,4,4,3,4,4,4,3,5,4,4,4,5,3,4,4,4,3,4,4,4,4,4,3,4,3,2,3,3,4,4,3,3,4,3,5,3,3,3,3,2,3,4,5,3,4,3,4,1,2,2,3,3,2,2,2,4.17,4.0,4.0,3.83,3.83,3.17,3.67,2.83,3.83,2.12,3.7
R0742,Manufacturing,Medium: 50-249 employees,6-10 years,50-99,Industrial area,Mixed municipal waste,Not sure,Environmental or sustainability department,4,3,4,3,3,3,5,5,4,5,5,4,3,3,4,2,3,4,3,2,3,4,1,3,4,5,4,3,3,4,3,3,3,3,4,4,5,4,5,4,3,4,4,3,4,4,5,4,4,4,5,3,4,4,2,3,2,,2,3,2,2,3.33,4.67,3.17,2.67,3.83,3.33,4.17,4.0,4.0,2.29,3.69
R0743,Retail,Small: 10-49 employees,Less than 3 years,10-49,Urban area,Plastic waste,Not sure,External waste-management agency,3,3,3,3,4,4,4,4,4,5,5,4,2,1,2,3,3,3,3,4,3,3,1,3,3,4,3,3,4,3,2,3,3,3,2,3,2,3,3,3,3,4,3,3,4,3,2,3,4,3,4,4,3,4,4,3,3,3,4,3,4,3,3.33,4.33,2.33,2.83,3.33,2.67,3.0,3.0,3.67,3.38,3.17
R0744,Manufacturing,Micro: Fewer than 10 employees,Less than 3 years,Fewer than 10,Industrial area,Plastic waste,No,Operations department,3,3,2,3,4,3,2,2,1,3,2,3,3,2,,3,3,2,1,1,1,3,1,1,3,4,3,3,3,4,3,4,3,4,4,3,3,2,4,4,2,2,3,2,3,4,3,3,3,3,3,3,2,3,3,3,3,3,4,4,4,3,3.0,2.17,2.6,1.33,3.33,3.5,2.83,3.0,2.83,3.38,2.73
R0745,Manufacturing,Small: 10-49 employees,3-5 years,50-99,Urban area,Paper and cardboard,No,Operations department,3,5,5,4,4,4,4,3,4,4,3,4,3,4,3,3,4,3,3,4,4,3,4,3,3,3,3,3,3,3,4,3,3,4,5,4,3,4,4,3,4,3,3,2,4,3,3,3,4,3,3,4,4,4,3,2,3,3,2,3,1,2,4.17,3.67,3.33,3.5,3.0,3.83,3.5,3.0,3.67,2.38,3.52
R0746,Retail,Medium: 50-249 employees,3-5 years,50-99,Semi-urban area,Mixed municipal waste,Yes,Environmental or sustainability department,4,5,5,4,4,4,3,5,5,3,4,4,4,5,5,4,5,5,5,4,5,4,4,3,5,4,4,5,4,5,5,4,4,5,5,4,4,4,4,3,4,4,5,4,4,5,5,4,4,4,4,3,3,5,2,2,4,3,5,3,3,3,4.33,4.0,4.67,4.17,4.5,4.5,3.83,4.5,3.83,3.12,4.26
R0747,Healthcare,Small: 10-49 employees,6-10 years,10-49,Semi-urban area,Paper and cardboard,Yes,Environmental or sustainability department,5,5,4,4,3,4,4,4,4,4,5,3,5,5,5,5,5,4,4,5,4,4,4,3,5,3,4,4,5,5,5,4,3,3,5,4,3,4,4,4,5,5,5,5,4,5,,4,3,3,4,5,5,3,1,1,,1,1,1,1,,4.17,4.0,4.83,4.0,4.33,4.0,4.17,4.6,3.83,1.0,4.21
R0748,Manufacturing,Large: 250 employees or more,11-20 years,250 or more,Industrial area,Paper and cardboard,Not sure,Environmental or sustainability department,5,4,4,4,4,3,4,3,4,4,5,4,3,3,2,4,4,3,4,3,4,4,3,4,4,2,3,5,4,3,3,4,4,4,3,3,3,4,4,4,5,4,3,3,4,3,3,4,2,4,3,4,3,3,4,1,3,3,4,3,3,2,4.0,4.0,3.17,3.67,3.5,3.5,4.0,3.33,3.17,2.88,3.59
R0749,Manufacturing,Large: 250 employees or more,Less than 3 years,100-249,Industrial area,Paper and cardboard,No,Operations department,2,2,3,3,2,2,2,2,2,3,1,3,4,5,5,4,4,4,5,,5,4,4,4,3,3,3,5,3,3,2,2,2,1,1,3,3,2,2,3,3,2,4,5,5,4,4,2,4,3,3,4,4,3,3,3,3,4,3,4,3,5,2.33,2.17,4.33,4.4,3.33,1.83,2.5,4.0,3.5,3.5,3.15
R0750,Healthcare,Micro: Fewer than 10 employees,6-10 years,Fewer than 10,Commercial area,Mixed municipal waste,No,External waste-management agency,2,4,4,3,4,2,2,3,2,2,2,1,3,4,4,3,4,4,3,2,2,3,3,4,2,2,2,3,4,3,3,3,3,4,3,3,4,4,4,3,3,4,5,3,3,4,4,4,3,3,3,4,1,3,4,2,2,2,3,5,2,2,3.17,2.0,3.67,2.83,2.67,3.17,3.67,3.83,2.83,2.75,3.09
R0751,Manufacturing,Medium: 50-249 employees,6-10 years,50-99,Industrial area,Plastic waste,Not sure,Operations department,4,4,4,4,5,4,5,5,5,5,4,5,3,2,3,2,3,2,3,4,3,3,4,3,5,5,4,4,3,4,4,5,4,4,4,5,4,4,4,4,4,3,4,4,3,3,4,4,4,4,4,4,4,4,4,5,2,3,4,2,4,3,4.17,4.83,2.5,3.33,4.17,4.33,3.83,3.67,4.0,3.38,3.87
R0752,Hospitality/Services,Small: 10-49 employees,3-5 years,10-49,Commercial area,Food or organic waste,No,Operations department,4,4,4,4,4,4,3,4,4,4,4,5,4,3,2,2,3,3,3,4,3,4,5,3,3,5,5,4,4,4,2,3,2,2,2,3,4,2,3,4,4,3,4,5,4,5,3,3,3,4,2,3,4,4,2,3,4,3,4,3,3,3,4.0,4.0,2.83,3.67,4.17,2.33,3.33,4.0,3.33,3.12,3.52
R0753,Retail,Small: 10-49 employees,Less than 3 years,10-49,Commercial area,Plastic waste,Under development,External waste-management agency,2,2,2,2,4,3,3,4,4,1,4,4,3,3,3,3,3,4,2,2,3,2,2,2,4,5,4,4,3,3,3,2,3,3,3,2,1,2,3,2,3,3,3,3,2,3,3,3,4,4,4,5,3,4,4,4,4,2,4,4,3,3,2.5,3.33,3.17,2.17,3.83,2.67,2.33,2.83,4.0,3.5,2.98
R0754,Manufacturing,Medium: 50-249 employees,11-20 years,100-249,Urban area,Paper and cardboard,Yes,Environmental or sustainability department,2,5,4,5,5,4,3,4,3,3,3,3,3,4,4,4,3,3,4,5,5,5,4,4,4,4,4,4,3,3,5,4,4,5,5,5,3,4,4,4,5,4,5,5,5,5,5,5,3,2,3,3,4,4,2,2,2,2,1,2,2,2,4.17,3.17,3.5,4.5,3.67,4.67,4.0,5.0,3.17,1.88,3.98
R0755,Information Technology,Medium: 50-249 employees,11-20 years,100-249,Urban area,Paper and cardboard,Yes,Facility management team,4,4,4,4,5,3,3,4,4,3,4,4,5,4,4,4,4,4,4,4,4,4,3,5,5,4,4,5,4,3,3,3,4,4,3,5,3,3,5,4,4,4,4,3,3,2,4,,5,3,5,5,4,5,2,2,2,2,2,2,2,3,4.0,3.67,4.17,4.0,4.17,3.67,3.83,3.2,4.5,2.12,3.91
R0756,Healthcare,Large: 250 employees or more,6-10 years,250 or more,Urban area,Plastic waste,Under development,Facility management team,3,4,4,3,3,4,4,5,4,3,4,4,,4,4,4,4,5,3,3,4,4,3,4,4,3,4,4,3,5,3,5,4,5,4,4,5,5,5,4,4,4,5,4,5,4,4,5,4,5,4,4,4,4,3,3,1,3,2,4,2,3,3.5,4.0,4.2,3.5,3.83,4.17,4.5,4.5,4.17,2.62,4.04
R0757,Information Technology,Small: 10-49 employees,3-5 years,10-49,Semi-urban area,Paper and cardboard,Not sure,External waste-management agency,3,3,4,4,3,5,3,3,2,3,3,3,4,3,3,3,4,5,2,3,3,2,4,3,3,3,2,3,3,4,4,4,2,2,3,3,3,3,4,2,3,3,3,3,3,2,3,4,2,3,2,3,2,1,4,5,4,4,4,4,5,3,3.67,2.83,3.67,2.83,3.0,3.0,3.0,3.0,2.17,4.12,3.02
R0758,Retail,Large: 250 employees or more,Less than 3 years,100-249,Commercial area,Mixed municipal waste,Not sure,Facility management team,4,4,4,3,4,3,4,4,4,4,3,3,4,3,4,4,4,3,4,4,5,3,3,3,4,3,4,4,4,3,5,5,4,4,4,5,3,4,4,4,2,4,3,4,4,4,3,4,3,3,3,4,4,2,3,3,2,4,4,3,4,3,3.67,3.67,3.67,3.67,3.67,4.5,3.5,3.67,3.17,3.25,3.69
R0759,Retail,Medium: 50-249 employees,Less than 3 years,100-249,Urban area,Paper and cardboard,Under development,Facility management team,2,2,2,2,4,3,4,3,4,3,3,4,4,4,4,3,4,3,3,2,2,4,3,3,3,3,3,4,4,4,4,3,3,3,3,4,4,5,4,3,4,2,4,4,4,3,3,3,3,3,4,3,,3,2,3,4,4,2,2,3,3,2.5,3.5,3.67,2.83,3.5,3.33,3.67,3.5,3.2,2.88,3.3
R0760,Healthcare,Small: 10-49 employees,3-5 years,10-49,Commercial area,Mixed municipal waste,Not sure,External waste-management agency,4,4,4,4,4,4,4,4,3,3,4,3,4,4,4,3,3,4,4,4,4,3,4,4,3,2,2,3,2,2,3,5,3,3,5,3,3,4,4,5,4,3,3,5,4,4,5,4,4,3,2,3,4,2,4,3,4,2,4,3,2,3,4.0,3.5,3.67,3.83,2.33,3.67,3.83,4.17,3.0,3.12,3.56
R0761,Retail,Large: 250 employees or more,11-20 years,250 or more,Commercial area,Mixed municipal waste,Under development,Facility management team,5,3,4,4,3,4,3,3,2,4,3,3,5,5,4,5,4,5,4,4,5,5,4,,4,4,3,4,4,4,4,2,4,2,3,2,4,3,4,3,3,3,5,4,5,4,5,5,5,4,4,4,3,5,4,3,1,2,3,2,2,4,3.83,3.0,4.67,4.4,3.83,2.83,3.33,4.67,4.17,2.62,3.86
R0762,Healthcare,Large: 250 employees or more,6-10 years,100-249,Urban area,Plastic waste,Not sure,External waste-management agency,3,2,2,3,3,4,4,5,4,4,4,5,3,3,2,3,2,2,4,4,5,4,4,3,3,4,5,4,5,3,2,5,5,4,4,4,5,4,4,5,4,4,4,4,4,4,4,4,5,4,3,3,4,4,3,3,3,3,4,4,4,4,2.83,4.33,2.5,4.0,4.0,4.0,4.33,4.0,3.83,3.5,3.76
R0763,Manufacturing,Large: 250 employees or more,11-20 years,100-249,Semi-urban area,Plastic waste,Under development,Operations department,4,4,4,3,4,4,4,,4,4,5,4,4,5,3,3,3,3,4,4,4,4,4,5,5,5,3,4,4,3,4,3,3,3,4,3,3,4,4,3,4,4,4,4,3,4,4,5,4,4,4,3,3,4,3,3,3,2,4,2,2,3,3.83,4.2,3.5,4.17,4.0,3.33,3.67,4.0,3.67,2.75,3.82
R0764,Retail,Large: 250 employees or more,3-5 years,250 or more,Urban area,Mixed municipal waste,Under development,Environmental or sustainability department,4,2,5,3,4,3,2,3,2,2,3,2,4,4,4,4,3,3,4,5,4,4,3,4,2,2,2,3,2,2,5,4,4,4,4,3,5,4,4,5,4,4,3,2,2,2,4,3,2,1,2,3,3,2,3,1,1,3,2,2,3,2,3.5,2.33,3.67,4.0,2.17,4.0,4.33,2.67,2.17,2.12,3.2
R0765,Manufacturing,Small: 10-49 employees,11-20 years,10-49,Industrial area,Plastic waste,Under development,External waste-management agency,5,4,4,4,5,4,5,5,4,4,4,5,4,4,4,5,4,3,3,3,3,3,2,3,4,4,4,5,4,4,4,3,3,2,4,4,4,5,5,3,3,4,5,4,4,4,3,3,3,2,3,3,4,4,3,3,5,3,3,3,4,3,4.33,4.5,4.0,2.83,4.17,3.33,4.0,3.83,3.17,3.38,3.8
R0766,Information Technology,Micro: Fewer than 10 employees,Less than 3 years,Fewer than 10,Urban area,Mixed municipal waste,No,External waste-management agency,3,3,1,3,3,3,3,3,5,3,3,3,3,2,3,3,3,3,4,2,4,3,2,3,2,4,3,2,2,,3,3,2,3,3,2,2,3,3,3,3,3,4,2,2,1,2,2,2,2,2,3,2,2,4,4,3,4,4,4,3,4,2.67,3.33,2.83,3.0,2.6,2.67,2.83,2.17,2.17,3.75,2.7
R0767,Retail,Small: 10-49 employees,3-5 years,10-49,Commercial area,Paper and cardboard,Not sure,Environmental or sustainability department,3,5,3,4,4,4,4,4,3,3,4,3,4,4,5,3,3,5,4,3,2,2,3,3,3,3,3,,2,3,5,3,4,3,4,5,3,4,5,3,4,3,3,3,3,3,4,3,5,4,5,5,5,5,3,1,3,1,2,2,2,5,3.83,3.5,4.0,2.83,2.8,4.0,3.67,3.17,4.83,2.38,3.63
R0768,Hospitality/Services,Micro: Fewer than 10 employees,6-10 years,Fewer than 10,Urban area,Food or organic waste,Under development,Operations department,3,3,2,3,4,4,3,3,4,5,3,3,3,2,3,3,3,4,3,3,3,2,4,4,4,3,,,4,4,3,3,2,3,2,3,3,3,3,3,3,4,3,4,3,5,4,3,3,3,4,3,3,2,3,2,2,2,2,2,2,3,3.17,3.5,3.0,3.17,3.75,2.67,3.17,3.67,3.0,2.25,3.23
R0769,Manufacturing,Micro: Fewer than 10 employees,Less than 3 years,Fewer than 10,Commercial area,Plastic waste,No,External waste-management agency,3,3,3,3,3,3,4,3,3,3,4,3,4,3,5,4,4,4,4,4,3,4,3,4,2,3,3,4,4,2,2,2,2,2,2,3,3,4,3,5,3,2,4,3,3,4,3,4,3,3,3,3,1,4,2,2,1,2,3,2,2,2,3.0,3.33,4.0,3.67,3.0,2.17,3.33,3.5,2.83,2.0,3.2
R0770,Retail,Large: 250 employees or more,6-10 years,100-249,Urban area,Plastic waste,Yes,Environmental or sustainability department,3,4,3,4,3,3,4,4,4,4,4,4,3,3,4,3,3,4,5,4,3,5,4,4,4,4,5,3,5,2,4,5,5,4,5,5,5,5,4,5,5,5,5,5,5,5,5,5,5,3,4,4,5,4,3,3,3,4,3,4,3,3,3.33,4.0,3.33,4.17,3.83,4.67,4.83,5.0,4.17,3.25,4.15
R0771,Retail,Large: 250 employees or more,11-20 years,250 or more,Commercial area,Food or organic waste,Under development,Operations department,5,5,5,3,4,4,5,4,4,3,4,5,5,4,,4,4,5,4,5,5,4,4,5,4,5,5,5,5,4,3,3,3,5,4,5,5,4,4,5,4,3,4,2,4,5,3,3,5,5,4,5,4,4,1,3,3,2,1,1,2,2,4.33,4.17,4.4,4.5,4.67,3.83,4.17,3.5,4.5,1.88,4.23
R0772,Healthcare,Small: 10-49 employees,11-20 years,10-49,Urban area,Paper and cardboard,Under development,External waste-management agency,4,5,4,4,4,3,4,5,4,4,5,4,3,4,4,4,4,3,4,,3,2,3,2,4,4,5,3,4,5,4,4,4,4,4,5,4,4,4,4,3,3,4,4,4,4,3,4,3,5,4,5,4,4,1,1,1,3,3,4,1,2,4.0,4.33,3.67,2.8,4.17,4.17,3.67,3.83,4.17,2.0,3.87
R0773,Information Technology,Micro: Fewer than 10 employees,6-10 years,Fewer than 10,Urban area,Mixed municipal waste,Under development,Operations department,4,5,4,3,4,3,3,2,2,3,3,2,4,2,5,2,3,4,3,3,3,3,3,4,4,4,3,5,3,3,2,,,3,3,3,4,4,4,3,4,3,5,5,4,4,5,5,3,5,3,5,5,4,4,3,3,2,2,2,2,3,3.83,2.5,3.33,3.17,3.67,2.75,3.67,4.67,4.17,2.62,3.53
R0774,Retail,Large: 250 employees or more,6-10 years,250 or more,Urban area,Mixed municipal waste,Under development,Environmental or sustainability department,5,4,5,3,3,4,4,2,3,4,3,2,3,4,4,4,5,5,4,4,4,4,4,4,5,5,5,4,4,5,4,4,4,4,4,5,5,4,3,5,4,5,4,3,4,3,4,3,4,5,4,3,4,5,2,2,2,2,1,,1,2,4.0,3.0,4.17,4.0,4.67,4.17,4.33,3.5,4.17,1.71,4.0
R0775,Retail,Small: 10-49 employees,Less than 3 years,10-49,Commercial area,Paper and cardboard,No,Facility management team,3,3,3,3,3,3,4,4,3,3,4,4,3,3,3,3,4,4,2,4,4,4,4,4,5,4,5,5,5,5,2,4,4,4,4,3,3,,4,2,3,4,3,2,3,3,2,3,1,3,3,4,3,3,3,4,3,3,3,3,4,2,3.0,3.67,3.33,3.67,4.83,3.5,3.2,2.67,2.83,3.12,3.41
R0776,Information Technology,Small: 10-49 employees,6-10 years,10-49,Urban area,Mixed municipal waste,Yes,External waste-management agency,2,3,3,4,3,4,4,4,3,4,4,3,5,3,5,4,5,4,3,3,3,2,4,4,3,5,5,4,4,3,3,4,3,4,4,4,3,,3,4,3,3,3,,2,3,2,2,4,5,4,3,5,5,3,4,5,3,3,2,2,4,3.17,3.67,4.33,3.17,4.0,3.67,3.2,2.4,4.33,3.25,3.55
R0777,Manufacturing,Micro: Fewer than 10 employees,Less than 3 years,10-49,Industrial area,Plastic waste,Not sure,External waste-management agency,5,3,5,4,4,,4,4,3,2,3,4,3,4,3,4,4,5,4,2,3,3,3,3,3,2,3,,3,3,3,4,4,3,3,5,4,3,2,4,3,5,3,3,3,3,2,4,1,2,1,,3,2,2,2,2,3,2,,3,2,4.2,3.33,3.83,3.0,2.8,3.67,3.5,3.0,1.8,2.29,3.24
R0778,Healthcare,Micro: Fewer than 10 employees,3-5 years,Fewer than 10,Urban area,Mixed municipal waste,No,Operations department,3,3,3,2,2,4,2,3,2,2,3,2,4,,4,3,3,2,4,4,4,3,4,4,4,4,4,2,3,4,4,4,5,4,4,4,3,4,,3,2,3,3,4,4,4,4,4,3,4,5,3,4,4,4,2,4,4,3,2,3,2,2.83,2.33,3.2,3.83,3.5,4.17,3.0,3.83,3.83,3.0,3.39
R0779,Information Technology,Large: 250 employees or more,3-5 years,100-249,Commercial area,Paper and cardboard,No,Operations department,2,3,4,3,3,5,3,3,4,4,3,3,4,4,4,3,3,3,4,3,3,5,3,4,3,3,4,4,3,4,3,3,3,4,3,3,3,4,2,4,3,4,4,3,4,5,4,4,3,2,2,1,3,2,4,4,3,4,4,4,4,4,3.33,3.33,3.5,3.67,3.5,3.17,3.33,4.0,2.17,3.88,3.33
R0780,Manufacturing,Micro: Fewer than 10 employees,3-5 years,Fewer than 10,Industrial area,Paper and cardboard,No,External waste-management agency,2,3,3,4,3,3,4,3,3,3,4,4,3,5,3,5,4,2,2,2,3,3,2,2,3,3,3,2,4,4,4,3,2,2,3,4,1,2,2,3,2,2,2,3,3,2,1,1,5,4,4,4,4,5,3,4,3,5,3,4,4,3,3.0,3.5,3.67,2.33,3.17,3.0,2.0,2.0,4.33,3.62,3.0
R0781,Healthcare,Large: 250 employees or more,6-10 years,100-249,Urban area,Food or organic waste,Not sure,Operations department,4,3,3,3,4,4,2,3,2,3,2,3,3,3,3,3,4,4,3,3,3,2,4,4,5,3,5,4,3,4,3,2,3,3,3,3,3,2,3,3,3,3,2,2,3,3,3,3,3,3,4,4,4,4,4,2,3,4,1,2,3,2,3.5,2.5,3.33,3.17,4.0,2.83,2.83,2.67,3.67,2.62,3.17
R0782,Information Technology,Medium: 50-249 employees,3-5 years,100-249,Urban area,Paper and cardboard,Yes,Operations department,3,5,4,5,5,5,4,4,2,3,2,3,3,2,3,3,2,3,3,4,4,3,5,4,3,3,2,3,2,3,2,,3,2,1,2,5,3,5,4,5,4,4,5,4,4,4,5,2,3,3,3,3,4,2,4,4,4,4,3,2,3,4.5,3.0,2.67,3.83,2.67,2.0,4.33,4.33,3.0,3.25,3.37
R0783,Manufacturing,Large: 250 employees or more,11-20 years,250 or more,Industrial area,Plastic waste,Yes,Environmental or sustainability department,5,4,5,4,5,4,4,5,4,4,3,3,5,4,4,4,5,4,4,3,3,3,5,3,4,3,4,3,4,3,5,5,5,4,4,5,4,4,3,3,3,4,5,4,5,5,4,5,4,5,5,4,3,4,3,3,4,3,3,3,2,4,4.5,3.83,4.33,3.5,3.5,4.67,3.5,4.67,4.17,3.12,4.07
R0784,Retail,Large: 250 employees or more,11-20 years,250 or more,Commercial area,Plastic waste,Yes,Operations department,4,3,3,5,5,3,4,4,5,5,4,5,5,4,4,4,4,5,4,4,3,4,5,4,5,3,4,2,4,4,4,5,4,3,2,3,4,5,2,3,4,2,4,3,4,4,3,5,4,3,3,3,3,3,3,3,4,5,4,4,4,1,3.83,4.5,4.33,4.0,3.67,3.5,3.33,3.83,3.17,3.5,3.8
R0785,Retail,Large: 250 employees or more,Less than 3 years,250 or more,Urban area,Mixed municipal waste,No,Facility management team,4,4,4,3,4,4,3,3,4,4,4,4,3,3,4,3,4,5,4,5,,4,3,4,4,4,,2,3,4,3,4,3,4,4,4,4,4,3,4,4,4,3,3,3,3,3,3,4,4,4,2,4,3,2,2,,2,2,3,2,3,3.83,3.67,3.67,4.0,3.4,3.67,3.83,3.0,3.5,2.29,3.62
R0786,Information Technology,Large: 250 employees or more,11-20 years,100-249,Urban area,Paper and cardboard,Under development,Environmental or sustainability department,3,3,4,4,2,4,3,4,3,2,4,3,5,5,4,4,4,4,4,4,5,4,4,4,3,5,4,3,3,3,2,2,2,2,2,2,4,1,3,3,3,3,5,5,4,5,3,4,4,4,4,4,3,4,4,2,2,1,2,3,3,2,3.33,3.17,4.33,4.17,3.5,2.0,2.83,4.33,3.83,2.38,3.5
R0787,Healthcare,Medium: 50-249 employees,Less than 3 years,100-249,Industrial area,Food or organic waste,No,Facility management team,4,4,3,3,4,4,2,3,3,5,4,3,2,3,2,3,3,4,5,5,4,5,4,3,4,4,5,4,4,4,3,4,3,3,3,2,3,4,2,3,3,2,5,5,5,4,5,5,3,5,3,2,3,3,2,2,3,3,2,1,2,4,3.67,3.33,2.83,4.33,4.17,3.0,2.83,4.83,3.17,2.38,3.57
R0788,Retail,Medium: 50-249 employees,Less than 3 years,100-249,Urban area,Plastic waste,Under development,External waste-management agency,4,3,4,3,3,4,3,3,4,3,3,4,2,3,2,3,1,3,2,4,3,3,3,2,,3,4,4,5,4,4,4,4,5,4,4,3,4,4,3,3,4,3,3,3,2,2,3,3,3,5,3,3,2,4,5,3,5,4,2,4,4,3.5,3.33,2.33,2.83,4.0,4.17,3.5,2.67,3.17,3.88,3.28
R0789,Retail,Micro: Fewer than 10 employees,Less than 3 years,Fewer than 10,Industrial area,Food or organic waste,Not sure,External waste-management agency,3,3,2,3,2,3,3,3,3,4,2,3,3,3,4,4,3,4,3,2,3,3,4,3,2,3,3,3,3,3,3,3,3,3,4,3,3,3,2,2,4,3,3,2,2,4,4,3,3,3,3,3,4,,5,4,2,3,3,4,3,2,2.67,3.0,3.5,3.0,2.83,3.17,2.83,3.0,3.2,3.25,3.02
R0790,Manufacturing,Large: 250 employees or more,11-20 years,250 or more,Industrial area,Mixed municipal waste,No,Operations department,2,3,2,3,3,2,3,3,3,3,3,4,3,3,3,4,4,4,4,5,4,2,4,3,4,3,5,3,4,4,4,2,2,3,3,3,3,2,3,2,3,4,3,3,4,4,4,4,5,4,3,2,3,3,4,2,3,2,2,4,4,3,2.5,3.17,3.5,3.67,3.83,2.83,2.83,3.67,3.33,3.0,3.26
R0791,Manufacturing,Micro: Fewer than 10 employees,11-20 years,Fewer than 10,Semi-urban area,Plastic waste,Not sure,External waste-management agency,3,3,3,4,4,3,4,4,4,3,5,4,3,2,4,3,3,3,4,5,5,5,5,4,3,4,4,5,3,2,5,3,3,4,3,3,2,4,3,4,3,3,2,4,3,3,3,3,4,4,3,4,4,4,4,5,4,5,5,4,4,5,3.33,4.0,3.0,4.67,3.5,3.5,3.17,3.0,3.83,4.5,3.56
R0792,Manufacturing,Micro: Fewer than 10 employees,3-5 years,Fewer than 10,Urban area,Mixed municipal waste,Under development,External waste-management agency,1,1,2,3,3,3,3,3,3,2,2,3,3,1,1,2,3,3,3,2,3,2,5,3,4,5,4,5,5,5,2,2,2,4,3,2,4,3,3,3,4,3,4,3,3,2,3,2,2,2,3,2,2,4,2,2,4,3,3,3,,2,2.17,2.67,2.17,3.0,4.67,2.5,3.33,2.83,2.5,2.71,2.87
R0793,Manufacturing,Medium: 50-249 employees,6-10 years,50-99,Industrial area,Plastic waste,Under development,Environmental or sustainability department,4,5,3,4,2,4,4,4,4,3,4,4,4,3,5,4,4,3,4,3,5,3,4,3,3,4,4,4,3,4,4,5,5,4,5,5,2,4,3,3,3,4,4,4,4,3,4,3,3,4,4,4,4,3,1,1,3,2,3,1,1,3,3.67,3.83,3.83,3.67,3.67,4.67,3.17,3.67,3.67,1.88,3.76
R0794,Manufacturing,Medium: 50-249 employees,Less than 3 years,10-49,Semi-urban area,Food or organic waste,Under development,Facility management team,3,3,2,2,3,3,4,4,3,3,3,4,4,4,4,4,4,4,3,4,3,4,4,3,3,4,3,4,4,4,4,3,5,5,3,3,4,4,3,4,4,3,4,4,4,5,4,3,3,4,3,3,4,4,3,1,1,,2,1,2,1,2.67,3.5,4.0,3.5,3.67,3.83,3.67,4.0,3.5,1.57,3.59
R0795,Healthcare,Micro: Fewer than 10 employees,Less than 3 years,10-49,Urban area,Mixed municipal waste,No,External waste-management agency,4,4,3,4,5,4,3,4,4,4,3,3,4,3,3,2,2,3,3,4,4,4,4,4,2,2,2,2,3,3,3,3,3,3,3,2,2,4,4,4,2,3,2,2,2,3,3,3,2,2,3,3,3,2,4,4,4,5,4,3,4,3,4.0,3.5,2.83,3.83,2.33,2.83,3.17,2.5,2.5,3.88,3.05
R0796,Healthcare,Medium: 50-249 employees,3-5 years,100-249,Urban area,Plastic waste,Not sure,Facility management team,2,4,3,4,5,5,3,3,3,4,4,2,3,2,3,3,2,5,3,2,1,2,3,2,4,4,3,3,3,3,3,3,3,4,2,3,3,4,4,3,4,4,4,3,2,4,4,4,2,2,2,1,2,3,2,3,4,2,3,3,2,3,3.83,3.17,3.0,2.17,3.33,3.0,3.67,3.5,2.0,2.75,3.07
R0797,Manufacturing,Medium: 50-249 employees,6-10 years,100-249,Semi-urban area,Plastic waste,Not sure,Facility management team,3,4,4,4,1,3,3,3,3,4,4,3,3,4,3,4,3,3,3,3,3,5,5,4,3,4,4,2,4,4,3,4,5,4,4,4,4,3,4,3,4,3,5,4,3,5,4,3,3,4,4,5,3,4,3,4,4,3,4,4,3,4,3.17,3.33,3.33,3.83,3.5,4.0,3.5,4.0,3.83,3.62,3.61
R0798,Healthcare,Micro: Fewer than 10 employees,11-20 years,Fewer than 10,Urban area,Mixed municipal waste,Under development,Operations department,4,5,5,5,5,5,4,3,4,4,4,3,4,2,4,5,,4,4,3,4,4,3,4,3,3,3,3,3,5,3,4,4,5,5,4,3,3,3,5,4,3,4,3,3,3,4,4,4,3,4,4,4,4,1,3,2,3,2,2,2,2,4.83,3.67,3.8,3.67,3.33,4.17,3.5,3.5,3.83,2.12,3.81
R0799,Manufacturing,Medium: 50-249 employees,6-10 years,50-99,Industrial area,Food or organic waste,Under development,Environmental or sustainability department,5,4,5,5,5,4,3,3,3,3,,3,3,3,4,4,3,4,4,5,4,4,2,3,3,3,3,3,4,4,3,5,5,4,4,4,4,4,4,4,4,4,4,4,5,3,3,3,4,4,5,3,4,5,2,2,3,2,2,3,1,4,4.67,3.0,3.5,3.67,3.33,4.17,4.0,3.67,4.17,2.38,3.8
R0800,Retail,Micro: Fewer than 10 employees,11-20 years,Fewer than 10,Commercial area,Plastic waste,Yes,Operations department,3,3,3,4,2,5,3,3,2,3,2,2,3,3,3,3,2,3,5,5,5,,4,5,3,4,4,4,5,4,4,3,4,4,4,3,4,2,3,3,2,2,4,4,4,3,3,4,3,5,4,3,4,3,4,3,2,2,4,4,5,3,3.33,2.5,2.83,4.8,4.0,3.67,2.67,3.67,3.67,3.38,3.46
R0801,Hospitality/Services,Micro: Fewer than 10 employees,Less than 3 years,Fewer than 10,Industrial area,Paper and cardboard,No,External waste-management agency,5,4,3,3,3,3,4,3,4,3,3,,2,4,3,3,4,3,3,3,3,5,3,3,4,4,4,5,5,5,3,3,3,2,3,3,,2,3,3,2,2,3,4,4,3,3,3,3,3,3,2,3,3,3,4,4,3,4,4,3,2,3.5,3.4,3.17,3.33,4.5,2.83,2.4,3.33,2.83,3.38,3.25
R0802,Retail,Small: 10-49 employees,3-5 years,50-99,Commercial area,Mixed municipal waste,No,Operations department,3,3,2,2,4,4,3,3,4,3,4,3,3,4,3,3,,3,4,3,4,4,4,4,4,3,3,2,3,4,2,2,2,3,2,2,4,3,3,4,4,4,2,2,2,3,2,3,3,2,3,3,3,3,2,3,4,2,4,3,4,3,3.0,3.33,3.2,3.83,3.17,2.17,3.67,2.33,2.83,3.12,3.06
R0803,Manufacturing,Medium: 50-249 employees,3-5 years,100-249,Semi-urban area,Mixed municipal waste,Yes,Facility management team,3,3,3,3,4,3,4,4,4,3,4,3,4,3,4,3,3,3,3,3,3,3,4,2,4,5,3,3,4,3,3,4,3,4,3,4,4,4,3,3,4,4,4,3,4,3,4,4,4,5,4,4,5,3,3,3,4,3,2,2,3,3,3.17,3.67,3.33,3.0,3.67,3.5,3.67,3.67,4.17,2.88,3.54
R0804,Retail,Large: 250 employees or more,3-5 years,250 or more,Industrial area,Paper and cardboard,Under development,Environmental or sustainability department,3,4,4,4,3,4,3,4,3,5,3,3,5,4,5,4,3,5,3,4,5,2,3,4,4,4,4,4,3,4,4,3,3,4,4,2,5,3,4,3,4,3,3,5,4,4,4,3,5,5,4,5,5,5,2,2,2,2,2,3,2,3,3.67,3.5,4.33,3.5,3.83,3.33,3.67,3.83,4.83,2.25,3.83
R0805,Healthcare,Large: 250 employees or more,11-20 years,250 or more,Semi-urban area,Mixed municipal waste,Yes,Environmental or sustainability department,3,4,5,5,4,4,4,4,4,4,5,4,4,4,3,4,4,3,5,5,4,4,4,5,2,2,4,4,2,2,4,4,2,4,3,4,3,4,2,2,3,3,4,4,3,4,4,3,5,5,4,4,4,5,3,2,2,2,3,1,2,3,4.17,4.17,3.67,4.5,2.67,3.5,2.83,3.67,4.5,2.25,3.74
R0806,Manufacturing,Micro: Fewer than 10 employees,3-5 years,Fewer than 10,Commercial area,Plastic waste,Under development,Operations department,3,3,4,4,4,4,5,4,5,4,4,4,4,5,5,4,5,4,4,4,4,4,4,5,3,5,4,5,3,5,3,3,3,3,2,3,3,4,4,4,3,4,4,4,5,4,4,5,4,4,4,3,4,3,2,3,1,1,2,1,2,2,3.67,4.33,4.5,4.17,4.17,2.83,3.67,4.33,3.67,1.75,3.93
R0807,Hospitality/Services,Micro: Fewer than 10 employees,6-10 years,10-49,Semi-urban area,Paper and cardboard,No,Facility management team,4,3,2,4,3,3,,5,5,5,4,5,2,4,3,2,2,1,3,3,4,3,3,4,3,4,3,4,4,3,3,3,2,4,3,3,2,4,3,3,3,3,3,2,3,,3,3,4,3,4,4,4,4,3,3,4,3,3,4,4,2,3.17,4.8,2.33,3.33,3.5,3.0,3.0,2.8,3.83,3.25,3.31
R0808,Retail,Large: 250 employees or more,Less than 3 years,250 or more,Urban area,Mixed municipal waste,No,External waste-management agency,4,4,4,4,4,4,4,4,4,4,4,4,4,4,4,4,4,4,4,4,4,4,4,4,4,4,4,4,4,4,4,4,4,4,,4,4,4,4,4,4,4,4,4,4,4,4,4,4,4,4,4,4,4,4,4,4,4,4,4,4,4,4.0,4.0,4.0,4.0,4.0,4.0,4.0,4.0,4.0,4.0,4.0
R0809,Manufacturing,Micro: Fewer than 10 employees,3-5 years,Fewer than 10,Industrial area,Mixed municipal waste,No,External waste-management agency,4,3,3,3,4,3,3,4,4,5,5,3,3,4,4,3,2,3,4,4,3,3,4,3,3,4,4,3,3,4,3,3,3,3,1,3,3,3,3,3,4,4,5,4,5,4,3,4,3,3,3,4,3,4,4,4,2,4,3,3,3,5,3.33,4.0,3.17,3.5,3.5,2.67,3.33,4.17,3.33,3.5,3.44
R0810,Healthcare,Medium: 50-249 employees,3-5 years,100-249,Commercial area,Paper and cardboard,Not sure,Operations department,4,4,4,4,3,4,3,3,3,2,3,4,4,4,5,4,5,3,3,4,3,4,3,2,3,2,2,3,3,2,3,5,5,4,3,4,4,4,4,3,4,4,4,3,3,3,5,5,2,3,2,3,3,3,5,5,3,4,5,4,4,3,3.83,3.0,4.17,3.17,2.5,4.0,3.83,3.83,2.67,4.12,3.44
R0811,Healthcare,Small: 10-49 employees,3-5 years,10-49,Industrial area,Food or organic waste,Not sure,External waste-management agency,3,4,3,2,2,4,4,4,4,3,4,4,2,4,2,3,2,3,3,5,4,4,2,3,3,3,2,2,3,3,4,4,4,3,4,3,4,3,2,3,3,5,3,4,3,3,4,4,2,3,3,3,3,3,2,2,3,3,3,2,2,2,3.0,3.83,2.67,3.5,2.67,3.67,3.33,3.5,2.83,2.38,3.22
R0812,Retail,Small: 10-49 employees,Less than 3 years,10-49,Commercial area,Plastic waste,No,Operations department,2,3,3,2,3,3,3,3,2,3,3,,3,3,1,3,3,2,4,3,3,3,3,2,3,2,4,2,3,3,4,4,3,4,4,3,3,4,3,3,4,3,3,3,3,3,3,3,3,3,3,3,4,3,4,4,5,3,5,4,5,3,2.67,2.8,2.5,3.0,2.83,3.67,3.33,3.0,3.17,4.12,3.0
R0813,Hospitality/Services,Small: 10-49 employees,6-10 years,10-49,Urban area,Plastic waste,Not sure,External waste-management agency,5,4,5,5,4,5,3,3,3,4,3,3,,2,3,4,4,4,4,4,3,4,4,3,3,3,3,2,3,3,3,3,3,3,5,4,3,3,4,2,4,3,3,5,3,3,3,3,3,4,2,2,4,2,3,2,3,2,2,3,2,4,4.67,3.17,3.4,3.67,2.83,3.5,3.17,3.33,2.83,2.62,3.4
R0814,Hospitality/Services,Medium: 50-249 employees,3-5 years,50-99,Urban area,Mixed municipal waste,No,Facility management team,2,3,2,2,2,3,2,3,3,5,3,3,3,4,2,2,4,4,2,4,2,3,2,3,4,4,4,5,3,3,3,3,3,3,3,3,2,2,3,3,3,3,3,4,4,2,3,2,3,4,,5,3,3,4,4,4,3,4,5,4,3,2.33,3.17,3.17,2.67,3.83,3.0,2.67,3.0,3.6,3.88,3.05
R0815,Manufacturing,Small: 10-49 employees,Less than 3 years,10-49,Commercial area,Mixed municipal waste,Not sure,Operations department,3,4,4,3,2,3,3,3,2,4,2,3,2,4,,3,4,3,3,4,3,3,2,2,3,2,2,4,3,4,4,4,4,3,3,3,3,4,2,4,5,4,3,3,2,3,3,3,3,3,4,3,4,4,4,5,3,4,4,4,4,3,3.17,2.83,3.2,2.83,3.0,3.5,3.67,2.83,3.5,3.88,3.17
R0816,Manufacturing,Small: 10-49 employees,11-20 years,10-49,Commercial area,Mixed municipal waste,Not sure,Facility management team,3,3,3,3,3,4,4,4,4,3,4,2,3,3,,4,2,3,2,3,2,1,3,3,3,4,4,4,3,2,4,4,4,3,4,4,3,2,3,4,4,2,5,4,4,5,5,3,3,3,2,3,5,4,2,2,4,3,2,2,1,2,3.17,3.5,3.0,2.33,3.33,3.83,3.0,4.33,3.33,2.25,3.31
R0817,Retail,Micro: Fewer than 10 employees,6-10 years,Fewer than 10,Urban area,Mixed municipal waste,No,External waste-management agency,2,2,2,1,3,3,3,3,4,3,4,5,4,3,,4,3,3,3,3,4,4,4,3,4,4,3,4,3,2,4,4,4,3,3,3,2,2,3,2,3,2,5,3,4,4,4,5,3,4,5,5,4,4,3,2,2,1,2,2,2,3,2.17,3.67,3.4,3.5,3.33,3.5,2.33,4.17,4.17,2.12,3.36
R0818,Healthcare,Medium: 50-249 employees,3-5 years,10-49,Urban area,Paper and cardboard,Under development,Operations department,2,4,3,4,3,4,3,3,2,2,2,3,3,3,5,3,4,3,2,3,3,3,3,3,4,5,4,4,5,3,5,4,4,3,4,4,5,3,3,3,3,3,3,2,3,3,3,3,4,4,3,4,4,4,4,3,3,4,2,2,1,3,3.33,2.5,3.5,2.83,4.17,4.0,3.33,2.83,3.83,2.75,3.37
R0819,Healthcare,Micro: Fewer than 10 employees,6-10 years,Fewer than 10,Urban area,Paper and cardboard,Yes,Operations department,3,3,3,3,3,3,3,4,3,3,3,4,5,4,5,3,3,5,4,3,3,3,3,3,3,3,,,3,3,3,3,4,3,3,4,3,2,4,2,2,2,2,3,2,1,1,3,4,3,4,4,5,5,2,2,1,3,3,2,2,2,3.0,3.33,4.17,3.17,3.0,3.33,2.5,2.0,4.17,2.12,3.19
R0820,Manufacturing,Small: 10-49 employees,Less than 3 years,10-49,Semi-urban area,Paper and cardboard,No,Operations department,3,4,4,3,3,1,3,2,2,2,2,3,3,5,2,3,3,3,3,2,4,4,4,3,3,3,1,1,3,3,3,4,3,3,3,3,3,2,3,4,3,3,3,3,3,2,3,3,3,4,3,3,3,3,4,4,3,2,3,4,3,3,3.0,2.33,3.17,3.33,2.33,3.17,3.0,2.83,3.17,3.25,2.93
R0821,Hospitality/Services,Large: 250 employees or more,3-5 years,100-249,Urban area,Mixed municipal waste,No,Operations department,3,3,3,3,3,3,4,3,4,4,3,3,4,5,4,4,4,5,3,3,2,2,2,2,4,2,4,5,4,3,3,3,3,3,4,3,3,3,3,4,2,,4,4,5,4,5,5,2,2,3,3,5,4,3,2,3,4,4,3,4,3,3.0,3.5,4.33,2.33,3.67,3.17,3.0,4.5,3.17,3.25,3.41
R0822,Retail,Large: 250 employees or more,6-10 years,250 or more,Industrial area,Paper and cardboard,Yes,Facility management team,5,4,3,4,5,4,5,4,5,4,3,5,3,4,5,4,4,5,5,3,3,4,5,5,3,4,3,4,2,2,4,4,4,5,3,3,4,5,4,4,5,5,5,4,4,5,5,5,2,2,3,2,4,3,1,3,3,3,3,1,3,3,4.17,4.33,4.17,4.17,3.0,3.83,4.5,4.67,2.67,2.5,3.95
R0823,Information Technology,Small: 10-49 employees,Less than 3 years,10-49,Urban area,Food or organic waste,No,External waste-management agency,4,2,3,4,3,3,2,2,4,3,2,2,3,2,,3,4,3,3,2,4,5,4,3,4,4,4,3,5,3,,2,4,3,3,2,4,3,3,4,4,3,2,5,3,2,2,2,3,4,3,4,2,3,4,5,4,4,5,5,5,5,3.17,2.5,3.0,3.5,3.83,2.8,3.5,2.67,3.17,4.62,3.13
R0824,Information Technology,Micro: Fewer than 10 employees,Less than 3 years,Fewer than 10,Urban area,Paper and cardboard,No,External waste-management agency,2,3,2,2,2,3,2,2,2,3,2,2,1,2,2,1,1,2,1,2,2,2,2,1,1,4,2,3,2,2,2,3,1,4,3,2,2,2,2,3,2,3,2,3,3,2,3,3,2,2,3,3,2,2,3,3,4,3,3,4,3,3,2.33,2.17,1.5,1.67,2.33,2.5,2.33,2.67,2.33,3.25,2.2
R0825,Manufacturing,Micro: Fewer than 10 employees,Less than 3 years,Fewer than 10,Industrial area,Paper and cardboard,No,External waste-management agency,3,2,3,2,3,4,3,2,2,3,2,2,2,2,1,1,1,2,2,3,3,2,3,3,3,3,3,4,3,3,4,4,3,3,4,2,4,3,3,3,2,2,3,2,2,3,3,3,3,2,2,2,2,2,5,4,3,2,4,3,4,4,2.83,2.33,1.5,2.67,3.17,3.33,2.83,2.67,2.17,3.62,2.61
R0826,Manufacturing,Micro: Fewer than 10 employees,3-5 years,Fewer than 10,Industrial area,Mixed municipal waste,No,Operations department,4,4,3,3,4,3,5,5,5,4,4,3,4,4,3,3,4,3,3,3,3,4,2,3,5,3,3,3,3,3,4,4,3,3,4,4,5,3,4,4,4,4,3,3,4,5,4,4,4,4,4,4,3,3,4,3,2,3,4,3,3,4,3.5,4.33,3.5,3.0,3.33,3.67,4.0,3.83,3.67,3.25,3.65
R0827,Manufacturing,Large: 250 employees or more,3-5 years,250 or more,Urban area,Mixed municipal waste,Not sure,Operations department,3,3,2,3,2,1,5,4,4,5,4,4,3,4,3,3,3,4,4,3,3,4,4,4,5,5,4,3,4,4,3,3,4,5,4,2,4,4,3,4,3,3,4,3,5,3,3,4,4,4,3,4,3,4,2,2,4,2,4,3,2,4,2.33,4.33,3.33,3.67,4.17,3.5,3.5,3.67,3.67,2.88,3.57
R0828,Hospitality/Services,Micro: Fewer than 10 employees,11-20 years,Fewer than 10,Commercial area,Plastic waste,Not sure,External waste-management agency,3,4,5,3,5,3,2,3,3,2,2,3,3,3,3,4,4,3,3,3,3,3,3,3,2,3,3,4,3,3,2,4,3,2,4,3,3,4,2,3,4,4,4,4,4,4,3,4,5,4,4,4,3,4,4,2,4,3,4,3,2,3,3.83,2.5,3.33,3.0,3.0,3.0,3.33,3.83,4.0,3.12,3.31
R0829,Retail,Medium: 50-249 employees,6-10 years,10-49,Commercial area,Food or organic waste,Yes,Facility management team,5,5,4,4,4,5,4,4,4,4,5,5,5,5,4,3,4,4,3,4,3,3,5,4,,4,4,3,3,4,4,5,4,5,5,4,3,4,4,3,3,4,4,5,4,5,4,5,5,5,4,5,4,4,2,1,2,1,1,1,1,2,4.5,4.33,4.17,3.67,3.6,4.5,3.5,4.5,4.5,1.38,4.14
R0830,Information Technology,Micro: Fewer than 10 employees,Less than 3 years,Fewer than 10,Urban area,Paper and cardboard,No,External waste-management agency,3,3,3,4,4,4,2,1,2,2,2,2,2,2,2,1,2,2,3,4,2,3,3,3,3,2,1,2,2,1,4,4,3,2,2,3,2,1,3,2,3,2,2,3,3,3,3,3,3,3,3,3,3,3,2,4,4,4,4,3,3,3,3.5,1.83,1.83,3.0,1.83,3.0,2.17,2.83,3.0,3.38,2.55
R0831,Retail,Small: 10-49 employees,Less than 3 years,10-49,Commercial area,Mixed municipal waste,Not sure,Environmental or sustainability department,5,5,,5,4,3,3,4,2,4,3,3,3,3,4,5,3,3,4,4,3,4,3,3,5,4,3,3,3,4,5,4,4,3,4,4,3,2,4,4,3,3,3,3,4,4,4,3,2,3,2,2,4,3,3,2,2,3,3,4,,3,4.4,3.17,3.5,3.5,3.67,4.0,3.17,3.5,2.67,2.86,3.51
R0832,Retail,Small: 10-49 employees,11-20 years,10-49,Urban area,Mixed municipal waste,Yes,Environmental or sustainability department,4,5,5,3,4,4,3,3,3,4,3,3,4,3,4,4,4,4,5,5,5,4,3,4,5,5,5,5,4,4,1,4,4,4,3,4,5,4,4,5,5,4,5,3,5,4,4,4,3,3,3,3,4,3,2,2,4,3,2,3,3,4,4.17,3.17,3.83,4.33,4.67,3.33,4.5,4.17,3.17,2.88,3.93
R0833,Hospitality/Services,Small: 10-49 employees,6-10 years,Fewer than 10,Commercial area,Food or organic waste,No,Operations department,3,3,4,4,3,2,1,1,2,2,2,2,3,3,3,3,3,3,4,3,4,3,4,3,5,3,3,3,2,3,3,3,4,,3,3,5,4,3,4,3,3,3,2,2,4,3,3,3,,4,4,3,3,2,3,3,2,2,3,3,3,3.17,1.67,3.0,3.5,3.17,3.2,3.67,2.83,3.4,2.62,3.07
R0834,Retail,Micro: Fewer than 10 employees,Less than 3 years,10-49,Urban area,Paper and cardboard,Under development,External waste-management agency,4,4,4,4,3,4,4,3,4,3,3,3,3,4,3,4,3,4,4,4,4,3,4,2,3,3,3,2,5,3,3,2,2,3,3,2,4,3,5,3,4,4,4,4,4,3,3,3,3,2,3,3,3,2,4,3,4,3,4,4,3,4,3.83,3.33,3.5,3.5,3.17,2.5,3.83,3.5,2.67,3.62,3.31
R0835,Information Technology,Micro: Fewer than 10 employees,6-10 years,Fewer than 10,Commercial area,Plastic waste,Not sure,External waste-management agency,3,2,3,3,1,3,3,3,4,5,4,4,4,4,4,4,3,4,4,4,,4,4,4,4,3,4,4,3,4,2,2,3,2,3,2,2,2,3,4,2,4,3,3,3,4,3,3,3,4,3,3,3,3,2,3,3,2,3,3,3,4,2.5,3.83,3.83,4.0,3.67,2.33,2.83,3.17,3.17,2.88,3.26
R0836,Retail,Micro: Fewer than 10 employees,6-10 years,Fewer than 10,Commercial area,Plastic waste,No,External waste-management agency,3,3,2,2,3,4,3,3,3,2,1,2,4,2,5,4,3,4,3,3,5,3,4,3,2,2,3,4,4,3,3,3,4,2,3,5,2,2,2,2,3,2,3,2,3,5,3,,4,3,3,2,4,4,3,3,4,3,3,4,4,4,2.83,2.33,3.67,3.5,3.0,3.33,2.17,3.2,3.33,3.5,3.04
R0837,Manufacturing,Medium: 50-249 employees,3-5 years,50-99,Commercial area,Mixed municipal waste,Under development,Facility management team,2,3,,4,3,3,4,3,3,5,3,3,4,4,4,4,5,3,2,1,1,1,2,1,4,3,3,,4,5,3,5,4,3,4,4,3,4,3,2,3,3,2,3,3,2,2,2,3,2,3,3,2,2,4,3,3,2,4,3,3,3,3.0,3.5,4.0,1.33,3.8,3.83,3.0,2.33,2.5,3.12,3.03
R0838,Manufacturing,Medium: 50-249 employees,11-20 years,50-99,Urban area,Plastic waste,Under development,Environmental or sustainability department,4,4,4,4,4,5,5,5,4,4,4,3,4,4,5,4,5,5,5,4,3,4,5,5,3,4,5,3,4,3,4,3,,4,4,5,4,3,3,2,3,2,3,4,4,3,4,3,3,4,2,3,3,3,2,2,3,3,2,2,2,2,4.17,4.17,4.5,4.33,3.67,4.0,2.83,3.5,3.0,2.25,3.8
R0839,Manufacturing,Large: 250 employees or more,11-20 years,250 or more,Industrial area,Mixed municipal waste,Yes,Environmental or sustainability department,2,2,2,2,2,2,2,2,2,2,2,2,2,2,2,2,2,2,2,2,2,2,2,2,2,2,2,2,2,2,2,2,2,2,2,2,2,2,2,2,2,2,2,2,2,2,2,2,2,2,2,2,2,2,2,2,2,2,2,2,2,2,2.0,2.0,2.0,2.0,2.0,2.0,2.0,2.0,2.0,2.0,2.0
R0840,Information Technology,Medium: 50-249 employees,6-10 years,50-99,Semi-urban area,Paper and cardboard,Not sure,External waste-management agency,3,4,4,4,4,3,4,4,5,4,4,5,4,3,5,3,4,3,3,4,3,3,3,3,3,2,3,3,3,4,3,3,4,4,4,4,3,3,2,3,4,2,4,5,5,5,5,4,5,4,5,3,5,4,3,4,3,5,2,3,4,4,3.67,4.33,3.67,3.17,3.0,3.67,2.83,4.67,4.33,3.5,3.7
R0841,Retail,Large: 250 employees or more,11-20 years,250 or more,Urban area,Paper and cardboard,Yes,Environmental or sustainability department,5,3,5,4,5,4,5,4,5,5,4,4,4,4,4,4,4,4,4,4,4,4,4,3,3,3,4,3,4,4,4,5,4,4,4,3,5,4,4,3,3,4,5,4,5,4,4,4,5,4,3,3,4,3,3,3,2,3,4,5,4,2,4.33,4.5,4.0,3.83,3.5,4.0,3.83,4.33,3.67,3.25,4.0
R0842,Retail,Small: 10-49 employees,3-5 years,10-49,Commercial area,Paper and cardboard,Not sure,Operations department,4,3,4,5,4,4,5,5,5,4,5,5,3,3,3,4,3,3,4,3,3,4,2,3,4,3,3,4,3,4,3,3,5,3,4,2,4,4,3,2,4,4,4,5,5,4,4,5,3,2,2,2,4,2,3,3,2,3,4,3,2,2,4.0,4.83,3.17,3.17,3.5,3.33,3.5,4.5,2.5,2.75,3.61
R0843,Manufacturing,Large: 250 employees or more,11-20 years,100-249,Industrial area,Mixed municipal waste,Yes,Operations department,3,2,3,3,3,3,3,3,4,4,3,3,5,4,4,4,4,4,,3,4,4,3,3,4,4,5,2,4,5,5,5,5,4,4,5,4,4,4,4,3,4,5,3,4,5,5,4,4,5,4,5,4,4,3,2,3,4,3,4,4,4,2.83,3.33,4.17,3.4,4.0,4.67,3.83,4.33,4.33,3.38,3.88
R0844,Healthcare,Medium: 50-249 employees,11-20 years,50-99,Urban area,Paper and cardboard,Not sure,Facility management team,4,3,3,4,4,3,3,4,4,3,4,3,3,3,3,3,2,3,3,3,4,2,3,3,3,3,4,3,3,2,4,5,5,4,4,5,4,3,,3,3,3,3,3,4,4,4,2,3,4,4,3,4,3,,2,3,3,3,3,3,3,3.5,3.5,2.83,3.0,3.0,4.5,3.2,3.33,3.5,2.86,3.37
R0845,Information Technology,Small: 10-49 employees,6-10 years,10-49,Urban area,Plastic waste,Under development,Operations department,3,3,4,3,3,3,5,5,5,4,3,4,4,4,3,5,5,5,3,3,3,3,3,3,3,3,4,3,4,4,4,4,3,3,3,3,4,3,3,4,2,4,3,4,4,3,4,3,4,3,4,3,4,3,3,3,3,4,3,3,3,2,3.17,4.33,4.33,3.0,3.5,3.33,3.33,3.5,3.5,3.0,3.55
R0846,Healthcare,Medium: 50-249 employees,11-20 years,50-99,Commercial area,Mixed municipal waste,Not sure,Facility management team,4,5,4,5,4,3,3,3,2,2,3,3,3,4,4,3,4,2,,3,3,4,3,4,3,5,5,3,3,3,4,3,3,3,3,3,4,4,4,5,4,3,4,3,4,3,4,3,2,2,2,3,3,2,3,3,4,3,4,4,3,1,4.17,2.67,3.33,3.4,3.67,3.17,4.0,3.5,2.33,3.12,3.36
R0847,Hospitality/Services,Large: 250 employees or more,11-20 years,100-249,Urban area,Mixed municipal waste,Yes,Environmental or sustainability department,5,5,5,5,5,5,2,3,1,3,2,3,5,5,4,4,5,4,5,4,5,4,5,5,4,5,5,4,5,5,5,5,4,4,5,4,3,3,4,3,3,5,5,4,5,4,5,5,5,5,5,5,4,5,1,2,2,4,2,2,2,3,5.0,2.33,4.5,4.67,4.67,4.5,3.5,4.67,4.83,2.25,4.3
R0848,Manufacturing,Small: 10-49 employees,11-20 years,10-49,Commercial area,Mixed municipal waste,Yes,Facility management team,4,3,4,3,3,3,2,3,3,3,4,3,4,4,4,4,2,4,4,4,5,4,2,4,3,4,4,4,4,4,3,4,3,4,4,2,4,2,3,4,4,2,2,3,5,3,3,3,3,3,4,4,2,3,4,2,2,3,2,3,2,2,3.33,3.0,3.67,3.83,3.83,3.33,3.17,3.17,3.17,2.5,3.39
R0849,Manufacturing,Medium: 50-249 employees,3-5 years,100-249,Industrial area,Food or organic waste,No,External waste-management agency,4,5,4,4,3,4,4,4,3,2,3,2,3,3,3,2,3,3,3,3,4,3,3,3,3,2,3,3,3,2,4,4,2,4,3,4,3,4,3,3,3,4,4,4,3,4,3,3,3,3,4,4,4,3,3,4,4,2,3,4,3,2,4.0,3.0,2.83,3.17,2.67,3.5,3.33,3.5,3.5,3.12,3.28
R0850,Retail,Large: 250 employees or more,11-20 years,100-249,Semi-urban area,Mixed municipal waste,Yes,Facility management team,3,5,4,4,4,4,5,3,4,3,4,4,2,4,3,3,4,3,4,3,3,3,5,2,4,4,4,4,5,3,3,4,4,3,3,3,3,3,3,4,4,3,5,4,4,4,4,4,4,4,2,3,5,3,1,4,2,3,3,2,3,3,4.0,3.83,3.17,3.33,4.0,3.33,3.33,4.17,3.5,2.62,3.63
R0851,Manufacturing,Medium: 50-249 employees,6-10 years,100-249,Industrial area,Paper and cardboard,Not sure,External waste-management agency,3,2,2,2,2,2,3,3,3,3,3,3,2,,3,2,3,4,4,3,4,3,4,4,3,3,4,3,4,4,4,3,3,1,2,2,3,4,3,5,5,5,2,,3,2,3,3,3,3,3,4,2,3,3,3,3,3,3,2,1,3,2.17,3.0,2.8,3.67,3.5,2.5,4.17,2.6,3.0,2.62,3.05
R0852,Healthcare,Small: 10-49 employees,3-5 years,10-49,Urban area,Paper and cardboard,No,Operations department,3,4,3,3,4,3,3,4,3,4,4,3,3,4,3,2,2,4,3,3,2,3,4,4,2,2,3,4,1,4,4,3,3,5,4,2,2,3,3,3,4,2,3,4,4,3,2,3,3,4,4,4,3,4,5,5,4,3,5,3,4,5,3.33,3.5,3.0,3.17,2.67,3.5,2.83,3.17,3.67,4.25,3.2
R0853,Information Technology,Medium: 50-249 employees,6-10 years,50-99,Commercial area,Food or organic waste,Under development,Environmental or sustainability department,5,5,4,5,3,5,4,4,4,2,2,4,2,,3,3,3,4,4,4,3,5,4,5,5,4,5,5,5,5,3,4,3,4,4,3,4,5,5,5,4,4,4,3,3,4,3,4,5,4,4,4,5,4,2,1,2,2,2,2,3,3,4.5,3.33,3.0,4.17,4.83,3.5,4.5,3.5,4.33,2.12,3.96
R0854,Manufacturing,Medium: 50-249 employees,6-10 years,50-99,Semi-urban area,Food or organic waste,Not sure,External waste-management agency,5,2,2,4,3,4,3,3,4,3,4,3,4,4,4,4,4,4,2,4,4,3,4,3,3,4,3,2,3,3,4,4,3,3,3,5,3,3,3,4,,4,3,4,4,4,4,4,3,2,4,3,3,2,4,3,4,2,3,3,3,5,3.33,3.33,4.0,3.33,3.0,3.67,3.4,3.83,2.83,3.38,3.41
R0855,Hospitality/Services,Large: 250 employees or more,6-10 years,250 or more,Semi-urban area,Mixed municipal waste,Under development,Operations department,3,3,4,4,3,3,4,3,3,3,4,4,4,3,3,3,3,4,3,4,5,4,4,3,4,2,3,2,3,3,3,3,2,3,3,3,4,4,5,4,4,4,5,3,5,4,4,4,4,3,4,4,5,3,4,2,4,4,4,5,4,4,3.33,3.5,3.33,3.83,2.83,2.83,4.17,4.17,3.83,3.88,3.54
R0856,Manufacturing,Large: 250 employees or more,3-5 years,100-249,Industrial area,Food or organic waste,Yes,External waste-management agency,2,1,3,3,4,2,3,3,2,4,3,2,2,3,3,2,2,3,5,4,4,4,5,5,3,5,4,3,3,3,3,3,4,4,4,3,3,3,3,3,4,4,2,3,4,2,2,3,2,3,3,2,3,3,2,3,2,3,3,3,3,3,2.5,2.83,2.5,4.5,3.5,3.5,3.33,2.67,2.67,2.75,3.11
R0857,Healthcare,Medium: 50-249 employees,11-20 years,50-99,Commercial area,Mixed municipal waste,Not sure,Operations department,3,3,2,,4,3,3,4,3,3,4,4,,3,4,3,3,3,5,4,4,5,4,3,3,3,4,4,4,5,3,3,4,3,3,3,5,4,4,3,4,4,3,4,3,4,3,3,2,3,2,3,1,2,3,3,2,2,3,3,2,2,3.0,3.5,3.2,4.17,3.83,3.17,4.0,3.33,2.17,2.5,3.37
R0858,Retail,Large: 250 employees or more,Less than 3 years,250 or more,Urban area,Mixed municipal waste,Under development,Facility management team,3,3,4,3,3,3,4,5,5,4,5,5,3,3,3,4,4,3,3,2,4,3,3,4,4,,4,4,3,4,3,4,4,4,4,4,2,3,2,2,3,2,3,2,2,3,4,4,2,4,1,1,3,3,2,2,2,1,2,1,2,3,3.17,4.67,3.33,3.17,3.8,3.83,2.33,3.0,2.33,1.88,3.29
R0859,Healthcare,Micro: Fewer than 10 employees,3-5 years,Fewer than 10,Industrial area,Mixed municipal waste,No,External waste-management agency,3,2,2,1,3,3,2,3,2,2,2,2,2,2,2,2,2,2,3,3,4,2,3,3,2,3,2,2,2,3,2,2,2,2,2,3,3,3,3,3,,2,3,3,3,1,2,3,3,2,2,4,4,4,2,3,,4,4,3,4,4,2.33,2.17,2.0,3.0,2.33,2.17,2.8,2.5,3.17,3.43,2.5
R0860,Manufacturing,Large: 250 employees or more,3-5 years,100-249,Industrial area,Plastic waste,Under development,Environmental or sustainability department,3,5,3,3,2,4,3,3,4,2,3,4,4,3,4,5,5,4,4,5,3,3,4,3,5,4,4,4,4,3,4,3,3,4,4,4,,3,4,3,3,4,4,4,4,4,4,4,4,3,3,4,4,5,2,3,3,3,2,2,4,2,3.33,3.17,4.17,3.67,4.0,3.67,3.4,4.0,3.83,2.62,3.69
R0861,Hospitality/Services,Small: 10-49 employees,3-5 years,10-49,Urban area,Food or organic waste,No,Operations department,3,5,3,5,5,4,2,1,3,3,2,2,4,2,4,3,4,4,1,3,3,3,1,3,2,3,3,4,3,2,4,3,4,5,3,2,4,3,3,4,2,4,4,4,,4,3,3,3,3,3,2,4,4,3,3,4,4,3,5,4,5,4.17,2.17,3.5,2.33,2.83,3.5,3.33,3.6,3.17,3.88,3.18
R0862,Hospitality/Services,Small: 10-49 employees,11-20 years,10-49,Urban area,Plastic waste,No,Operations department,2,2,3,4,2,4,1,2,2,2,3,2,2,3,2,3,2,3,3,2,3,2,3,3,,4,3,4,3,3,3,2,4,3,2,3,3,3,4,4,4,4,2,1,3,2,2,2,4,2,3,2,3,2,3,2,3,3,2,2,1,4,2.83,2.0,2.5,2.67,3.4,2.83,3.67,2.0,2.67,2.5,2.73
R0863,Retail,Small: 10-49 employees,Less than 3 years,10-49,Semi-urban area,Food or organic waste,Under development,External waste-management agency,3,3,5,4,5,4,5,3,4,5,4,3,2,5,4,3,3,3,4,4,3,3,4,3,3,3,3,2,3,3,3,3,5,4,3,3,3,4,4,4,4,4,3,4,3,3,2,3,4,4,2,4,4,2,4,3,2,3,3,3,2,3,4.0,4.0,3.33,3.5,2.83,3.5,3.83,3.0,3.33,2.88,3.48
R0864,Retail,Medium: 50-249 employees,3-5 years,10-49,Commercial area,Paper and cardboard,Not sure,Environmental or sustainability department,4,5,4,3,4,5,5,5,4,5,5,5,4,4,3,3,4,3,,3,4,3,5,4,4,4,3,4,3,3,4,3,3,2,3,4,3,3,3,3,4,3,4,,4,4,5,3,3,3,4,2,3,3,3,2,2,1,3,4,3,3,4.17,4.83,3.5,3.8,3.5,3.17,3.17,4.0,3.0,2.62,3.68
R0865,Healthcare,Large: 250 employees or more,3-5 years,250 or more,Semi-urban area,Paper and cardboard,No,Environmental or sustainability department,3,2,3,3,3,4,2,2,4,4,2,2,3,3,2,4,4,3,4,3,3,4,2,4,4,4,3,4,4,4,3,3,3,3,3,4,4,4,4,4,4,3,4,3,4,3,3,3,4,4,3,4,2,4,3,2,3,2,2,3,3,3,3.0,2.67,3.17,3.33,3.83,3.17,3.83,3.33,3.5,2.62,3.31
R0866,Healthcare,Medium: 50-249 employees,3-5 years,50-99,Semi-urban area,Mixed municipal waste,Yes,Environmental or sustainability department,5,4,3,3,4,4,5,4,4,4,5,4,5,4,4,4,4,4,4,4,4,5,3,4,3,4,3,4,4,4,3,3,4,3,5,3,3,4,3,4,4,5,4,4,5,3,3,3,3,3,3,5,3,3,3,1,2,3,4,3,3,2,3.83,4.33,4.17,4.0,3.67,3.5,3.83,3.67,3.33,2.62,3.81
R0867,Healthcare,Micro: Fewer than 10 employees,3-5 years,Fewer than 10,Urban area,Paper and cardboard,No,External waste-management agency,2,5,4,4,4,4,3,2,3,3,3,4,3,4,4,4,3,3,3,3,3,3,3,3,3,3,3,4,2,2,3,2,2,3,3,3,2,3,2,4,3,3,2,3,2,4,2,3,3,2,2,2,3,2,2,4,2,2,4,3,3,,3.83,3.0,3.5,3.0,2.83,2.67,2.83,2.67,2.33,2.86,2.96
R0868,Healthcare,Small: 10-49 employees,3-5 years,10-49,Urban area,Paper and cardboard,Not sure,External waste-management agency,3,3,3,2,3,3,3,2,4,3,4,3,3,3,3,4,3,3,3,3,3,2,3,4,2,3,2,3,2,3,4,2,4,4,3,4,4,4,3,2,4,4,3,4,3,3,3,4,4,3,3,2,3,3,2,4,4,4,4,4,4,4,2.83,3.17,3.17,3.0,2.5,3.5,3.5,3.33,3.0,3.75,3.11
R0869,Information Technology,Micro: Fewer than 10 employees,6-10 years,Fewer than 10,Urban area,Mixed municipal waste,Under development,External waste-management agency,3,4,2,3,3,4,3,5,4,5,4,4,4,3,3,4,3,3,3,3,3,2,3,3,4,2,4,3,3,2,4,4,4,3,3,3,4,3,5,4,4,4,4,4,4,4,4,3,5,5,4,4,3,4,2,4,3,3,4,4,4,4,3.17,4.17,3.33,2.83,3.0,3.5,4.0,3.83,4.17,3.5,3.56
R0870,Healthcare,Large: 250 employees or more,Less than 3 years,250 or more,Urban area,Mixed municipal waste,No,External waste-management agency,4,5,4,5,4,5,3,3,3,3,3,3,4,,4,5,3,4,3,3,2,4,4,3,4,4,4,4,4,4,4,4,4,3,3,4,4,3,4,,4,3,4,3,4,3,4,5,3,4,4,3,4,3,3,4,4,3,3,3,2,3,4.5,3.0,4.0,3.17,4.0,3.67,3.6,3.83,3.5,3.12,3.7
R0871,Manufacturing,Small: 10-49 employees,Less than 3 years,10-49,Industrial area,Paper and cardboard,Yes,Operations department,3,2,3,4,3,2,4,5,3,4,4,3,3,4,3,3,4,2,3,4,2,3,3,2,4,3,4,,3,3,4,3,4,4,4,5,5,3,3,5,4,3,3,3,3,4,3,4,5,4,3,3,4,4,3,3,2,2,2,2,3,3,2.83,3.83,3.17,2.83,3.4,4.0,3.83,3.33,3.83,2.5,3.45
R0872,Hospitality/Services,Micro: Fewer than 10 employees,Less than 3 years,Fewer than 10,Semi-urban area,Mixed municipal waste,No,Operations department,4,3,3,2,3,3,2,4,2,2,3,2,4,3,3,4,3,3,3,2,4,3,4,3,2,3,3,3,4,3,3,3,3,2,3,2,3,4,3,3,3,3,2,3,2,3,3,3,3,4,4,3,5,3,3,2,3,3,2,3,3,3,3.0,2.5,3.33,3.17,3.0,2.67,3.17,2.67,3.67,2.75,3.02
R0873,Manufacturing,Micro: Fewer than 10 employees,Less than 3 years,Fewer than 10,Industrial area,Mixed municipal waste,Under development,Facility management team,4,3,3,3,4,5,3,3,3,3,4,3,5,5,5,4,5,4,3,3,4,4,4,4,3,5,4,3,4,3,5,4,3,2,2,4,3,3,4,4,4,4,4,3,3,4,3,3,5,5,4,5,3,5,4,2,2,,4,2,3,2,3.67,3.17,4.67,3.67,3.67,3.33,3.67,3.33,4.5,2.71,3.74
R0874,Manufacturing,Small: 10-49 employees,11-20 years,10-49,Urban area,Paper and cardboard,Not sure,External waste-management agency,3,4,3,4,4,4,3,2,3,3,4,4,3,4,3,4,4,4,2,3,2,,3,2,4,5,3,4,4,4,3,4,4,4,3,4,3,3,4,2,3,3,3,3,3,2,2,1,3,4,3,3,3,4,2,3,3,2,2,3,3,3,3.67,3.17,3.67,2.4,4.0,3.67,3.0,2.33,3.33,2.62,3.25
R0875,Hospitality/Services,Micro: Fewer than 10 employees,Less than 3 years,Fewer than 10,Commercial area,Plastic waste,No,External waste-management agency,4,2,2,2,3,3,1,1,2,2,3,2,4,3,4,2,3,2,1,1,,1,,2,2,1,2,3,2,4,2,2,3,2,3,3,4,3,3,3,2,3,3,3,4,3,2,3,4,4,4,4,4,4,3,2,3,2,4,4,4,3,2.67,1.83,3.0,1.25,2.33,2.5,3.0,3.0,4.0,3.12,2.62
R0876,Manufacturing,Small: 10-49 employees,Less than 3 years,10-49,Semi-urban area,Plastic waste,No,External waste-management agency,3,3,3,2,2,2,4,5,4,3,3,3,3,2,4,2,2,2,2,2,2,3,3,3,3,2,1,2,3,3,3,3,3,3,2,2,1,1,1,3,3,2,2,3,2,2,2,2,3,3,1,2,3,3,5,5,4,4,5,4,5,5,2.5,3.67,2.5,2.5,2.33,2.67,1.83,2.17,2.5,4.62,2.52
R0877,Manufacturing,Large: 250 employees or more,6-10 years,250 or more,Commercial area,Food or organic waste,Yes,Operations department,4,4,4,4,4,3,4,4,4,4,3,3,4,3,3,2,3,3,3,4,3,4,4,4,5,4,5,3,3,5,3,3,2,3,2,3,2,3,2,3,2,2,4,3,5,3,5,4,4,5,3,3,3,4,3,3,3,2,3,3,4,3,3.83,3.67,3.0,3.67,4.17,2.67,2.33,4.0,3.67,3.0,3.45
R0878,Healthcare,Small: 10-49 employees,3-5 years,10-49,Urban area,Food or organic waste,Not sure,Operations department,3,3,3,5,2,4,3,3,4,4,3,4,4,4,5,4,3,4,3,2,3,3,3,4,3,4,4,2,3,4,3,4,4,3,4,3,3,3,3,3,3,3,3,2,2,3,3,3,3,3,3,3,4,3,3,3,4,3,4,3,2,4,3.33,3.5,4.0,3.0,3.33,3.5,3.0,2.67,3.17,3.25,3.28
R0879,Information Technology,Micro: Fewer than 10 employees,Less than 3 years,Fewer than 10,Commercial area,Paper and cardboard,Under development,Operations department,4,3,3,3,3,4,4,3,2,3,3,5,3,3,3,3,3,3,3,4,2,3,4,3,4,4,4,3,3,4,4,3,4,5,3,2,2,4,4,2,3,2,5,4,3,3,3,3,2,2,2,4,3,3,3,3,4,2,3,4,3,5,3.33,3.33,3.0,3.17,3.67,3.5,2.83,3.5,2.67,3.38,3.22
R0880,Manufacturing,Large: 250 employees or more,11-20 years,100-249,Semi-urban area,Mixed municipal waste,Not sure,Operations department,3,3,2,3,4,3,3,4,2,3,3,3,4,3,4,4,4,4,3,2,3,4,3,4,3,3,4,4,4,3,3,4,5,4,3,4,2,3,4,3,3,2,3,3,3,4,3,3,4,5,4,4,2,4,3,3,3,3,3,4,4,3,3.0,3.0,3.83,3.17,3.5,3.83,2.83,3.17,3.83,3.25,3.35
R0881,Retail,Small: 10-49 employees,3-5 years,10-49,Commercial area,Paper and cardboard,Yes,Operations department,,4,4,4,5,4,5,4,3,4,4,5,3,3,2,4,3,3,3,5,3,3,4,5,3,3,3,2,3,3,3,2,2,3,3,3,4,3,3,4,3,3,4,3,3,3,4,4,3,3,3,4,4,4,1,3,3,3,3,3,3,3,4.2,4.17,3.0,3.83,2.83,2.67,3.33,3.5,3.5,2.75,3.45
R0882,Manufacturing,Large: 250 employees or more,6-10 years,250 or more,Industrial area,Food or organic waste,No,Environmental or sustainability department,5,4,4,3,3,4,3,4,4,5,4,4,3,3,3,3,3,4,4,4,4,4,3,4,5,4,5,4,4,4,3,3,4,4,3,4,3,3,4,4,4,4,4,4,5,4,4,4,4,3,2,4,3,3,2,3,2,1,3,1,3,,3.83,4.0,3.17,3.83,4.33,3.5,3.67,4.17,3.17,2.14,3.74
R0883,Retail,Micro: Fewer than 10 employees,Less than 3 years,Fewer than 10,Semi-urban area,Plastic waste,No,Operations department,2,2,2,1,3,2,3,4,3,5,4,4,4,4,5,3,5,3,4,4,3,2,3,3,4,2,3,4,4,4,3,3,4,4,4,4,2,3,3,5,3,3,2,3,3,3,3,2,3,4,3,3,3,3,4,3,3,3,2,4,2,3,2.0,3.83,4.0,3.17,3.5,3.67,3.17,2.67,3.17,3.0,3.24
R0884,Retail,Micro: Fewer than 10 employees,3-5 years,Fewer than 10,Urban area,Paper and cardboard,No,External waste-management agency,3,2,3,3,3,3,3,4,3,,3,4,3,4,3,3,4,4,3,2,2,2,3,3,3,4,4,3,4,5,3,2,2,1,2,1,3,3,3,2,4,2,4,3,1,4,4,3,2,2,3,3,3,3,3,4,3,2,5,3,4,4,2.83,3.4,3.5,2.5,3.83,1.83,2.83,3.17,2.67,3.5,2.95
R0885,Manufacturing,Micro: Fewer than 10 employees,3-5 years,Fewer than 10,Industrial area,Plastic waste,No,Operations department,2,4,3,3,4,5,3,3,2,3,3,3,2,4,3,,2,1,4,4,4,4,4,4,4,4,4,3,3,3,2,2,3,,1,2,2,3,2,4,3,3,4,4,3,4,4,4,3,3,3,3,4,2,4,4,4,4,4,3,3,3,3.5,2.83,2.4,4.0,3.5,2.0,2.83,3.83,3.0,3.62,3.1
R0886,Hospitality/Services,Large: 250 employees or more,3-5 years,100-249,Commercial area,Plastic waste,Not sure,Facility management team,3,4,4,4,4,5,4,3,4,3,4,4,5,5,4,3,4,2,2,5,3,3,4,4,4,3,3,3,3,3,4,4,3,4,5,3,4,2,3,4,4,3,3,3,4,5,5,4,3,3,4,3,4,3,2,3,3,3,2,3,2,3,4.0,3.67,3.83,3.5,3.17,3.83,3.33,4.0,3.33,2.62,3.63
R0887,Healthcare,Medium: 50-249 employees,6-10 years,10-49,Semi-urban area,Paper and cardboard,Yes,Facility management team,4,4,4,4,4,4,4,3,4,4,4,3,5,4,4,4,3,4,3,3,4,4,5,5,4,4,4,5,4,4,3,4,5,4,4,3,4,4,4,4,3,4,3,3,2,3,3,2,4,3,5,4,5,3,2,2,3,4,2,2,1,2,4.0,3.67,4.0,4.0,4.17,3.83,3.83,2.67,4.0,2.25,3.8
R0888,Information Technology,Small: 10-49 employees,3-5 years,10-49,Urban area,Paper and cardboard,No,Operations department,3,2,3,4,4,3,2,2,3,1,2,3,2,3,4,3,3,4,2,3,3,3,4,3,3,,3,3,3,3,3,,3,3,3,3,3,5,2,4,2,3,2,2,3,3,2,2,2,2,3,3,3,4,3,2,2,4,4,3,3,3,3.17,2.17,3.17,3.0,3.0,3.0,3.17,2.33,2.83,3.0,2.87
R0889,Hospitality/Services,Micro: Fewer than 10 employees,Less than 3 years,Fewer than 10,Urban area,Plastic waste,No,External waste-management agency,3,3,3,3,4,3,2,2,2,4,,3,2,2,2,2,2,3,4,3,5,4,4,4,3,1,3,3,3,1,2,3,2,3,2,2,3,3,3,4,2,2,1,2,2,1,2,2,2,3,2,3,4,1,4,5,4,2,4,3,5,5,3.17,2.6,2.17,4.0,2.33,2.33,2.83,1.67,2.5,4.0,2.62
R0890,Hospitality/Services,Micro: Fewer than 10 employees,Less than 3 years,Fewer than 10,Semi-urban area,Food or organic waste,Not sure,External waste-management agency,4,3,3,3,3,5,2,4,3,3,2,4,3,3,4,4,4,3,3,3,3,4,3,3,3,1,3,2,2,4,3,3,3,3,4,2,3,2,2,2,2,2,3,2,3,3,2,1,3,3,3,3,2,2,4,4,5,3,5,5,5,4,3.5,3.0,3.5,3.17,2.5,3.0,2.17,2.33,2.67,4.38,2.87
R0891,Information Technology,Small: 10-49 employees,11-20 years,10-49,Commercial area,Plastic waste,No,External waste-management agency,2,4,3,4,3,4,3,4,4,1,3,4,3,3,3,3,2,3,4,4,4,4,3,3,3,2,3,3,4,3,5,4,4,3,5,2,4,5,3,5,4,3,4,2,3,3,4,3,4,4,3,4,4,4,3,3,2,2,2,2,3,1,3.33,3.17,2.83,3.67,3.0,3.83,4.0,3.17,3.83,2.25,3.43
R0892,Retail,Micro: Fewer than 10 employees,Less than 3 years,10-49,Semi-urban area,Mixed municipal waste,Not sure,Operations department,3,3,4,2,3,3,3,4,5,4,3,3,3,2,3,2,2,3,1,3,2,2,2,2,4,4,4,3,3,4,4,2,3,4,3,2,2,4,3,5,4,2,3,2,4,4,2,2,3,3,2,2,3,2,4,4,5,4,4,3,3,4,3.0,3.67,2.5,2.0,3.67,3.0,3.33,2.83,2.5,3.88,2.94
R0893,Information Technology,Small: 10-49 employees,3-5 years,10-49,Commercial area,Paper and cardboard,No,Operations department,5,5,5,5,5,5,3,4,3,3,4,3,4,2,3,3,3,5,4,3,5,3,,4,4,3,5,5,4,4,3,2,3,3,2,3,3,4,2,4,2,4,4,2,3,4,3,3,5,3,3,3,5,3,1,3,3,4,4,4,3,2,5.0,3.33,3.33,3.8,4.17,2.67,3.17,3.17,3.67,3.0,3.59
R0894,Retail,Large: 250 employees or more,Less than 3 years,250 or more,Commercial area,Paper and cardboard,Not sure,Operations department,5,4,4,4,3,5,3,2,3,3,3,3,2,2,4,1,3,2,3,,3,3,4,3,4,5,4,4,3,4,4,4,4,3,5,4,4,4,3,4,4,4,3,4,2,3,3,4,3,3,3,3,3,3,4,2,3,4,2,1,1,3,4.17,2.83,2.33,3.2,4.0,4.0,3.83,3.17,3.0,2.5,3.39
R0895,Manufacturing,Medium: 50-249 employees,Less than 3 years,50-99,Commercial area,Paper and cardboard,Under development,External waste-management agency,4,4,3,3,3,2,4,3,3,3,3,3,2,4,2,2,4,4,1,3,2,3,2,3,3,3,3,4,3,2,3,2,3,4,3,2,2,4,3,3,3,3,3,4,3,3,3,4,3,3,2,3,2,2,4,3,2,2,3,1,3,1,3.17,3.17,3.0,2.33,3.0,2.83,3.0,3.33,2.5,2.38,2.93
R0896,Retail,Large: 250 employees or more,6-10 years,250 or more,Commercial area,Paper and cardboard,Yes,Operations department,3,5,4,3,4,5,4,3,5,4,4,4,3,3,3,3,3,3,3,3,2,3,3,3,4,4,5,4,4,4,3,3,2,3,3,3,4,5,5,5,4,5,5,4,3,4,4,3,5,4,4,4,5,4,2,2,2,2,2,2,2,2,4.0,4.0,3.0,2.83,4.17,2.83,4.67,3.83,4.33,2.0,3.74
R0897,Retail,Small: 10-49 employees,Less than 3 years,10-49,Commercial area,Mixed municipal waste,Not sure,External waste-management agency,2,2,2,2,2,2,2,2,2,2,2,2,2,2,2,2,2,2,2,2,2,2,2,2,2,2,2,2,2,2,2,2,2,2,2,2,2,2,2,2,2,2,2,2,2,2,2,2,2,2,2,2,2,2,2,2,2,2,2,2,2,2,2.0,2.0,2.0,2.0,2.0,2.0,2.0,2.0,2.0,2.0,2.0
R0898,Retail,Medium: 50-249 employees,Less than 3 years,100-249,Commercial area,Paper and cardboard,No,Operations department,4,3,3,3,2,2,3,3,4,2,3,3,3,4,3,3,3,2,3,4,4,4,3,4,1,2,3,4,3,3,3,3,3,2,2,2,2,2,3,4,3,1,4,3,4,4,4,2,3,1,3,2,3,3,4,3,3,2,4,4,3,3,2.83,3.0,3.0,3.67,2.67,2.5,2.5,3.5,2.5,3.25,2.91
R0899,Information Technology,Large: 250 employees or more,3-5 years,250 or more,Commercial area,Paper and cardboard,Yes,Environmental or sustainability department,2,3,3,4,4,3,3,3,4,4,3,4,4,4,4,3,4,4,4,3,3,4,4,3,3,4,3,5,3,3,3,3,4,3,3,4,4,4,3,5,3,4,3,5,4,4,4,4,4,3,4,3,5,3,3,2,3,1,3,3,2,2,3.17,3.5,3.83,3.5,3.5,3.33,3.83,4.0,3.67,2.38,3.59
R0900,Retail,Small: 10-49 employees,3-5 years,10-49,Semi-urban area,Plastic waste,No,External waste-management agency,4,4,4,3,4,3,2,1,2,2,2,2,3,2,2,2,3,3,2,2,3,2,3,2,2,1,1,1,2,2,3,4,2,3,2,3,3,3,3,4,2,3,2,3,3,2,2,2,3,4,2,2,3,2,4,2,3,3,4,3,3,4,3.67,1.83,2.5,2.33,1.5,2.83,3.0,2.33,2.67,3.25,2.52
R0901,Manufacturing,Large: 250 employees or more,3-5 years,100-249,Semi-urban area,Plastic waste,Yes,Operations department,4,2,3,3,3,3,,4,4,4,4,3,3,3,3,4,3,3,4,3,3,3,3,4,5,3,4,4,4,5,3,3,2,3,3,2,5,3,5,4,4,3,5,5,4,4,3,4,4,4,5,4,4,5,,4,3,3,3,2,2,4,3.0,3.8,3.17,3.33,4.17,2.67,4.0,4.17,4.33,3.0,3.63
R0902,Manufacturing,Large: 250 employees or more,3-5 years,250 or more,Semi-urban area,Plastic waste,Under development,Facility management team,3,5,4,2,4,3,3,4,3,4,2,4,4,3,4,4,5,4,4,3,4,4,3,3,4,3,3,3,3,2,4,4,3,4,3,3,4,3,4,3,2,3,3,3,4,4,5,4,4,3,3,4,4,5,4,3,2,4,2,3,3,2,3.5,3.33,4.0,3.5,3.0,3.5,3.17,3.83,3.83,2.88,3.52
R0903,Information Technology,Small: 10-49 employees,3-5 years,10-49,Urban area,Plastic waste,Yes,Operations department,3,3,3,4,2,3,3,4,3,4,3,3,1,3,3,3,2,3,4,3,4,4,3,3,4,3,3,3,3,3,4,4,4,3,4,4,3,3,3,3,,4,4,4,4,4,3,4,3,3,4,5,4,3,3,4,4,2,3,2,4,3,3.0,3.33,2.5,3.5,3.17,3.83,3.2,3.83,3.67,3.12,3.34
R0904,Retail,Small: 10-49 employees,11-20 years,10-49,Commercial area,Plastic waste,Under development,Environmental or sustainability department,4,3,3,4,2,4,3,3,3,5,3,3,3,5,4,3,5,4,4,5,3,4,5,4,4,4,4,4,5,5,4,5,5,4,4,4,5,4,5,4,3,4,5,4,2,4,4,4,4,5,4,4,5,5,4,4,2,3,3,4,4,3,3.33,3.33,4.0,4.17,4.33,4.33,4.17,3.83,4.5,3.38,4.0
R0905,Retail,Medium: 50-249 employees,3-5 years,50-99,Urban area,Paper and cardboard,Not sure,Operations department,4,4,4,2,3,3,3,2,3,4,3,3,3,2,2,2,2,3,2,3,2,2,2,2,2,3,5,4,2,3,1,3,3,4,2,2,3,4,2,2,3,4,3,3,4,3,3,3,2,2,3,3,2,4,4,3,2,4,4,4,3,4,3.33,3.0,2.33,2.17,3.17,2.5,3.0,3.17,2.67,3.5,2.82
R0906,Information Technology,Large: 250 employees or more,11-20 years,250 or more,Urban area,Paper and cardboard,Yes,Environmental or sustainability department,4,3,3,2,3,2,4,3,4,3,4,,4,3,4,5,,3,5,5,5,4,4,5,4,4,5,3,4,4,3,4,3,3,4,4,4,4,3,4,5,4,4,4,3,3,4,3,4,4,2,4,4,4,2,1,2,3,1,3,3,3,2.83,3.6,3.8,4.67,4.0,3.5,4.0,3.5,3.67,2.25,3.73
R0907,Information Technology,Large: 250 employees or more,Less than 3 years,250 or more,Commercial area,Paper and cardboard,Not sure,Operations department,2,2,3,3,3,3,4,5,4,2,4,5,4,4,4,4,4,3,5,3,3,3,4,4,3,4,3,2,4,4,2,3,3,2,3,3,3,2,3,2,3,2,4,5,4,5,3,3,2,3,3,3,2,3,3,4,3,3,4,3,3,3,2.67,4.0,3.83,3.67,3.33,2.67,2.5,4.0,2.67,3.25,3.26
R0908,Retail,Micro: Fewer than 10 employees,Less than 3 years,Fewer than 10,Industrial area,Plastic waste,Not sure,External waste-management agency,2,1,2,2,2,2,2,3,4,3,4,4,3,3,2,3,2,3,4,4,2,3,3,3,2,3,2,2,3,2,3,3,2,3,2,3,3,2,3,4,2,4,3,3,3,3,2,1,5,4,3,4,3,4,4,5,4,3,4,5,5,4,1.83,3.33,2.67,3.17,2.33,2.67,3.0,2.5,3.83,4.25,2.81
R0909,Healthcare,Micro: Fewer than 10 employees,Less than 3 years,Fewer than 10,Urban area,Mixed municipal waste,Under development,External waste-management agency,3,4,3,3,3,2,4,5,3,5,4,5,3,3,3,3,3,3,4,3,4,3,3,3,3,3,2,3,3,3,3,4,3,4,4,4,3,2,2,4,3,2,5,4,4,4,5,5,3,4,4,2,3,3,2,4,2,3,2,2,4,2,3.0,4.33,3.0,3.33,2.83,3.67,2.67,4.5,3.17,2.62,3.39
R0910,Manufacturing,Small: 10-49 employees,6-10 years,50-99,Industrial area,Mixed municipal waste,Not sure,Operations department,4,3,3,3,,4,3,4,3,4,2,2,4,3,3,3,3,3,5,4,4,4,5,4,3,3,3,3,4,3,3,4,2,3,3,3,3,2,2,3,2,3,3,4,3,4,4,4,3,2,3,4,2,4,4,4,4,4,2,3,4,3,3.4,3.0,3.17,4.33,3.17,3.0,2.5,3.67,3.0,3.5,3.25
R0911,Hospitality/Services,Small: 10-49 employees,6-10 years,10-49,Urban area,Paper and cardboard,No,Operations department,2,3,3,4,4,4,2,3,2,3,3,4,3,3,2,3,3,3,5,4,4,3,3,4,2,3,2,2,3,3,3,3,3,3,4,4,4,3,3,4,2,3,4,3,4,3,4,3,2,2,3,1,3,1,4,2,3,3,3,3,3,2,3.33,2.83,2.83,3.83,2.5,3.33,3.17,3.5,2.0,2.88,3.04
R0912,Healthcare,Micro: Fewer than 10 employees,3-5 years,Fewer than 10,Commercial area,Mixed municipal waste,Not sure,Facility management team,2,2,3,3,3,2,3,5,3,3,4,4,4,3,5,5,5,4,3,2,2,4,4,3,4,4,4,4,5,5,5,4,3,3,4,4,5,5,4,5,5,4,3,3,3,4,5,3,5,4,3,3,3,4,2,2,3,2,3,2,2,1,2.5,3.67,4.33,3.0,4.33,3.83,4.67,3.5,3.67,2.12,3.72
R0913,Information Technology,Medium: 50-249 employees,3-5 years,100-249,Urban area,Food or organic waste,Under development,Facility management team,2,4,4,3,3,3,4,5,4,3,4,4,4,3,3,4,4,4,3,3,3,2,3,3,3,4,4,4,3,4,5,3,4,5,4,2,4,3,2,3,5,3,4,5,3,3,2,4,3,4,3,4,3,2,3,3,3,2,4,3,2,2,3.17,4.0,3.67,2.83,3.67,3.83,3.33,3.5,3.17,2.75,3.46
R0914,Manufacturing,Micro: Fewer than 10 employees,Less than 3 years,Fewer than 10,Industrial area,Plastic waste,Not sure,External waste-management agency,2,2,2,2,3,2,4,3,4,,2,3,3,3,3,3,3,3,3,4,4,4,4,3,3,4,4,3,3,3,3,3,4,3,3,3,2,3,3,3,3,3,2,2,2,2,3,4,3,4,4,4,3,3,2,3,4,2,2,4,2,3,2.17,3.2,3.0,3.67,3.33,3.17,2.83,2.5,3.5,2.75,3.04
R0915,Healthcare,Small: 10-49 employees,3-5 years,10-49,Commercial area,Mixed municipal waste,Under development,Operations department,4,4,3,3,5,3,4,3,4,3,5,4,,4,5,5,5,4,4,4,4,3,5,5,4,3,4,4,3,3,5,4,4,4,3,5,4,4,3,4,3,4,4,4,4,4,5,4,3,4,4,3,3,3,3,2,3,4,3,3,3,3,3.67,3.83,4.6,4.17,3.5,4.17,3.67,4.17,3.33,3.0,3.9
R0916,Retail,Large: 250 employees or more,11-20 years,250 or more,Semi-urban area,Plastic waste,Under development,Environmental or sustainability department,3,4,4,3,4,4,4,4,4,5,3,4,4,4,4,4,4,2,4,4,5,5,5,3,4,5,4,4,5,5,4,4,3,3,5,4,4,3,3,2,4,4,5,2,4,5,4,4,4,4,4,4,5,3,3,4,3,3,3,4,3,3,3.67,4.0,3.67,4.33,4.5,3.83,3.33,4.0,4.0,3.25,3.93
R0917,Retail,Large: 250 employees or more,11-20 years,250 or more,Commercial area,Food or organic waste,Yes,Environmental or sustainability department,3,4,5,3,4,4,4,4,4,4,4,3,3,4,5,3,3,3,1,2,3,3,3,3,4,4,5,4,3,4,3,3,3,4,4,3,2,2,3,4,4,3,3,3,4,4,4,4,3,3,3,4,,3,1,2,5,3,4,2,2,3,3.83,3.83,3.5,2.5,4.0,3.33,3.0,3.67,3.2,2.75,3.43
R0918,Healthcare,Micro: Fewer than 10 employees,11-20 years,Fewer than 10,Urban area,Mixed municipal waste,Under development,Facility management team,2,2,2,,2,2,2,2,2,2,2,2,2,2,2,2,2,2,2,2,2,2,2,2,2,2,2,2,2,2,2,2,2,2,2,2,2,2,2,2,2,2,2,2,2,2,2,2,2,2,2,2,2,2,2,2,2,2,2,2,2,2,2.0,2.0,2.0,2.0,2.0,2.0,2.0,2.0,2.0,2.0,2.0
R0919,Information Technology,Medium: 50-249 employees,11-20 years,50-99,Urban area,Mixed municipal waste,Yes,Facility management team,5,5,5,5,4,4,4,3,3,3,3,,4,5,4,4,4,3,4,5,4,4,3,4,4,5,4,3,5,5,3,5,4,4,4,4,4,4,4,4,4,5,3,3,4,4,4,5,4,3,3,4,4,4,3,4,3,3,3,4,4,4,4.67,3.2,4.0,4.0,4.33,4.0,4.17,3.83,3.67,3.5,3.99
R0920,Retail,Micro: Fewer than 10 employees,3-5 years,Fewer than 10,Commercial area,Paper and cardboard,No,External waste-management agency,1,2,3,2,2,2,2,3,2,2,3,3,3,3,3,2,2,3,3,2,2,3,3,3,3,4,3,3,3,3,2,2,3,4,3,2,3,2,2,3,3,3,2,1,2,2,3,2,3,3,4,2,2,3,4,4,5,4,3,4,4,4,2.0,2.5,2.67,2.67,3.17,2.67,2.67,2.0,2.83,4.0,2.58
R0921,Information Technology,Large: 250 employees or more,6-10 years,100-249,Urban area,Paper and cardboard,Under development,Operations department,3,3,2,2,3,3,4,4,4,3,4,4,4,4,3,3,4,3,2,1,3,2,2,2,3,3,3,3,3,3,2,3,3,3,3,3,3,,4,,4,4,4,4,5,5,4,4,3,3,3,3,4,3,3,3,3,3,3,1,3,1,2.67,3.83,3.5,2.0,3.0,2.83,3.75,4.33,3.17,2.5,3.23
R0922,Manufacturing,Micro: Fewer than 10 employees,Less than 3 years,Fewer than 10,Industrial area,Paper and cardboard,Not sure,External waste-management agency,4,3,3,4,3,4,3,5,4,5,4,3,2,2,3,3,4,4,4,4,3,4,2,4,3,3,3,3,2,5,4,3,2,5,4,2,3,2,2,3,3,3,4,3,3,2,2,3,3,4,3,3,3,2,4,3,3,5,3,3,4,3,3.5,4.0,3.0,3.5,3.17,3.33,2.67,2.83,3.0,3.5,3.22
R0923,Healthcare,Small: 10-49 employees,6-10 years,50-99,Urban area,Mixed municipal waste,Not sure,Environmental or sustainability department,4,4,3,4,4,2,4,4,3,3,4,4,4,4,4,4,4,3,3,4,3,4,4,,3,3,3,3,3,3,3,3,2,4,4,3,4,5,4,3,3,4,3,4,4,3,3,4,4,4,3,2,4,4,3,4,3,3,4,4,3,3,3.5,3.67,3.83,3.6,3.0,3.17,3.83,3.5,3.5,3.38,3.51
R0924,Manufacturing,Large: 250 employees or more,3-5 years,250 or more,Industrial area,Mixed municipal waste,Not sure,Operations department,5,4,3,4,3,3,2,2,2,2,1,2,3,3,4,5,4,2,2,3,2,3,4,3,4,3,4,3,3,5,2,4,2,3,3,3,3,2,2,3,3,2,2,3,4,3,3,2,3,5,3,5,4,3,3,3,4,4,3,3,2,3,3.67,1.83,3.5,2.83,3.67,2.83,2.5,2.83,3.83,3.12,3.05
R0925,Manufacturing,Small: 10-49 employees,11-20 years,10-49,Industrial area,Paper and cardboard,Yes,Operations department,2,3,2,4,2,2,3,2,4,2,4,3,4,4,4,4,4,3,4,4,4,5,5,4,2,4,2,3,3,1,4,4,3,3,3,5,3,4,4,3,2,2,5,2,3,3,3,4,3,2,3,3,3,4,1,4,4,3,3,3,3,4,2.5,3.0,3.83,4.33,2.5,3.67,3.0,3.33,3.0,3.12,3.24
R0926,Information Technology,Large: 250 employees or more,11-20 years,100-249,Urban area,Plastic waste,Yes,Environmental or sustainability department,5,4,4,4,4,5,4,5,5,3,4,4,4,2,2,3,3,3,4,5,4,3,5,3,4,4,3,5,5,4,4,5,4,4,5,4,4,4,4,4,4,4,5,4,4,5,5,5,4,4,3,3,4,3,3,2,1,1,1,1,1,2,4.33,4.17,2.83,4.0,4.17,4.33,4.0,4.67,3.5,1.5,4.0
R0927,Manufacturing,Micro: Fewer than 10 employees,6-10 years,Fewer than 10,Commercial area,Paper and cardboard,Under development,Operations department,4,3,4,2,3,4,3,2,3,3,2,3,3,3,3,4,3,3,4,5,4,4,4,4,4,4,4,5,5,4,3,4,3,3,4,5,3,3,4,3,4,4,3,5,4,3,4,3,4,4,5,3,4,4,3,4,3,3,3,2,2,3,3.33,2.67,3.17,4.17,4.33,3.67,3.5,3.67,4.0,2.88,3.61
R0928,Hospitality/Services,Medium: 50-249 employees,6-10 years,50-99,Urban area,Food or organic waste,Under development,Facility management team,4,3,3,4,3,4,3,3,3,3,3,4,5,4,5,4,3,3,3,4,4,2,4,4,4,,3,5,2,4,3,2,3,2,3,4,2,3,4,2,4,1,3,2,3,3,3,2,4,4,4,4,3,3,2,2,1,4,2,2,3,3,3.5,3.17,4.0,3.5,3.6,2.83,2.67,2.67,3.67,2.38,3.29
R0929,Retail,Micro: Fewer than 10 employees,11-20 years,Fewer than 10,Urban area,Plastic waste,Not sure,External waste-management agency,3,3,3,4,3,3,2,3,3,3,3,4,4,4,2,4,3,3,2,4,3,4,4,3,3,4,5,,2,3,4,3,4,4,3,2,3,4,1,3,3,4,3,4,3,2,2,2,3,3,3,3,3,2,2,2,3,2,3,3,3,4,3.17,3.0,3.33,3.33,3.4,3.33,3.0,2.67,2.83,2.75,3.12
R0930,Healthcare,Micro: Fewer than 10 employees,Less than 3 years,Fewer than 10,Urban area,Mixed municipal waste,Under development,External waste-management agency,3,4,3,5,5,4,4,3,4,5,4,3,4,3,4,3,4,4,4,4,5,5,5,3,4,4,5,,4,4,3,3,3,4,3,3,4,5,3,4,3,,3,4,3,4,4,4,2,2,4,3,2,3,2,4,2,3,3,2,4,3,4.0,3.83,3.67,4.33,4.2,3.17,3.8,3.67,2.67,2.88,3.7
R0931,Manufacturing,Large: 250 employees or more,11-20 years,250 or more,Industrial area,Plastic waste,Under development,Environmental or sustainability department,2,4,4,3,4,4,4,3,4,2,4,5,2,2,3,3,3,3,2,3,,3,4,4,3,3,3,3,4,3,3,5,4,4,4,4,3,3,5,5,4,4,4,5,4,4,4,4,3,3,4,4,3,4,3,4,2,3,3,2,4,3,3.5,3.67,2.67,3.2,3.17,4.0,4.0,4.17,3.5,3.0,3.54
R0932,Healthcare,Medium: 50-249 employees,6-10 years,100-249,Urban area,Food or organic waste,Yes,External waste-management agency,4,4,5,4,4,2,4,3,4,4,3,3,4,5,4,4,4,4,3,2,3,4,4,2,4,3,2,3,4,4,4,5,4,5,5,5,3,3,3,4,4,4,4,3,4,4,4,3,5,3,4,3,4,4,4,2,3,3,3,3,1,2,3.83,3.5,4.17,3.0,3.33,4.67,3.5,3.67,3.83,2.62,3.72
R0933,Hospitality/Services,Medium: 50-249 employees,3-5 years,50-99,Urban area,Mixed municipal waste,Not sure,Environmental or sustainability department,4,3,3,3,3,3,3,3,4,4,3,4,5,4,4,4,5,4,4,3,4,4,3,3,5,4,4,4,4,4,5,4,5,4,5,4,3,3,4,3,3,3,4,5,5,4,4,5,3,2,2,3,4,3,2,2,3,3,3,2,3,2,3.17,3.5,4.33,3.5,4.17,4.5,3.17,4.5,2.83,2.5,3.74
R0934,Healthcare,Medium: 50-249 employees,6-10 years,100-249,Semi-urban area,Mixed municipal waste,Yes,External waste-management agency,5,4,4,5,5,5,4,3,2,3,3,5,4,4,5,5,4,5,5,4,4,3,5,4,5,3,4,3,5,5,4,4,,4,4,4,4,4,4,4,3,4,3,3,2,3,3,3,4,3,4,5,4,3,2,3,4,2,3,2,3,3,4.67,3.33,4.5,4.17,4.17,4.0,3.83,2.83,3.83,2.75,3.93
R0935,Retail,Medium: 50-249 employees,Less than 3 years,100-249,Commercial area,Food or organic waste,Under development,Operations department,3,3,3,3,3,2,4,4,4,3,3,4,3,3,4,,5,4,4,5,4,4,2,5,3,3,4,4,3,5,3,3,4,4,3,4,4,3,3,4,2,3,3,3,3,3,3,3,4,3,3,4,4,4,3,4,4,3,3,5,5,3,2.83,3.67,3.8,4.0,3.67,3.5,3.17,3.0,3.67,3.75,3.48
R0936,Information Technology,Medium: 50-249 employees,11-20 years,100-249,Urban area,Mixed municipal waste,Under development,Environmental or sustainability department,4,3,4,3,3,3,4,4,4,5,4,3,3,2,4,3,3,3,4,4,4,4,4,5,4,4,2,5,3,4,4,5,5,4,3,4,3,3,3,5,4,4,4,4,4,5,4,4,5,4,4,4,3,4,1,2,1,3,1,2,1,4,3.33,4.0,3.0,4.17,3.67,4.17,3.67,4.17,4.0,1.88,3.8
R0937,Information Technology,Medium: 50-249 employees,Less than 3 years,50-99,Urban area,Paper and cardboard,Not sure,External waste-management agency,4,4,4,5,4,4,4,3,3,3,3,4,4,4,4,4,5,5,3,5,3,3,2,4,3,2,3,3,3,4,2,1,3,3,3,2,1,3,3,3,2,3,2,4,2,3,2,3,2,3,3,3,4,4,2,3,4,3,3,4,2,4,4.17,3.33,4.33,3.33,3.0,2.33,2.5,2.67,3.17,3.12,3.2
R0938,Manufacturing,Micro: Fewer than 10 employees,6-10 years,10-49,Commercial area,Paper and cardboard,No,External waste-management agency,3,3,2,3,3,4,3,4,4,3,3,4,4,2,4,3,2,2,3,3,3,4,4,3,4,4,3,3,3,1,4,3,3,3,2,3,4,2,4,5,3,5,3,3,3,2,4,3,3,2,4,3,5,3,2,3,2,2,3,3,3,2,3.0,3.5,2.83,3.33,3.0,3.0,3.83,3.0,3.33,2.5,3.2
R0939,Healthcare,Small: 10-49 employees,11-20 years,10-49,Semi-urban area,Mixed municipal waste,Not sure,Facility management team,4,4,5,4,5,3,3,3,3,2,3,3,5,4,5,5,5,4,3,3,4,4,3,5,3,4,4,4,4,3,5,5,5,5,5,5,3,4,3,4,3,4,4,5,4,2,4,5,4,4,4,3,3,4,2,3,3,4,3,2,2,1,4.17,2.83,4.67,3.67,3.67,5.0,3.5,4.0,3.67,2.5,3.91
R0940,Healthcare,Medium: 50-249 employees,6-10 years,50-99,Semi-urban area,Plastic waste,Yes,Facility management team,5,4,3,3,4,3,3,5,3,3,3,3,4,2,3,3,3,4,4,4,4,4,5,5,4,2,4,4,4,4,3,4,2,4,4,4,5,3,2,3,4,3,4,5,4,,3,3,5,5,4,3,4,5,4,2,3,2,2,2,2,2,3.67,3.33,3.17,4.33,3.67,3.5,3.33,3.8,4.33,2.38,3.68
R0941,Information Technology,Medium: 50-249 employees,3-5 years,10-49,Semi-urban area,Mixed municipal waste,No,Operations department,5,5,5,5,5,5,4,5,4,3,4,3,3,3,4,3,3,3,3,3,2,4,3,3,4,4,4,5,3,3,,4,4,3,5,3,5,4,4,3,4,4,3,4,2,2,2,3,3,3,4,4,3,4,3,3,4,,3,4,3,3,5.0,3.83,3.17,3.0,3.83,3.8,4.0,2.67,3.5,3.29,3.64
R0942,Retail,Large: 250 employees or more,3-5 years,100-249,Commercial area,Paper and cardboard,No,Operations department,4,5,3,4,4,3,4,2,2,4,3,2,3,4,3,2,2,4,4,5,4,4,3,3,3,3,2,4,3,4,4,4,4,4,5,4,4,4,2,4,4,3,5,5,4,4,4,4,4,3,4,3,3,3,1,1,2,2,1,2,1,1,3.83,2.83,3.0,3.83,3.17,4.17,3.5,4.33,3.33,1.38,3.55
R0943,Retail,Medium: 50-249 employees,6-10 years,50-99,Commercial area,Paper and cardboard,Yes,Operations department,4,3,4,4,4,4,2,4,3,3,4,3,4,3,3,5,4,4,4,3,4,3,3,3,3,4,5,5,3,4,4,5,4,5,3,5,2,3,4,3,3,2,3,4,3,4,4,5,3,4,3,4,4,4,3,2,2,3,3,3,4,2,3.83,3.17,3.83,3.33,4.0,4.33,2.83,3.83,3.67,2.75,3.65
R0944,Hospitality/Services,Medium: 50-249 employees,11-20 years,10-49,Urban area,Food or organic waste,Yes,Operations department,4,4,3,2,4,4,5,4,4,3,5,5,3,4,4,3,4,2,4,3,4,3,4,2,4,5,4,4,3,4,4,5,5,4,,3,5,5,5,4,5,,3,3,3,3,3,3,3,5,4,4,4,4,3,2,4,2,2,3,2,2,3.5,4.33,3.33,3.33,4.0,4.2,4.8,3.0,4.0,2.5,3.83
R0945,Healthcare,Small: 10-49 employees,11-20 years,10-49,Urban area,Paper and cardboard,Under development,Environmental or sustainability department,4,4,5,4,4,2,4,5,4,4,5,4,3,3,3,3,3,4,3,5,3,3,4,3,3,3,3,3,3,3,4,4,3,4,5,4,4,4,4,4,5,5,4,4,4,4,3,5,3,4,,4,3,5,5,4,4,4,4,4,4,3,3.83,4.33,3.17,3.5,3.0,4.0,4.33,4.0,3.8,4.0,3.77
R0946,Retail,Small: 10-49 employees,3-5 years,10-49,Semi-urban area,Paper and cardboard,No,External waste-management agency,3,3,3,3,3,4,2,3,3,2,3,3,2,3,4,3,3,4,4,3,4,4,3,3,3,4,4,3,3,4,4,3,3,5,4,4,4,4,4,5,5,4,3,4,2,5,4,4,4,4,4,5,3,4,2,2,2,3,2,3,2,2,3.17,2.67,3.17,3.5,3.5,3.83,4.33,3.67,4.0,2.25,3.54
R0947,Hospitality/Services,Large: 250 employees or more,3-5 years,250 or more,Urban area,Mixed municipal waste,No,Operations department,4,3,5,3,4,4,3,4,4,5,2,4,4,5,5,4,4,4,4,3,4,4,3,2,4,4,3,4,4,3,4,5,5,5,4,5,2,4,3,3,3,4,5,4,4,5,3,4,2,2,3,2,3,3,3,3,3,3,3,1,2,2,3.83,3.67,4.33,3.33,3.67,4.67,3.17,4.17,2.5,2.5,3.7
R0948,Manufacturing,Micro: Fewer than 10 employees,Less than 3 years,10-49,Commercial area,Paper and cardboard,No,External waste-management agency,3,3,2,2,2,2,3,3,3,3,3,4,3,3,2,4,2,3,2,2,1,1,1,2,2,3,2,3,3,2,3,3,1,3,2,3,2,2,4,2,3,3,3,3,3,3,2,3,2,1,2,1,3,2,4,4,4,4,4,5,3,3,2.33,3.17,2.83,1.5,2.5,2.5,2.67,2.83,1.83,3.88,2.46
R0949,Retail,Medium: 50-249 employees,6-10 years,100-249,Commercial area,Paper and cardboard,Under development,Environmental or sustainability department,5,3,4,5,4,5,4,3,4,3,4,4,2,3,4,3,4,4,4,5,4,4,4,4,5,3,5,3,4,3,4,4,4,4,4,4,4,4,4,3,3,4,3,3,4,4,4,3,4,3,4,4,2,3,3,4,2,3,2,3,2,3,4.33,3.67,3.33,4.17,3.83,4.0,3.67,3.5,3.33,2.75,3.76
R0950,Information Technology,Micro: Fewer than 10 employees,Less than 3 years,Fewer than 10,Urban area,Paper and cardboard,No,External waste-management agency,,3,2,3,2,2,2,2,3,3,3,2,1,3,2,2,1,1,1,3,3,3,2,2,2,1,2,1,1,2,2,3,3,2,2,3,2,2,1,3,2,1,2,2,4,3,1,2,2,3,3,3,2,3,3,4,3,4,5,4,4,5,2.4,2.5,1.67,2.33,1.5,2.5,1.83,2.33,2.67,4.0,2.19
R0951,Information Technology,Medium: 50-249 employees,3-5 years,100-249,Urban area,Mixed municipal waste,No,External waste-management agency,3,3,3,2,4,3,4,2,3,4,4,3,3,1,2,4,4,4,4,2,3,3,,3,2,4,3,5,3,3,2,2,2,1,3,2,2,3,3,3,3,3,3,3,3,4,3,2,4,3,5,3,3,3,4,3,2,3,4,4,4,2,3.0,3.33,3.0,3.0,3.33,2.0,2.83,3.0,3.5,3.25,3.0
R0952,Hospitality/Services,Medium: 50-249 employees,3-5 years,50-99,Urban area,Mixed municipal waste,Not sure,Operations department,3,2,3,4,4,4,4,4,4,4,3,4,4,5,4,4,4,3,4,5,4,5,5,3,4,,3,4,3,3,4,5,4,5,5,4,5,4,4,4,4,4,5,4,2,3,3,3,3,3,3,3,3,2,2,2,3,2,3,2,2,4,3.33,3.83,4.0,4.33,3.4,4.5,4.17,3.33,2.83,2.5,3.75
R0953,Healthcare,Large: 250 employees or more,3-5 years,250 or more,Industrial area,Food or organic waste,Under development,External waste-management agency,4,5,3,3,4,4,4,4,4,4,4,4,3,4,5,4,5,4,3,3,4,3,4,5,2,3,3,4,4,4,4,2,4,5,3,3,4,2,4,4,3,3,3,3,5,3,3,4,3,3,4,3,3,3,3,2,2,3,2,2,3,1,3.83,4.0,4.17,3.67,3.33,3.5,3.33,3.5,3.17,2.25,3.61
R0954,Retail,Medium: 50-249 employees,3-5 years,50-99,Commercial area,Paper and cardboard,No,External waste-management agency,3,3,3,3,3,2,2,2,3,2,3,4,3,4,3,3,3,3,,4,3,5,2,3,3,3,2,4,4,5,3,3,1,2,2,2,3,3,2,2,3,4,2,3,2,3,2,3,2,2,2,2,2,2,5,3,3,3,4,3,3,5,2.83,2.67,3.17,3.4,3.5,2.17,2.83,2.5,2.0,3.62,2.79
R0955,Retail,Small: 10-49 employees,Less than 3 years,10-49,Commercial area,Mixed municipal waste,Not sure,Operations department,2,2,2,4,4,3,4,5,5,4,5,4,3,3,4,3,3,3,3,4,4,3,3,,4,5,4,5,5,5,3,4,3,2,3,4,5,4,3,3,2,4,4,3,2,2,4,2,3,4,4,3,2,4,3,4,,2,3,5,3,4,2.83,4.5,3.17,3.4,4.67,3.17,3.5,2.83,3.33,3.43,3.49
R0956,Manufacturing,Medium: 50-249 employees,11-20 years,100-249,Industrial area,Mixed municipal waste,Yes,Operations department,2,3,5,5,5,4,3,1,2,3,3,3,5,4,4,4,3,5,4,5,4,5,5,4,3,3,4,4,5,3,4,4,3,3,3,3,3,5,2,4,4,2,5,4,5,5,3,5,4,5,4,4,4,4,3,2,,2,2,1,1,1,4.0,2.5,4.17,4.5,3.67,3.33,3.33,4.5,4.17,1.71,3.8
R0957,Hospitality/Services,Small: 10-49 employees,3-5 years,10-49,Industrial area,Mixed municipal waste,No,Operations department,4,4,4,4,4,4,3,3,3,2,2,3,4,4,4,3,4,3,2,3,2,3,4,3,4,3,2,4,2,3,4,3,2,3,2,3,3,3,3,3,3,3,3,4,4,4,4,4,2,2,3,3,3,3,3,2,2,3,1,2,2,1,4.0,2.67,3.67,2.83,3.0,2.83,3.0,3.83,2.67,2.0,3.17
R0958,Manufacturing,Large: 250 employees or more,3-5 years,100-249,Industrial area,Mixed municipal waste,Yes,Environmental or sustainability department,4,5,5,5,3,5,5,3,4,2,4,4,3,4,4,4,4,4,4,5,3,3,5,4,5,5,4,5,4,5,4,5,4,4,5,4,3,3,4,3,3,4,3,4,5,2,5,4,4,5,5,4,4,4,3,3,3,4,4,4,3,4,4.5,3.67,3.83,4.0,4.67,4.33,3.33,3.83,4.33,3.5,4.05
R0959,Healthcare,Large: 250 employees or more,6-10 years,250 or more,Semi-urban area,Paper and cardboard,Under development,Operations department,2,3,4,3,4,3,2,4,3,2,3,3,3,3,2,4,3,3,2,3,3,3,2,2,2,4,3,4,5,2,3,3,3,2,4,2,3,3,,5,3,2,4,5,5,3,4,4,3,3,3,3,3,3,2,3,3,3,3,3,3,4,3.17,2.83,3.0,2.5,3.33,2.83,3.2,4.17,3.0,3.0,3.11
R0960,Retail,Medium: 50-249 employees,Less than 3 years,100-249,Semi-urban area,Plastic waste,No,External waste-management agency,4,3,4,5,5,4,4,4,5,3,4,4,2,4,4,3,3,4,3,4,3,3,3,3,3,4,3,3,4,2,3,4,4,5,4,5,5,5,5,5,4,5,4,4,3,3,3,2,4,3,3,4,4,4,3,2,3,4,3,3,3,3,4.17,4.0,3.33,3.17,3.17,4.17,4.83,3.17,3.67,3.0,3.74
R0961,Manufacturing,Large: 250 employees or more,11-20 years,250 or more,Industrial area,Mixed municipal waste,Yes,Facility management team,5,5,5,4,5,5,4,4,4,3,4,3,4,3,4,3,4,4,5,4,5,4,4,4,5,4,5,4,5,5,4,3,5,4,4,3,4,4,2,3,5,4,2,3,3,3,3,3,4,3,3,4,2,4,3,4,4,2,4,2,3,5,4.83,3.67,3.67,4.33,4.67,3.83,3.67,2.83,3.33,3.38,3.87
R0962,Manufacturing,Micro: Fewer than 10 employees,3-5 years,Fewer than 10,Industrial area,Food or organic waste,Under development,External waste-management agency,5,5,4,5,4,5,4,4,3,3,4,3,3,4,4,4,4,4,4,5,4,3,4,3,4,3,4,4,4,4,3,4,3,3,5,3,3,4,4,4,4,2,4,5,4,5,4,4,4,3,4,4,3,4,4,4,4,4,4,4,5,4,4.67,3.5,3.83,3.83,3.83,3.5,3.5,4.33,3.67,4.12,3.85
R0963,Healthcare,Micro: Fewer than 10 employees,11-20 years,Fewer than 10,Commercial area,Paper and cardboard,Not sure,External waste-management agency,4,2,3,3,3,4,3,4,3,3,3,4,2,3,2,2,2,3,2,2,3,3,3,4,,4,4,5,5,5,3,3,3,3,2,4,3,2,3,4,3,5,2,3,3,1,1,2,3,2,3,2,3,3,4,4,2,4,5,5,,3,3.17,3.33,2.33,2.83,4.6,3.0,3.33,2.0,2.67,3.86,3.03
R0964,Manufacturing,Large: 250 employees or more,11-20 years,250 or more,Industrial area,Paper and cardboard,No,Facility management team,3,3,2,4,3,4,3,4,4,4,3,4,4,3,3,4,5,3,2,4,2,2,3,3,4,4,4,2,3,3,3,3,3,3,3,3,3,4,3,3,2,3,4,3,3,3,4,2,3,3,3,4,3,3,3,3,3,2,3,3,2,5,3.17,3.67,3.67,2.67,3.33,3.0,3.0,3.17,3.17,3.0,3.21
R0965,Hospitality/Services,Small: 10-49 employees,Less than 3 years,10-49,Urban area,Food or organic waste,Not sure,Operations department,2,3,3,3,3,3,4,4,3,4,3,4,2,2,3,4,3,4,2,2,3,3,3,3,4,5,3,5,3,4,3,4,3,3,4,3,3,3,3,3,3,4,3,3,4,4,2,3,4,4,4,4,3,3,3,4,2,3,3,3,3,4,2.83,3.67,3.0,2.67,4.0,3.33,3.17,3.17,3.67,3.12,3.28
R0966,Hospitality/Services,Micro: Fewer than 10 employees,Less than 3 years,Fewer than 10,Urban area,Mixed municipal waste,No,Operations department,3,2,3,3,2,2,,3,3,3,4,3,3,4,4,5,3,4,3,3,1,3,2,2,4,3,,3,3,3,3,2,5,2,3,3,2,4,3,4,4,3,2,1,3,2,2,2,3,1,3,3,2,2,4,4,3,4,4,5,3,5,2.5,3.2,3.83,2.33,3.2,3.0,3.33,2.0,2.33,4.0,2.86
R0967,Manufacturing,Large: 250 employees or more,Less than 3 years,250 or more,Urban area,Mixed municipal waste,Under development,Operations department,3,2,2,3,3,3,4,4,3,4,4,3,5,4,4,5,5,5,3,3,3,3,2,3,4,3,4,4,3,3,2,3,3,3,2,1,4,2,3,3,2,3,3,3,2,2,2,3,3,1,2,3,3,2,1,4,4,3,3,3,3,3,2.67,3.67,4.67,2.83,3.5,2.33,2.83,2.5,2.33,3.0,3.04
R0968,Information Technology,Small: 10-49 employees,Less than 3 years,10-49,Urban area,Paper and cardboard,No,External waste-management agency,2,2,2,2,1,3,3,2,3,3,3,2,3,4,3,3,3,4,1,1,2,3,2,2,3,2,4,3,3,2,3,3,2,2,4,3,3,3,4,3,3,3,4,3,3,3,3,4,3,3,3,3,3,3,4,3,3,4,3,2,3,4,2.0,2.67,3.33,1.83,2.83,2.83,3.17,3.33,3.0,3.25,2.78
R0969,Retail,Large: 250 employees or more,11-20 years,100-249,Commercial area,Plastic waste,Under development,Environmental or sustainability department,4,4,3,5,3,3,5,4,4,2,4,5,5,3,5,4,4,4,4,4,5,4,4,3,3,4,5,4,4,4,5,4,4,4,5,4,4,3,5,4,5,5,5,4,3,3,4,4,4,4,2,5,3,3,3,1,3,3,1,2,1,3,3.67,4.0,4.17,4.0,4.0,4.33,4.33,3.83,3.5,2.12,3.98
R0970,Manufacturing,Small: 10-49 employees,6-10 years,10-49,Commercial area,Plastic waste,Under development,Facility management team,3,3,3,1,3,3,3,2,4,2,2,3,4,5,3,3,3,3,4,4,3,2,4,3,4,5,3,3,4,3,4,4,4,5,4,4,3,3,2,3,2,3,4,5,5,4,5,4,4,4,3,3,3,4,4,3,4,3,3,5,4,4,2.67,2.67,3.5,3.33,3.67,4.17,2.67,4.5,3.5,3.75,3.41
R0971,Retail,Small: 10-49 employees,6-10 years,10-49,Commercial area,Paper and cardboard,No,Operations department,3,4,4,4,4,4,3,4,4,3,4,3,3,3,4,3,3,3,4,4,4,3,4,3,2,2,2,3,4,3,3,3,3,4,4,2,4,4,4,3,4,3,4,4,4,3,4,3,4,3,5,2,2,4,3,3,2,2,3,2,3,2,3.83,3.5,3.17,3.67,2.67,3.17,3.67,3.67,3.33,2.5,3.41
R0972,Information Technology,Small: 10-49 employees,3-5 years,10-49,Commercial area,Paper and cardboard,No,Operations department,5,3,4,4,5,4,3,2,2,3,4,3,3,3,4,4,4,3,4,4,4,3,4,3,4,3,3,4,3,2,3,3,2,3,4,2,,2,2,2,3,4,3,2,3,3,3,3,4,4,3,3,4,2,4,3,2,2,2,3,3,4,4.17,2.83,3.5,3.67,3.17,2.83,2.6,2.83,3.33,2.88,3.21
R0973,Healthcare,Micro: Fewer than 10 employees,6-10 years,Fewer than 10,Industrial area,Food or organic waste,Under development,Operations department,4,3,3,3,3,2,5,4,3,4,4,4,3,3,4,4,3,3,4,4,3,3,4,3,4,3,3,3,3,4,3,3,3,5,5,4,4,5,4,4,3,,3,2,3,5,3,3,4,5,5,4,4,5,4,3,5,3,4,3,4,4,3.0,4.0,3.33,3.5,3.33,3.83,4.0,3.17,4.5,3.75,3.63
R0974,Manufacturing,Medium: 50-249 employees,6-10 years,50-99,Industrial area,Paper and cardboard,Yes,Operations department,4,4,4,4,4,4,3,4,3,5,3,3,3,2,4,4,2,3,4,4,4,5,3,4,4,4,4,3,4,4,2,3,3,4,4,3,,3,4,3,4,3,4,4,4,4,4,4,3,3,3,3,4,3,3,2,4,3,4,3,2,2,4.0,3.5,3.0,4.0,3.83,3.17,3.4,4.0,3.17,2.88,3.56
R0975,Information Technology,Small: 10-49 employees,6-10 years,50-99,Urban area,Mixed municipal waste,Not sure,External waste-management agency,4,3,4,3,4,4,4,4,5,4,4,4,4,3,3,3,3,4,4,4,3,4,4,3,3,2,2,4,3,3,3,2,4,5,2,5,4,3,4,2,2,3,3,2,3,3,3,3,3,3,4,2,2,3,5,5,5,4,3,5,5,5,3.67,4.17,3.33,3.67,2.83,3.5,3.0,2.83,2.83,4.62,3.31
R0976,Information Technology,Large: 250 employees or more,3-5 years,250 or more,Semi-urban area,Food or organic waste,Not sure,Operations department,3,3,3,3,3,3,4,4,3,3,4,4,3,2,3,3,3,,4,4,4,3,4,3,4,3,3,4,3,3,3,3,3,3,3,2,3,2,2,3,3,4,3,3,3,3,3,4,2,2,3,3,2,3,5,2,3,4,4,3,3,2,3.0,3.67,2.8,3.67,3.33,2.83,2.83,3.17,2.5,3.25,3.09
R0977,Information Technology,Large: 250 employees or more,3-5 years,250 or more,Commercial area,Paper and cardboard,Under development,Environmental or sustainability department,3,4,3,3,3,3,3,3,4,4,4,4,3,4,5,4,4,4,4,3,4,3,5,4,5,3,5,3,4,5,4,5,4,4,4,4,4,5,4,4,5,3,5,5,5,4,4,5,3,5,2,4,3,4,3,3,1,3,2,3,2,1,3.17,3.67,4.0,3.83,4.17,4.17,4.17,4.67,3.5,2.25,3.93
R0978,Healthcare,Micro: Fewer than 10 employees,11-20 years,Fewer than 10,Semi-urban area,Mixed municipal waste,Not sure,Operations department,3,4,3,2,3,3,3,4,2,2,3,4,3,4,4,4,3,4,3,3,4,3,5,4,4,3,4,2,3,4,3,3,3,2,2,3,2,1,2,2,2,2,3,3,4,3,,2,4,5,3,3,3,3,3,4,4,4,4,4,3,4,3.0,3.0,3.67,3.67,3.33,2.67,1.83,3.0,3.5,3.75,3.07
R0979,Information Technology,Micro: Fewer than 10 employees,Less than 3 years,10-49,Semi-urban area,Mixed municipal waste,No,External waste-management agency,4,3,4,4,4,4,4,3,4,4,2,3,2,3,3,3,3,3,2,4,2,2,2,3,4,3,3,3,4,3,2,2,2,3,2,2,2,3,4,4,3,3,4,3,4,4,3,3,1,2,3,3,5,2,4,4,4,5,2,2,4,4,3.83,3.33,2.83,2.5,3.33,2.17,3.17,3.5,2.67,3.62,3.04
R0980,Healthcare,Large: 250 employees or more,3-5 years,250 or more,Urban area,Paper and cardboard,Under development,Environmental or sustainability department,4,3,3,3,3,3,4,4,4,4,3,3,4,5,4,5,4,5,3,3,3,3,4,4,4,3,3,3,3,3,3,4,3,4,3,2,4,3,3,3,5,3,3,4,3,3,2,2,3,3,3,4,3,3,3,2,2,2,2,3,2,2,3.17,3.67,4.5,3.33,3.17,3.17,3.5,2.83,3.17,2.25,3.39
R0981,Manufacturing,Large: 250 employees or more,Less than 3 years,250 or more,Industrial area,Plastic waste,Not sure,Facility management team,2,3,3,3,2,3,3,3,4,5,3,1,4,3,3,3,3,4,3,3,2,3,3,3,5,5,3,4,3,3,3,2,3,2,3,3,3,5,4,4,4,4,2,1,2,3,4,3,4,4,3,3,5,4,2,3,3,3,3,3,4,2,2.67,3.17,3.33,2.83,3.83,2.67,4.0,2.5,3.83,2.88,3.2
R0982,Information Technology,Micro: Fewer than 10 employees,3-5 years,Fewer than 10,Urban area,Mixed municipal waste,No,External waste-management agency,5,4,4,3,3,5,2,2,2,2,3,3,3,3,2,2,3,3,2,2,2,1,2,2,4,3,3,4,4,4,3,3,4,4,4,4,2,3,2,3,,3,3,5,4,4,3,5,2,2,3,3,4,3,4,5,4,3,3,4,4,4,4.0,2.33,2.67,1.83,3.67,3.67,2.6,4.0,2.83,3.88,3.07
R0983,Retail,Medium: 50-249 employees,6-10 years,50-99,Industrial area,Paper and cardboard,Under development,Operations department,2,2,3,3,3,3,3,4,2,3,3,2,4,5,4,3,4,3,4,3,4,4,3,3,1,,3,2,3,2,4,4,4,4,5,4,4,4,3,4,2,4,3,4,4,4,4,4,3,3,3,4,4,3,3,2,3,4,3,4,3,3,2.67,2.83,3.83,3.5,2.2,4.17,3.5,3.83,3.33,3.12,3.32
R0984,Information Technology,Small: 10-49 employees,6-10 years,10-49,Semi-urban area,Plastic waste,Yes,Operations department,4,3,3,3,4,3,5,4,5,4,5,5,4,4,4,4,4,4,3,5,2,2,3,4,3,3,3,3,3,3,,4,4,3,4,5,5,4,4,4,4,5,2,1,3,1,2,2,4,4,3,4,5,,4,2,5,3,4,3,4,3,3.33,4.67,4.0,3.17,3.0,4.0,4.33,1.83,4.0,3.5,3.59
R0985,Healthcare,Micro: Fewer than 10 employees,3-5 years,Fewer than 10,Industrial area,Plastic waste,Under development,Operations department,4,4,3,4,3,4,4,4,3,3,2,4,4,4,4,2,4,5,3,3,4,4,4,5,4,4,5,5,3,4,5,3,4,4,4,4,3,3,3,4,2,3,4,2,4,4,3,4,3,2,3,3,3,3,,2,1,2,1,2,1,2,3.67,3.33,3.83,3.83,4.17,4.0,3.0,3.5,2.83,1.57,3.57
R0986,Retail,Medium: 50-249 employees,3-5 years,100-249,Commercial area,Mixed municipal waste,Yes,Facility management team,4,3,3,5,4,4,4,1,3,3,4,2,3,4,3,3,3,3,5,4,4,5,4,5,4,3,4,4,4,5,3,3,2,3,3,4,2,4,4,3,4,3,5,4,3,4,4,4,4,4,3,4,3,3,2,2,3,2,2,2,2,3,3.83,2.83,3.17,4.5,4.0,3.0,3.33,4.0,3.5,2.25,3.57
R0987,Manufacturing,Micro: Fewer than 10 employees,Less than 3 years,Fewer than 10,Industrial area,Plastic waste,No,Operations department,3,3,4,5,3,4,3,2,1,2,3,3,2,3,4,2,3,2,3,3,3,2,3,2,1,2,2,3,1,2,3,2,2,2,1,2,2,2,1,3,3,3,1,4,2,2,2,1,2,3,4,3,3,3,3,3,4,2,3,3,4,3,3.67,2.33,2.67,2.67,1.83,2.0,2.33,2.0,3.0,3.12,2.5
R0988,Healthcare,Micro: Fewer than 10 employees,6-10 years,Fewer than 10,Urban area,Mixed municipal waste,No,External waste-management agency,5,3,3,4,4,4,4,4,3,4,3,4,5,5,5,4,5,5,4,3,4,3,4,4,2,3,3,4,4,3,4,5,4,3,4,4,3,,3,4,3,3,2,3,3,3,3,3,4,4,3,3,4,3,3,3,4,4,3,3,3,4,3.83,3.67,4.83,3.67,3.17,4.0,3.2,2.83,3.5,3.38,3.63
R0989,Information Technology,Micro: Fewer than 10 employees,6-10 years,10-49,Urban area,Paper and cardboard,Under development,External waste-management agency,3,3,4,3,4,3,4,4,4,4,4,4,2,3,3,3,3,3,4,3,4,4,5,4,5,,3,4,3,2,3,4,3,3,4,3,3,3,3,2,2,3,3,3,3,3,3,3,4,4,4,4,5,3,3,2,3,4,3,3,3,4,3.33,4.0,2.83,4.0,3.4,3.33,2.67,3.0,4.0,3.12,3.4
R0990,Information Technology,Small: 10-49 employees,3-5 years,50-99,Urban area,Paper and cardboard,No,External waste-management agency,2,4,4,4,3,3,4,3,3,3,3,3,4,4,3,3,4,2,4,4,2,3,4,4,4,4,3,3,3,3,3,3,4,4,5,4,3,4,3,4,4,3,3,3,3,3,4,2,3,3,3,3,3,3,4,4,4,2,5,4,4,5,3.33,3.17,3.33,3.5,3.33,3.83,3.5,3.0,3.0,4.0,3.33
R0991,Healthcare,Medium: 50-249 employees,11-20 years,100-249,Urban area,Food or organic waste,Under development,Operations department,3,,3,3,4,4,4,3,3,5,4,2,4,3,3,3,4,4,4,4,4,3,4,4,4,4,4,4,5,5,3,3,3,3,3,4,4,4,4,3,3,3,3,3,4,3,3,4,3,4,3,3,4,3,3,2,2,3,3,3,4,3,3.4,3.5,3.5,3.83,4.33,3.17,3.5,3.33,3.33,2.88,3.54
R0992,Manufacturing,Large: 250 employees or more,11-20 years,100-249,Industrial area,Paper and cardboard,Not sure,Operations department,5,4,4,4,4,4,5,5,4,3,5,4,4,4,5,4,4,5,3,3,3,3,4,3,4,4,5,4,3,3,4,4,4,4,4,4,4,4,3,4,4,3,5,4,5,4,4,3,4,4,3,3,4,4,4,4,4,3,3,3,4,2,4.17,4.33,4.33,3.17,3.83,4.0,3.67,4.17,3.67,3.38,3.93
R0993,Retail,Medium: 50-249 employees,11-20 years,100-249,Urban area,Mixed municipal waste,Under development,Facility management team,5,4,4,4,4,4,5,4,4,4,4,4,2,4,4,4,4,2,4,4,4,5,5,4,3,4,4,5,4,4,3,4,4,5,4,5,3,4,4,4,4,3,5,4,4,5,5,4,5,5,5,4,5,3,2,1,2,2,1,1,2,1,4.17,4.17,3.33,4.33,4.0,4.17,3.67,4.5,4.5,1.5,4.09
R0994,Information Technology,Large: 250 employees or more,11-20 years,100-249,Urban area,Mixed municipal waste,Not sure,Environmental or sustainability department,2,3,4,4,3,4,4,4,4,2,5,5,5,5,4,4,4,5,4,3,5,4,4,4,4,4,4,4,4,5,3,4,3,4,3,4,3,2,2,3,3,1,5,4,4,5,4,4,5,5,4,4,5,3,3,3,4,4,3,2,3,1,3.33,4.0,4.5,4.0,4.17,3.5,2.33,4.33,4.33,2.88,3.83
R0995,Retail,Micro: Fewer than 10 employees,Less than 3 years,Fewer than 10,Commercial area,Mixed municipal waste,Not sure,External waste-management agency,4,3,3,4,5,4,4,4,3,3,3,4,3,4,4,4,3,3,4,5,4,4,5,4,3,2,3,4,4,3,,3,3,3,4,4,3,4,4,4,4,4,3,4,3,2,4,3,4,3,4,3,3,4,2,3,2,2,2,3,2,2,3.83,3.5,3.5,4.33,3.17,3.4,3.83,3.17,3.5,2.25,3.58
R0996,Information Technology,Large: 250 employees or more,6-10 years,250 or more,Commercial area,Paper and cardboard,Not sure,Facility management team,2,3,3,3,4,4,2,2,2,4,3,3,2,1,3,3,2,3,3,3,3,4,5,3,4,4,3,2,4,4,4,5,5,4,3,3,5,4,4,3,4,4,3,3,3,3,3,4,5,4,3,3,3,4,3,2,3,4,3,3,4,3,3.17,2.67,2.33,3.5,3.5,4.0,4.0,3.17,3.67,3.12,3.33
R0997,Retail,Micro: Fewer than 10 employees,Less than 3 years,Fewer than 10,Urban area,Paper and cardboard,Under development,Operations department,3,2,3,3,2,2,4,3,3,4,3,2,3,4,3,3,3,2,4,4,4,5,4,3,4,3,4,2,4,4,3,4,4,5,3,4,3,4,3,4,4,4,4,3,4,3,3,4,4,3,3,3,3,4,3,3,5,3,3,3,3,2,2.5,3.17,3.0,4.0,3.5,3.83,3.67,3.5,3.33,3.12,3.39
R0998,Manufacturing,Micro: Fewer than 10 employees,Less than 3 years,Fewer than 10,Industrial area,Plastic waste,Yes,Facility management team,2,2,2,2,2,2,2,2,2,2,2,2,2,2,2,2,2,2,2,2,2,2,2,2,2,2,2,2,2,2,2,2,2,2,2,2,2,2,2,2,2,2,2,2,2,2,2,2,2,2,2,2,2,2,2,2,2,2,2,2,2,2,2.0,2.0,2.0,2.0,2.0,2.0,2.0,2.0,2.0,2.0,2.0
R0999,Healthcare,Medium: 50-249 employees,Less than 3 years,50-99,Urban area,Mixed municipal waste,Under development,Operations department,4,3,4,4,3,3,4,4,4,3,4,4,4,4,3,4,3,4,4,3,5,3,4,3,4,4,4,4,3,3,3,4,4,3,3,3,4,2,2,3,2,,3,2,3,3,4,3,4,5,5,5,5,5,3,2,4,4,3,2,4,3,3.5,3.83,3.67,3.67,3.67,3.33,2.6,3.0,4.83,3.12,3.57
R1000,Healthcare,Large: 250 employees or more,6-10 years,250 or more,Urban area,Mixed municipal waste,Not sure,Operations department,4,4,4,4,2,4,4,3,4,3,4,3,3,4,4,4,4,3,3,4,4,4,2,4,1,3,3,3,3,3,4,3,4,4,3,4,4,4,4,4,3,2,4,5,4,3,4,3,5,3,5,4,4,5,3,3,3,4,3,3,3,4,3.67,3.5,3.67,3.5,2.67,3.67,3.5,3.83,4.33,3.25,3.59
R1001,Healthcare,Medium: 50-249 employees,11-20 years,50-99,Urban area,Mixed municipal waste,Under development,Operations department,4,2,2,4,4,3,4,3,4,3,3,2,3,4,3,4,3,2,4,3,3,4,2,3,1,3,4,5,3,2,4,3,4,2,3,3,2,3,5,3,4,4,3,4,3,3,4,4,2,2,2,2,3,1,3,2,3,2,3,4,3,2,3.17,3.17,3.17,3.17,3.0,3.17,3.5,3.5,2.0,2.75,3.09
R1002,Manufacturing,Medium: 50-249 employees,3-5 years,50-99,Industrial area,Plastic waste,Not sure,Facility management team,3,3,3,,3,3,4,3,3,3,3,2,4,4,3,3,4,2,3,3,3,2,2,3,4,4,2,3,4,4,3,2,4,3,3,3,2,2,2,3,2,2,4,3,4,3,4,5,3,4,2,3,2,3,3,3,4,4,3,4,4,3,3.0,3.0,3.33,2.67,3.5,3.0,2.17,3.83,2.83,3.5,3.04
R1003,Information Technology,Small: 10-49 employees,6-10 years,10-49,Urban area,Paper and cardboard,Not sure,External waste-management agency,3,2,3,4,3,4,4,3,4,3,3,3,3,4,4,2,4,4,3,4,4,4,3,4,4,4,2,3,2,3,5,3,4,3,4,5,3,3,3,3,2,4,3,4,3,4,4,4,4,4,2,3,3,3,1,2,3,4,3,4,2,3,3.17,3.33,3.5,3.67,3.0,4.0,3.0,3.67,3.17,2.75,3.39
R1004,Retail,Small: 10-49 employees,11-20 years,Fewer than 10,Semi-urban area,Paper and cardboard,Under development,Facility management team,3,4,4,4,4,4,3,3,4,3,3,4,3,4,3,3,3,2,4,4,3,3,3,2,2,3,4,4,4,4,3,3,5,4,2,4,2,2,3,5,4,4,5,4,5,4,5,5,4,4,4,3,3,4,4,4,2,4,5,4,3,4,3.83,3.33,3.0,3.17,3.5,3.5,3.33,4.67,3.67,3.75,3.56
R1005,Information Technology,Small: 10-49 employees,6-10 years,10-49,Urban area,Paper and cardboard,Under development,Facility management team,3,4,4,5,5,4,3,3,3,3,3,4,5,4,4,4,3,3,3,2,3,4,3,3,3,1,3,4,2,1,4,3,3,3,4,4,1,2,2,3,3,2,4,3,2,3,3,4,3,3,4,4,4,4,3,2,3,2,2,2,1,2,4.17,3.17,3.83,3.0,2.33,3.5,2.17,3.17,3.67,2.12,3.22
R1006,Healthcare,Micro: Fewer than 10 employees,3-5 years,Fewer than 10,Urban area,Paper and cardboard,Not sure,External waste-management agency,4,4,3,3,4,4,2,3,,3,3,3,3,4,4,4,4,4,3,4,3,3,3,4,4,3,3,3,2,3,2,3,3,3,3,3,3,3,3,2,3,3,3,4,3,3,4,5,5,4,4,4,4,4,3,2,2,3,4,3,4,4,3.67,2.8,3.83,3.33,3.0,2.83,2.83,3.67,4.17,3.12,3.35
R1007,Retail,Small: 10-49 employees,3-5 years,10-49,Urban area,Mixed municipal waste,Under development,Facility management team,4,4,,4,4,3,4,3,,3,3,4,5,3,4,4,4,4,3,4,4,4,3,4,2,3,3,3,3,4,3,,4,3,4,3,4,4,4,4,5,3,,5,4,4,5,4,4,4,5,5,5,5,2,2,3,1,3,2,2,3,3.8,3.4,4.0,3.67,3.0,3.4,4.0,4.4,4.67,2.25,3.82
R1008,Healthcare,Medium: 50-249 employees,3-5 years,50-99,Industrial area,Food or organic waste,Under development,Operations department,3,2,2,2,3,3,2,3,3,3,2,3,4,3,4,3,4,2,4,3,4,4,3,,,4,3,3,5,3,3,3,3,2,3,2,3,1,3,2,4,3,2,3,3,2,2,3,2,2,3,3,2,2,3,2,3,3,5,3,3,3,2.5,2.67,3.33,3.6,3.6,2.67,2.67,2.5,2.33,3.12,2.87
R1009,Healthcare,Small: 10-49 employees,6-10 years,Fewer than 10,Semi-urban area,Mixed municipal waste,Under development,Operations department,5,5,4,4,4,3,4,5,4,3,4,4,5,3,5,4,4,4,4,3,3,3,4,3,3,4,4,3,4,3,4,5,4,5,4,4,5,5,2,4,4,5,4,5,4,2,4,4,2,3,3,,3,2,3,3,3,3,4,4,2,3,4.17,4.0,4.17,3.33,3.5,4.33,4.17,3.83,2.6,3.12,3.79
R1010,Retail,Medium: 50-249 employees,3-5 years,100-249,Urban area,Plastic waste,Not sure,Operations department,2,4,5,3,5,3,3,3,3,4,4,5,4,5,5,5,3,3,5,4,4,2,3,2,4,4,3,4,3,4,5,2,3,5,3,5,4,5,5,3,5,3,4,4,5,4,5,5,4,3,4,3,3,4,2,3,2,2,3,2,3,2,3.67,3.67,4.17,3.33,3.67,3.83,4.17,4.5,3.5,2.38,3.83
R1011,Healthcare,Micro: Fewer than 10 employees,6-10 years,Fewer than 10,Commercial area,Paper and cardboard,No,External waste-management agency,3,2,4,2,3,3,3,4,4,2,3,4,2,2,4,3,3,3,2,2,2,3,3,2,4,5,5,5,3,2,3,3,3,3,3,2,2,3,2,2,3,2,4,3,3,4,3,3,3,3,3,3,3,3,3,2,4,3,3,3,2,3,2.83,3.33,2.83,2.33,4.0,2.83,2.33,3.33,3.0,2.88,2.98
R1012,Manufacturing,Large: 250 employees or more,11-20 years,100-249,Urban area,Plastic waste,Under development,Facility management team,3,3,4,5,4,3,4,4,3,4,3,5,4,3,5,4,4,3,5,5,5,4,3,4,4,3,4,4,4,2,3,3,3,4,4,3,4,3,3,3,3,3,4,4,4,4,5,5,5,5,4,5,5,5,3,2,4,3,4,3,4,3,3.67,3.83,3.83,4.33,3.5,3.33,3.17,4.33,4.83,3.25,3.87
R1013,Hospitality/Services,Small: 10-49 employees,Less than 3 years,50-99,Commercial area,Food or organic waste,No,External waste-management agency,4,3,3,2,3,3,4,3,4,4,4,4,3,3,3,2,2,3,3,3,3,4,3,4,3,4,4,3,3,4,2,3,3,4,4,3,4,4,4,5,3,3,4,4,4,3,4,3,4,4,3,4,4,4,4,4,4,5,4,4,3,4,3.0,3.83,2.67,3.33,3.5,3.17,3.83,3.67,3.83,4.0,3.43
R1014,Retail,Medium: 50-249 employees,Less than 3 years,10-49,Semi-urban area,Paper and cardboard,No,External waste-management agency,3,2,2,2,2,1,3,2,3,2,2,2,3,4,3,3,3,3,4,3,4,3,4,3,3,2,4,3,4,3,3,2,3,3,4,2,2,4,4,1,3,3,3,4,3,3,3,3,2,4,3,3,2,3,2,3,4,2,3,3,4,4,2.0,2.33,3.17,3.5,3.17,2.83,2.83,3.17,2.83,3.12,2.87
R1015,Manufacturing,Small: 10-49 employees,Less than 3 years,10-49,Industrial area,Paper and cardboard,Under development,External waste-management agency,3,2,3,2,3,3,5,3,3,4,3,3,3,4,3,2,3,3,3,4,3,2,4,2,3,1,4,4,3,4,5,4,4,3,3,3,4,4,4,3,4,3,4,4,3,4,3,4,2,3,3,2,1,2,2,3,1,3,4,2,3,4,2.67,3.5,3.0,3.0,3.17,3.67,3.67,3.67,2.17,2.75,3.17
R1016,Information Technology,Medium: 50-249 employees,3-5 years,100-249,Semi-urban area,Paper and cardboard,No,Facility management team,3,3,4,4,3,3,3,4,5,5,4,4,2,3,3,2,4,2,3,3,2,3,3,3,2,2,3,3,3,3,2,2,2,1,2,1,3,3,3,3,3,3,3,2,2,3,3,3,2,2,3,2,4,3,4,5,4,4,4,4,4,3,3.33,4.17,2.67,2.83,2.67,1.67,3.0,2.67,2.67,4.0,2.85
R1017,Manufacturing,Small: 10-49 employees,11-20 years,10-49,Industrial area,Plastic waste,Under development,External waste-management agency,5,2,3,4,4,4,4,3,3,,2,3,5,3,4,3,3,4,4,3,4,2,3,4,4,3,2,4,3,4,3,3,2,2,3,2,4,3,3,4,3,3,3,4,2,3,4,4,5,5,5,5,5,5,3,3,4,5,4,3,3,3,3.67,3.0,3.67,3.33,3.33,2.5,3.33,3.33,5.0,3.5,3.46
R1018,Hospitality/Services,Small: 10-49 employees,11-20 years,10-49,Commercial area,Plastic waste,No,External waste-management agency,5,3,3,4,3,3,3,4,2,3,3,3,4,3,4,3,3,4,3,4,3,3,5,3,2,4,3,2,3,3,3,3,3,2,3,4,2,3,3,3,4,2,4,5,3,4,4,3,3,3,2,2,3,2,2,3,3,1,2,3,2,4,3.5,3.0,3.5,3.5,2.83,3.0,2.83,3.83,2.5,2.5,3.17
R1019,Retail,Micro: Fewer than 10 employees,3-5 years,Fewer than 10,Urban area,Plastic waste,Not sure,Operations department,4,3,3,3,4,3,3,4,4,4,4,3,2,2,3,1,3,2,5,4,4,3,4,4,4,3,2,2,2,3,4,3,5,3,4,3,4,5,3,3,5,5,3,3,3,4,3,3,4,4,4,3,5,4,4,3,2,2,3,4,2,3,3.33,3.67,2.17,4.0,2.67,3.67,4.17,3.17,4.0,2.88,3.43
R1020,Manufacturing,Medium: 50-249 employees,6-10 years,100-249,Commercial area,Paper and cardboard,Under development,Operations department,5,4,3,5,3,5,4,3,2,2,3,4,4,3,3,3,4,4,2,2,3,1,3,4,3,3,3,4,3,5,3,3,3,2,3,3,2,2,2,2,4,2,2,4,3,3,3,2,3,3,3,4,4,3,5,4,3,3,3,2,3,2,4.17,3.0,3.5,2.5,3.5,2.83,2.33,2.83,3.33,3.12,3.11
R1021,Manufacturing,Medium: 50-249 employees,11-20 years,100-249,Urban area,Plastic waste,Not sure,Operations department,3,3,2,3,5,3,3,,3,3,3,4,4,4,4,4,3,3,2,3,4,4,4,3,3,4,3,5,4,3,2,3,4,3,3,3,2,3,2,3,4,4,3,3,2,2,3,3,3,3,4,3,3,3,3,2,3,2,3,2,2,2,3.17,3.2,3.67,3.33,3.67,3.0,3.0,2.67,3.17,2.38,3.21
R1022,Manufacturing,Small: 10-49 employees,3-5 years,10-49,Semi-urban area,Paper and cardboard,Under development,Operations department,3,3,3,3,3,4,3,4,4,3,4,4,3,5,4,4,5,4,3,3,3,2,3,3,3,3,4,3,3,3,3,3,4,5,3,4,3,4,5,3,3,3,4,3,5,4,4,3,5,3,4,3,4,4,4,3,4,3,3,3,3,3,3.17,3.67,4.17,2.83,3.17,3.67,3.5,3.83,3.83,3.25,3.54
R1023,Manufacturing,Micro: Fewer than 10 employees,6-10 years,Fewer than 10,Industrial area,Plastic waste,Under development,Operations department,4,4,4,3,5,4,3,3,5,4,2,3,3,4,3,4,4,4,5,3,4,4,3,4,4,3,2,4,5,3,3,4,,2,4,3,4,2,2,3,2,3,3,4,3,3,3,3,4,4,4,4,4,4,3,5,4,5,5,5,4,4,4.0,3.33,3.67,3.83,3.5,3.2,2.67,3.17,4.0,4.38,3.49
R1024,Manufacturing,Micro: Fewer than 10 employees,6-10 years,Fewer than 10,Semi-urban area,Food or organic waste,Not sure,Operations department,3,3,3,3,3,3,4,5,4,4,4,5,5,2,3,4,4,4,2,3,4,4,3,4,4,4,4,5,3,3,4,4,3,3,4,4,4,4,4,5,3,4,4,5,3,3,4,4,4,5,5,4,3,4,4,3,4,3,3,3,3,3,3.0,4.33,3.67,3.33,3.83,3.67,4.0,3.83,4.17,3.25,3.76
R1025,Retail,Micro: Fewer than 10 employees,Less than 3 years,Fewer than 10,Urban area,Paper and cardboard,No,External waste-management agency,4,3,4,3,2,5,,3,2,3,2,3,2,3,3,3,3,3,3,2,2,4,4,3,3,3,2,3,3,2,3,4,3,3,4,2,2,2,3,2,2,3,3,4,2,3,3,3,2,3,3,3,2,2,1,3,3,3,3,4,3,3,3.5,2.6,2.83,3.0,2.67,3.17,2.33,3.0,2.5,2.88,2.84
R1026,Retail,Micro: Fewer than 10 employees,3-5 years,Fewer than 10,Commercial area,Mixed municipal waste,Under development,External waste-management agency,3,2,1,2,4,1,2,2,3,2,3,2,3,4,4,4,3,3,2,2,3,3,2,2,3,3,4,3,5,3,4,3,2,3,3,4,4,4,3,4,3,3,3,4,3,4,4,2,4,4,4,4,4,3,3,4,3,3,3,3,4,3,2.17,2.33,3.5,2.33,3.5,3.17,3.5,3.33,3.83,3.25,3.07
R1027,Retail,Micro: Fewer than 10 employees,Less than 3 years,Fewer than 10,Urban area,Mixed municipal waste,No,External waste-management agency,3,2,1,2,2,2,3,3,3,4,2,3,1,1,3,3,2,2,2,2,1,1,2,2,3,2,3,4,2,3,4,4,3,,2,3,3,2,3,3,3,2,2,2,3,3,3,2,2,2,3,2,3,3,5,4,4,4,4,4,4,3,2.0,3.0,2.0,1.67,2.83,3.2,2.67,2.5,2.5,4.0,2.49
R1028,Manufacturing,Micro: Fewer than 10 employees,11-20 years,Fewer than 10,Urban area,Food or organic waste,No,External waste-management agency,3,4,3,1,2,3,4,3,4,3,4,4,3,4,3,4,3,4,3,3,3,2,3,3,4,4,3,2,3,3,3,4,2,4,4,3,3,3,3,5,5,4,4,4,3,4,5,3,4,4,4,4,3,4,3,3,2,1,3,3,4,4,2.67,3.67,3.5,2.83,3.17,3.33,3.83,3.83,3.83,2.88,3.41
R1029,Manufacturing,Micro: Fewer than 10 employees,6-10 years,Fewer than 10,Industrial area,Paper and cardboard,Not sure,Facility management team,4,3,3,3,4,4,4,4,4,4,4,4,2,4,3,3,4,3,4,4,4,3,2,4,3,3,4,2,4,3,5,2,4,3,2,4,3,2,3,3,3,2,2,2,3,2,3,3,2,2,2,3,2,4,4,4,3,3,4,3,3,3,3.5,4.0,3.17,3.5,3.17,3.33,2.67,2.5,2.5,3.38,3.15
R1030,Manufacturing,Large: 250 employees or more,3-5 years,100-249,Industrial area,Plastic waste,Yes,Facility management team,4,3,3,3,4,3,5,4,4,4,4,3,3,3,4,3,4,4,5,3,4,3,3,4,4,4,4,3,5,4,4,3,4,3,4,4,3,4,3,2,4,3,4,3,4,3,4,4,3,5,4,3,3,4,1,2,3,3,3,2,2,2,3.33,4.0,3.5,3.67,4.0,3.67,3.17,3.67,3.67,2.25,3.63
R1031,Manufacturing,Medium: 50-249 employees,6-10 years,100-249,Industrial area,Mixed municipal waste,Not sure,Environmental or sustainability department,4,4,5,4,4,3,4,3,4,2,4,3,5,4,4,3,3,4,5,4,4,5,4,4,5,5,5,3,4,3,3,2,3,4,2,4,3,4,4,5,4,5,3,4,4,5,4,4,4,4,3,3,4,4,4,4,5,4,4,3,4,4,4.0,3.33,3.83,4.33,4.17,3.0,4.17,4.0,3.67,4.0,3.83
R1032,Retail,Medium: 50-249 employees,Less than 3 years,100-249,Urban area,Food or organic waste,Under development,Facility management team,2,3,3,3,4,4,4,4,3,4,4,2,4,4,4,4,4,5,3,2,3,3,3,3,4,3,4,3,3,4,,5,4,4,4,4,2,4,4,4,3,,4,3,3,3,4,3,3,3,4,3,3,4,4,4,2,5,3,3,3,3,3.17,3.5,4.17,2.83,3.5,4.2,3.4,3.33,3.33,3.38,3.49
R1033,Manufacturing,Medium: 50-249 employees,Less than 3 years,10-49,Industrial area,Paper and cardboard,No,Operations department,4,3,3,3,3,2,3,2,2,3,1,2,3,4,4,3,4,3,4,4,4,5,4,4,4,3,3,3,3,3,3,2,2,3,1,2,4,3,3,4,4,2,3,3,3,4,3,3,4,3,2,4,4,3,3,3,3,4,4,5,5,3,3.0,2.17,3.5,4.17,3.17,2.17,3.33,3.17,3.33,3.75,3.11
R1034,Retail,Large: 250 employees or more,11-20 years,250 or more,Urban area,Plastic waste,Under development,Facility management team,3,3,3,3,3,3,3,3,2,2,3,2,4,3,3,3,4,3,5,4,5,4,5,5,3,2,4,3,3,4,4,4,4,3,3,3,4,3,3,3,4,3,4,4,5,5,4,3,4,3,4,4,3,4,3,4,3,4,2,2,2,3,3.0,2.5,3.33,4.67,3.17,3.5,3.33,4.17,3.67,2.88,3.48
R1035,Hospitality/Services,Micro: Fewer than 10 employees,3-5 years,Fewer than 10,Urban area,Mixed municipal waste,No,External waste-management agency,5,3,2,3,2,3,2,3,3,3,3,3,3,3,4,3,4,5,2,3,2,3,2,3,1,2,2,1,3,3,2,2,3,2,4,4,2,2,2,3,2,3,4,3,4,4,4,3,2,4,3,3,3,3,2,3,3,3,2,3,2,3,3.0,2.83,3.67,2.5,2.0,2.83,2.33,3.67,3.0,2.62,2.87
R1036,Manufacturing,Small: 10-49 employees,11-20 years,10-49,Commercial area,Plastic waste,Not sure,External waste-management agency,3,4,4,3,4,3,3,4,2,3,3,3,3,3,3,3,3,5,3,4,3,4,3,4,3,3,4,4,4,3,3,2,4,2,2,3,3,3,4,3,4,4,3,3,4,4,4,5,3,3,2,3,3,3,2,2,2,2,3,4,2,2,3.5,3.0,3.33,3.5,3.5,2.67,3.5,3.83,2.83,2.38,3.3
R1037,Manufacturing,Micro: Fewer than 10 employees,Less than 3 years,Fewer than 10,Industrial area,Plastic waste,Yes,External waste-management agency,4,4,4,5,4,5,3,3,5,3,4,3,3,5,5,4,4,4,4,3,3,3,4,3,4,4,5,4,3,4,4,4,3,4,4,4,4,3,5,4,3,4,3,4,4,5,3,5,4,5,2,4,2,5,2,2,3,2,1,1,2,1,4.33,3.5,4.17,3.33,4.0,3.83,3.83,4.0,3.67,1.75,3.85
R1038,Healthcare,Large: 250 employees or more,3-5 years,250 or more,Industrial area,Paper and cardboard,No,Operations department,3,4,3,4,2,3,2,2,2,3,3,4,3,4,4,4,3,4,4,4,4,3,3,5,3,3,2,4,4,2,3,3,4,3,4,3,3,3,3,2,3,3,4,5,3,4,4,3,3,3,3,3,4,3,1,2,2,2,2,2,3,3,3.17,2.67,3.67,3.83,3.0,3.33,2.83,3.83,3.17,2.12,3.28
R1039,Retail,Micro: Fewer than 10 employees,6-10 years,Fewer than 10,Urban area,Mixed municipal waste,Yes,Operations department,5,3,5,4,4,4,3,5,4,3,3,5,3,3,4,3,5,5,5,4,5,5,4,5,4,3,3,4,3,3,4,3,2,4,4,3,4,4,5,5,4,4,4,3,5,4,5,4,4,3,3,4,5,4,3,2,4,3,3,3,2,3,4.17,3.83,3.83,4.67,3.33,3.33,4.33,4.17,3.83,2.88,3.94
R1040,Manufacturing,Small: 10-49 employees,11-20 years,50-99,Industrial area,Mixed municipal waste,Yes,Environmental or sustainability department,3,2,4,2,3,3,4,4,4,3,5,4,4,3,5,4,4,4,4,3,3,4,3,3,3,4,4,4,4,4,5,4,5,4,5,4,4,4,4,4,5,4,4,3,4,5,5,5,,4,3,3,3,3,3,1,1,3,2,2,2,3,2.83,4.0,4.0,3.33,3.83,4.5,4.17,4.33,3.2,2.12,3.8
R1041,Information Technology,Micro: Fewer than 10 employees,6-10 years,Fewer than 10,Urban area,Plastic waste,Not sure,External waste-management agency,3,2,2,2,4,4,3,2,3,5,3,3,4,3,4,4,4,4,2,2,3,3,3,1,,4,4,2,2,3,3,3,2,3,4,4,3,2,2,3,2,2,4,3,4,4,4,3,3,3,3,2,4,3,5,5,4,4,4,5,4,4,2.83,3.17,3.83,2.33,3.0,3.17,2.33,3.67,3.0,4.38,3.04
R1042,Information Technology,Small: 10-49 employees,11-20 years,10-49,Urban area,Paper and cardboard,Not sure,Operations department,4,3,4,4,3,3,4,3,3,3,3,2,2,2,2,3,2,3,4,3,4,4,4,4,3,3,5,3,3,4,4,4,4,3,4,4,4,5,5,5,5,5,4,4,4,4,3,3,4,4,4,4,5,4,3,3,4,,2,3,3,3,3.5,3.0,2.33,3.83,3.5,3.83,4.83,3.67,4.17,3.0,3.63
R1043,Hospitality/Services,Large: 250 employees or more,11-20 years,250 or more,Urban area,Food or organic waste,Not sure,Facility management team,4,4,4,4,5,5,4,3,3,3,4,4,4,5,5,4,4,4,5,4,5,5,5,5,4,4,4,3,3,3,3,3,4,3,3,4,5,4,3,3,4,5,4,5,5,4,4,3,4,5,4,5,4,5,3,3,3,2,3,2,3,3,4.33,3.5,4.33,4.83,3.5,3.33,4.0,4.17,4.5,2.75,4.05
R1044,Hospitality/Services,Large: 250 employees or more,3-5 years,100-249,Urban area,Mixed municipal waste,Not sure,Facility management team,4,3,3,3,3,3,3,4,4,5,3,3,3,3,3,2,3,4,5,5,4,3,4,4,4,4,4,3,5,4,5,4,3,3,3,4,4,3,3,2,4,4,3,4,4,4,4,4,,3,2,2,2,3,2,3,2,2,2,2,3,4,3.17,3.67,3.0,4.17,4.0,3.67,3.33,3.83,2.4,2.5,3.47
R1045,Healthcare,Micro: Fewer than 10 employees,6-10 years,10-49,Urban area,Food or organic waste,Not sure,External waste-management agency,3,3,2,2,1,1,3,5,3,4,4,3,3,4,3,4,3,4,3,4,4,5,3,3,3,4,4,4,3,2,4,4,3,3,3,4,5,4,3,3,4,3,4,4,4,4,3,4,3,3,3,3,4,2,4,4,2,4,4,4,4,4,2.0,3.67,3.5,3.67,3.33,3.5,3.67,3.83,3.0,3.75,3.35
R1046,Healthcare,Micro: Fewer than 10 employees,Less than 3 years,Fewer than 10,Semi-urban area,Mixed municipal waste,Not sure,External waste-management agency,4,4,4,4,3,4,1,2,2,3,3,2,3,3,3,3,3,3,3,3,4,3,4,3,3,3,4,3,4,3,3,4,3,3,3,2,3,3,4,3,3,4,4,3,,3,4,4,3,3,4,4,4,3,3,4,3,4,3,2,4,3,3.83,2.17,3.0,3.33,3.33,3.0,3.33,3.6,3.5,3.25,3.23
R1047,Retail,Micro: Fewer than 10 employees,Less than 3 years,Fewer than 10,Urban area,Food or organic waste,No,External waste-management agency,5,4,5,3,4,5,3,3,3,4,3,3,4,3,3,4,4,3,4,4,4,5,3,4,3,2,3,3,4,,3,4,4,3,4,,3,3,3,3,3,3,3,4,4,3,4,3,3,3,2,3,2,3,3,2,3,2,3,4,3,3,4.33,3.17,3.5,4.0,3.0,3.6,3.0,3.5,2.67,2.88,3.42
R1048,Information Technology,Medium: 50-249 employees,11-20 years,50-99,Commercial area,Paper and cardboard,Not sure,External waste-management agency,3,3,5,3,4,5,3,4,4,4,4,4,3,3,3,3,3,3,5,3,4,2,5,4,3,4,4,4,4,3,4,4,4,4,4,3,4,3,3,4,4,2,3,3,,3,3,3,5,4,4,5,3,4,3,2,2,2,2,3,3,2,3.83,3.83,3.0,3.83,3.67,3.83,3.33,3.0,4.17,2.38,3.61
R1049,Healthcare,Micro: Fewer than 10 employees,Less than 3 years,Fewer than 10,Semi-urban area,Mixed municipal waste,No,External waste-management agency,2,2,2,3,3,1,4,4,3,4,4,4,3,3,2,2,2,1,3,2,4,3,3,3,4,4,4,2,3,3,4,2,3,3,4,3,1,1,2,1,1,2,2,2,2,2,3,3,3,3,4,3,3,2,3,3,2,2,3,2,3,2,2.17,3.83,2.17,3.0,3.33,3.17,1.33,2.33,3.0,2.5,2.7
R1050,Retail,Small: 10-49 employees,11-20 years,10-49,Commercial area,Mixed municipal waste,Under development,Operations department,4,4,4,4,4,4,4,4,4,,4,4,4,4,4,4,4,4,4,4,4,4,4,4,4,4,4,4,4,4,4,4,4,4,4,4,4,4,4,4,4,4,4,4,4,4,4,4,4,4,4,4,4,4,4,4,4,4,4,4,4,4,4.0,4.0,4.0,4.0,4.0,4.0,4.0,4.0,4.0,4.0,4.0
R1051,Manufacturing,Small: 10-49 employees,3-5 years,Fewer than 10,Semi-urban area,Plastic waste,Under development,Operations department,3,5,5,3,3,4,3,3,3,3,,3,2,3,3,3,2,2,2,3,3,3,2,3,4,2,2,3,3,1,2,3,3,2,2,2,2,2,4,3,4,2,3,4,3,3,4,3,3,3,3,5,4,4,3,2,2,3,2,4,2,4,3.83,3.0,2.5,2.67,2.5,2.33,2.83,3.33,3.67,2.75,2.96
R1052,Healthcare,Medium: 50-249 employees,11-20 years,10-49,Urban area,Mixed municipal waste,No,Operations department,2,3,4,4,3,3,4,3,4,5,4,4,2,4,4,4,4,4,4,4,4,3,3,4,3,4,5,3,4,4,3,3,3,3,2,3,2,4,5,4,4,3,3,3,4,5,4,3,4,4,2,4,3,4,4,4,3,3,3,3,4,3,3.17,4.0,3.67,3.67,3.83,2.83,3.67,3.67,3.5,3.38,3.56
R1053,Retail,Medium: 50-249 employees,6-10 years,100-249,Industrial area,Plastic waste,No,Facility management team,3,4,2,2,3,2,3,4,3,4,4,3,4,3,3,4,4,3,5,2,4,3,4,4,3,2,4,4,4,4,3,3,3,4,2,3,3,3,3,4,4,2,3,3,2,3,3,2,3,4,4,4,4,5,3,3,2,3,3,3,3,4,2.67,3.5,3.5,3.67,3.5,3.0,3.17,2.67,4.0,3.0,3.3
R1054,Information Technology,Large: 250 employees or more,11-20 years,250 or more,Commercial area,Paper and cardboard,Yes,Environmental or sustainability department,5,4,5,5,4,5,4,4,4,3,5,4,5,5,5,5,5,4,4,4,4,4,4,4,4,2,4,4,2,3,4,5,4,4,5,4,5,4,5,5,3,4,4,4,5,5,5,4,4,4,4,5,4,4,1,2,3,3,3,2,,2,4.67,4.0,4.83,4.0,3.17,4.33,4.33,4.5,4.17,2.29,4.22
R1055,Manufacturing,Micro: Fewer than 10 employees,3-5 years,Fewer than 10,Industrial area,Mixed municipal waste,No,Operations department,4,3,2,4,4,3,3,5,4,4,3,2,3,2,4,4,4,3,3,4,2,3,3,3,2,3,2,2,3,3,3,3,4,4,3,2,3,3,3,2,2,3,3,3,3,3,2,3,4,5,3,3,2,4,2,3,3,5,2,3,4,1,3.33,3.5,3.33,3.0,2.5,3.17,2.67,2.83,3.5,2.88,3.09
R1056,Information Technology,Large: 250 employees or more,6-10 years,250 or more,Industrial area,Paper and cardboard,Yes,Environmental or sustainability department,3,4,4,4,2,,5,4,4,3,4,4,4,4,4,4,5,4,3,2,4,3,4,4,5,4,3,4,4,4,3,4,5,4,3,3,3,3,2,4,2,3,4,4,3,3,3,3,4,4,4,2,3,3,3,3,2,4,3,3,3,3,3.4,4.0,4.17,3.33,4.0,3.67,2.83,3.33,3.33,3.0,3.56
R1057,Manufacturing,Medium: 50-249 employees,3-5 years,100-249,Industrial area,Food or organic waste,Not sure,Facility management team,4,4,4,5,4,4,3,4,2,3,3,3,2,3,3,2,2,3,4,4,5,4,5,4,4,5,5,3,5,4,5,3,3,4,3,3,4,3,3,4,4,4,4,3,4,3,4,4,3,2,2,3,2,4,3,3,2,3,3,3,2,2,4.17,3.0,2.5,4.33,4.33,3.5,3.67,3.67,2.67,2.62,3.54
R1058,Healthcare,Large: 250 employees or more,6-10 years,250 or more,Commercial area,Mixed municipal waste,Not sure,Operations department,4,4,4,3,5,4,4,4,3,2,3,4,5,4,4,4,4,4,4,4,3,4,3,4,4,4,4,4,5,4,4,5,2,4,3,4,4,3,4,3,3,4,4,4,3,4,3,4,4,4,3,5,4,4,3,3,4,4,1,4,2,4,4.0,3.33,4.17,3.67,4.17,3.67,3.5,3.67,4.0,3.12,3.8
R1059,Retail,Large: 250 employees or more,6-10 years,100-249,Semi-urban area,Mixed municipal waste,Not sure,Operations department,4,4,5,4,4,4,2,2,2,2,3,2,4,4,4,3,4,3,4,3,3,4,3,3,4,2,2,2,3,3,3,3,2,2,3,3,3,2,2,3,3,,4,5,4,4,3,4,4,4,4,4,5,4,2,2,3,3,2,3,2,3,4.17,2.17,3.67,3.33,2.67,2.67,2.6,4.0,4.17,2.5,3.27
R1060,Retail,Micro: Fewer than 10 employees,6-10 years,Fewer than 10,Semi-urban area,Paper and cardboard,Under development,Facility management team,3,4,4,3,3,3,3,4,5,4,4,4,2,3,3,3,3,3,3,4,3,3,2,3,3,3,4,4,4,3,4,4,4,3,3,4,4,5,5,5,5,5,3,4,3,4,4,4,3,3,2,3,5,4,,3,,4,2,1,2,2,3.33,4.0,2.83,3.0,3.5,3.67,4.83,3.67,3.33,2.33,3.57
R1061,Retail,Micro: Fewer than 10 employees,3-5 years,Fewer than 10,Urban area,Food or organic waste,Yes,Operations department,5,3,4,5,3,4,2,3,3,3,2,3,4,4,4,3,,4,3,3,3,3,4,4,3,3,4,5,3,4,4,3,4,3,4,4,3,3,2,3,3,2,4,3,3,3,3,2,2,3,2,3,3,2,2,3,3,3,,3,3,3,4.0,2.67,3.8,3.33,3.67,3.67,2.67,3.0,2.5,2.86,3.26
R1062,Manufacturing,Medium: 50-249 employees,11-20 years,10-49,Semi-urban area,Plastic waste,Yes,Environmental or sustainability department,2,3,4,4,4,2,5,5,5,4,5,5,4,2,3,3,4,3,5,5,4,3,5,4,3,4,3,3,5,4,3,3,3,5,3,3,5,4,4,4,4,4,4,4,4,4,3,4,4,3,3,3,4,3,1,2,3,3,1,3,3,4,3.17,4.83,3.17,4.33,3.67,3.33,4.17,3.83,3.33,2.5,3.76
R1063,Manufacturing,Micro: Fewer than 10 employees,3-5 years,Fewer than 10,Industrial area,Plastic waste,Not sure,External waste-management agency,4,4,4,4,4,3,3,3,2,1,1,3,3,3,3,3,3,3,4,4,4,3,4,3,4,4,5,4,5,4,4,3,3,3,3,3,3,2,2,4,4,3,4,4,5,,4,4,4,4,4,2,4,4,2,2,3,4,5,4,2,3,3.83,2.17,3.0,3.67,4.33,3.17,3.0,4.2,3.67,3.12,3.45
R1064,Information Technology,Large: 250 employees or more,6-10 years,100-249,Urban area,Paper and cardboard,Under development,Environmental or sustainability department,5,4,4,5,4,5,5,5,5,4,5,4,5,4,4,4,4,5,3,4,3,3,3,3,4,4,4,4,4,4,5,3,4,4,4,5,5,4,5,,4,3,4,4,4,4,5,5,4,3,4,3,4,3,2,2,4,2,2,,2,2,4.5,4.67,4.33,3.17,4.0,4.17,4.2,4.33,3.5,2.29,4.1
R1065,Manufacturing,Small: 10-49 employees,Less than 3 years,10-49,Industrial area,Plastic waste,No,External waste-management agency,2,2,2,,2,2,3,2,4,2,3,3,4,3,3,2,3,3,3,3,3,5,3,2,4,3,4,4,4,2,2,3,3,4,3,3,4,2,3,4,2,3,2,3,2,2,2,2,4,3,5,3,3,3,5,5,4,4,3,4,3,4,2.0,2.83,3.0,3.17,3.5,3.0,3.0,2.17,3.5,4.0,2.91
R1066,Information Technology,Large: 250 employees or more,3-5 years,100-249,Urban area,Paper and cardboard,Under development,External waste-management agency,4,3,2,3,3,2,4,4,3,4,4,4,3,4,3,2,3,3,2,4,3,3,4,3,3,4,4,5,3,5,4,5,4,3,5,3,2,2,3,3,3,2,3,3,4,4,3,4,3,2,3,3,3,4,2,4,3,2,3,4,2,3,2.83,3.83,3.0,3.17,4.0,4.0,2.5,3.5,3.0,2.88,3.31
R1067,Information Technology,Small: 10-49 employees,3-5 years,50-99,Urban area,Mixed municipal waste,Not sure,External waste-management agency,4,4,4,2,4,3,3,4,4,4,4,4,3,2,2,3,2,2,4,3,4,4,4,4,2,2,2,2,2,2,3,3,4,3,3,3,3,4,4,3,4,2,3,3,3,3,4,3,3,4,3,4,3,4,4,3,3,4,2,2,2,2,3.5,3.83,2.33,3.83,2.0,3.17,3.33,3.17,3.5,2.75,3.18
R1068,Manufacturing,Medium: 50-249 employees,11-20 years,10-49,Industrial area,Paper and cardboard,Not sure,External waste-management agency,5,4,3,4,4,3,4,3,4,3,3,3,4,4,5,5,3,3,5,3,4,5,4,5,3,3,3,4,3,3,1,4,2,3,3,4,2,3,3,3,3,4,4,4,4,4,4,3,4,3,3,3,4,5,4,3,4,4,3,3,2,3,3.83,3.33,4.0,4.33,3.17,2.83,3.0,3.83,3.67,3.25,3.55
R1069,Information Technology,Large: 250 employees or more,11-20 years,250 or more,Semi-urban area,Paper and cardboard,Yes,Facility management team,5,4,5,5,5,5,5,5,4,4,4,5,3,4,2,3,3,4,5,3,4,4,3,5,3,4,3,4,4,4,4,3,3,4,4,4,4,5,5,5,5,4,3,3,4,4,3,3,4,5,5,4,4,5,3,2,3,2,3,2,3,3,4.83,4.5,3.17,4.0,3.67,3.67,4.67,3.33,4.5,2.62,4.04
R1070,Information Technology,Medium: 50-249 employees,11-20 years,50-99,Urban area,Paper and cardboard,Not sure,Environmental or sustainability department,4,3,2,4,2,4,3,3,3,5,3,3,5,3,4,4,4,3,3,3,3,4,3,2,4,1,3,3,3,3,2,2,3,3,2,3,2,3,3,4,3,2,3,4,5,4,3,3,3,3,2,3,3,3,4,4,3,2,2,3,3,4,3.17,3.33,3.83,3.0,2.83,2.5,2.83,3.67,2.83,3.12,3.11
R1071,Information Technology,Small: 10-49 employees,6-10 years,50-99,Urban area,Plastic waste,Under development,Operations department,4,3,3,3,3,4,3,4,4,4,4,3,3,3,4,3,3,4,4,3,4,4,4,4,5,3,3,2,2,2,3,3,5,4,4,3,3,3,1,3,4,3,3,4,3,3,4,4,3,,2,2,2,2,4,3,2,4,2,3,2,3,3.33,3.67,3.33,3.83,2.83,3.67,2.83,3.5,2.2,2.88,3.24
R1072,Information Technology,Medium: 50-249 employees,6-10 years,50-99,Urban area,Mixed municipal waste,No,External waste-management agency,2,5,3,3,4,2,3,3,3,2,3,4,5,4,4,4,4,4,3,3,2,4,2,3,3,3,3,3,3,4,3,5,3,3,4,3,4,3,2,2,4,3,3,2,3,2,3,3,3,3,2,3,2,2,5,4,4,1,4,3,4,3,3.17,3.0,4.17,2.83,3.17,3.5,3.0,2.67,2.5,3.5,3.11
R1073,Healthcare,Small: 10-49 employees,6-10 years,10-49,Commercial area,Paper and cardboard,Not sure,Operations department,3,4,3,3,4,3,3,3,3,5,2,3,3,4,3,3,4,3,3,4,2,3,2,3,4,3,3,3,2,3,4,2,4,3,3,5,3,2,4,3,2,2,4,3,3,3,3,4,3,3,3,3,4,4,2,4,4,5,2,3,5,4,3.33,3.17,3.33,2.83,3.0,3.5,2.67,3.33,3.33,3.62,3.17
R1074,Hospitality/Services,Micro: Fewer than 10 employees,6-10 years,Fewer than 10,Commercial area,Food or organic waste,No,External waste-management agency,4,4,4,4,4,4,4,4,4,4,4,4,4,4,4,4,4,4,4,4,4,4,4,4,4,4,4,4,4,4,4,4,4,4,4,4,4,4,4,4,4,4,4,4,4,4,4,4,4,4,4,4,4,4,4,4,4,4,4,4,4,4,4.0,4.0,4.0,4.0,4.0,4.0,4.0,4.0,4.0,4.0,4.0
R1075,Manufacturing,Micro: Fewer than 10 employees,3-5 years,Fewer than 10,Industrial area,Plastic waste,No,Operations department,5,5,4,5,4,5,2,3,4,4,4,4,3,3,2,3,3,2,4,4,3,4,4,3,3,2,3,4,3,3,2,3,2,4,3,3,5,5,3,3,4,4,3,4,3,3,4,2,2,3,2,2,3,3,4,4,3,4,3,4,3,4,4.67,3.5,2.67,3.67,3.0,2.83,4.0,3.17,2.5,3.62,3.33
R1076,Manufacturing,Large: 250 employees or more,Less than 3 years,250 or more,Semi-urban area,Plastic waste,Under development,Operations department,3,4,2,3,3,3,4,5,5,3,4,4,3,4,3,2,4,3,3,4,3,3,4,4,4,5,3,4,3,2,4,4,3,4,4,4,4,5,4,4,5,5,3,3,4,2,3,3,5,5,5,5,3,5,2,3,3,3,2,3,3,3,3.0,4.17,3.17,3.5,3.5,3.83,4.5,3.0,4.67,2.75,3.7
R1077,Information Technology,Large: 250 employees or more,11-20 years,100-249,Urban area,Food or organic waste,Under development,Environmental or sustainability department,5,4,5,4,4,3,4,3,4,3,4,3,3,4,4,3,4,4,4,4,3,4,5,5,4,5,4,4,3,3,3,4,3,4,4,3,3,3,3,2,3,3,3,5,4,3,4,4,2,3,4,4,,4,2,3,2,2,1,1,1,2,4.17,3.5,3.67,4.17,3.83,3.5,2.83,3.83,3.4,1.75,3.66
R1078,Manufacturing,Large: 250 employees or more,11-20 years,250 or more,Industrial area,Food or organic waste,Yes,Facility management team,4,4,5,5,4,4,4,4,4,4,5,4,5,3,5,3,5,4,4,4,4,5,4,4,3,4,4,3,4,4,3,4,5,5,5,4,5,5,5,4,5,5,5,5,5,5,5,4,5,5,4,4,4,,3,5,2,4,3,3,2,2,4.33,4.17,4.17,4.17,3.67,4.33,4.83,4.83,4.4,3.0,4.32
R1079,Healthcare,Large: 250 employees or more,11-20 years,250 or more,Urban area,Mixed municipal waste,No,Environmental or sustainability department,4,4,4,3,3,4,4,2,3,2,2,4,3,4,4,4,4,3,3,3,5,3,2,3,3,4,3,3,4,3,5,4,5,4,4,3,3,,5,4,3,4,3,3,3,4,3,3,3,3,4,4,4,4,2,2,2,2,1,2,3,2,3.67,2.83,3.67,3.17,3.33,4.17,3.8,3.17,3.67,2.0,3.5
R1080,Retail,Micro: Fewer than 10 employees,11-20 years,Fewer than 10,Commercial area,Mixed municipal waste,Yes,Facility management team,5,4,5,4,5,4,3,3,4,4,4,2,5,5,3,4,3,4,3,3,3,4,4,3,4,4,5,4,4,5,4,4,4,4,3,3,5,5,4,4,4,4,4,3,4,4,4,5,4,5,3,3,3,4,4,3,3,3,,4,2,4,4.5,3.33,4.0,3.33,4.33,3.67,4.33,4.0,3.67,3.29,3.91
R1081,Retail,Medium: 50-249 employees,11-20 years,100-249,Commercial area,Mixed municipal waste,Under development,Operations department,3,4,4,4,3,4,4,4,3,5,4,4,3,3,3,3,3,4,3,3,3,3,4,2,4,3,4,4,4,5,2,4,3,3,3,3,2,3,4,3,3,4,4,5,4,3,3,4,3,4,2,3,3,3,3,2,3,4,2,4,3,3,3.67,4.0,3.17,3.0,4.0,3.0,3.17,3.83,3.0,3.0,3.43
R1082,Information Technology,Small: 10-49 employees,6-10 years,50-99,Urban area,Mixed municipal waste,No,Operations department,3,3,3,3,3,2,4,3,3,3,2,3,4,4,3,3,3,2,3,4,3,4,3,4,3,4,3,5,2,4,3,3,3,3,3,3,4,4,4,4,3,5,3,3,3,3,3,2,3,3,3,2,2,3,3,2,3,2,2,3,2,2,2.83,3.0,3.17,3.5,3.5,3.0,4.0,2.83,2.67,2.38,3.17
R1083,Manufacturing,Small: 10-49 employees,6-10 years,10-49,Commercial area,Mixed municipal waste,Under development,Operations department,4,3,3,4,2,2,3,4,3,4,3,3,4,3,3,3,3,4,4,1,3,4,3,3,4,3,2,4,4,5,5,3,5,3,4,3,4,3,2,2,3,3,5,3,3,4,4,4,4,4,4,5,4,5,3,3,2,4,2,3,4,4,3.0,3.33,3.33,3.0,3.67,3.83,2.83,3.83,4.33,3.12,3.46
R1084,Manufacturing,Large: 250 employees or more,Less than 3 years,100-249,Semi-urban area,Mixed municipal waste,Under development,Operations department,3,4,4,3,4,5,3,4,3,4,3,3,3,3,4,4,3,4,4,3,4,4,4,3,4,3,4,3,4,3,4,4,4,4,3,4,3,3,4,3,4,4,3,4,3,3,3,3,3,2,4,3,3,3,2,3,4,3,3,4,3,3,3.83,3.33,3.5,3.67,3.5,3.83,3.5,3.17,3.0,3.12,3.48
R1085,Healthcare,Medium: 50-249 employees,6-10 years,50-99,Industrial area,Mixed municipal waste,No,External waste-management agency,3,2,3,2,3,3,3,2,3,2,2,4,5,5,,4,4,4,3,3,4,3,3,3,2,3,3,3,3,3,2,2,3,4,3,2,3,3,3,4,3,3,3,4,3,3,3,4,,4,4,3,3,4,3,4,3,5,2,4,4,4,2.67,2.67,4.4,3.17,2.83,2.67,3.17,3.33,3.6,3.62,3.17
R1086,Information Technology,Small: 10-49 employees,3-5 years,10-49,Urban area,Paper and cardboard,No,Facility management team,3,4,4,3,4,5,3,4,4,3,4,4,4,4,3,4,4,4,3,2,5,4,5,3,4,3,3,3,2,3,3,4,2,4,3,3,3,3,3,3,4,3,4,3,3,4,3,2,3,3,2,4,3,4,4,3,2,2,3,3,3,3,3.83,3.67,3.83,3.67,3.0,3.17,3.17,3.17,3.17,2.88,3.41
R1087,Information Technology,Micro: Fewer than 10 employees,3-5 years,Fewer than 10,Urban area,Paper and cardboard,No,External waste-management agency,2,2,2,3,2,4,4,4,3,4,3,3,3,3,3,2,2,3,2,3,2,2,2,3,3,3,2,3,2,3,4,3,4,3,4,2,4,4,4,2,5,5,5,3,4,4,3,5,2,2,2,2,1,2,5,3,4,4,3,3,3,3,2.5,3.5,2.67,2.33,2.67,3.33,4.0,4.0,1.83,3.5,2.98
R1088,Manufacturing,Micro: Fewer than 10 employees,Less than 3 years,10-49,Urban area,Paper and cardboard,Under development,External waste-management agency,2,3,3,3,3,,2,3,3,2,3,3,3,4,3,3,2,4,2,2,1,2,1,1,3,4,4,3,3,3,3,4,4,4,3,3,1,2,3,3,2,2,3,2,3,4,2,3,4,3,2,4,3,4,3,4,2,3,3,3,3,2,2.8,2.67,3.17,1.5,3.33,3.5,2.17,2.83,3.33,2.88,2.81
R1089,Information Technology,Small: 10-49 employees,11-20 years,10-49,Urban area,Paper and cardboard,Not sure,External waste-management agency,4,3,4,4,3,4,2,4,3,4,2,4,2,3,3,4,3,2,4,3,4,3,3,3,4,5,4,5,3,5,5,5,3,4,3,3,4,3,3,2,3,3,5,4,4,3,3,4,3,3,3,3,4,3,2,2,2,3,3,2,2,2,3.67,3.17,2.83,3.33,4.33,3.83,3.0,3.83,3.17,2.25,3.46
R1090,Healthcare,Large: 250 employees or more,3-5 years,250 or more,Urban area,Plastic waste,Under development,Facility management team,3,3,3,3,4,2,3,3,3,4,3,4,4,3,4,4,3,3,3,4,4,3,3,5,3,4,3,4,3,3,3,4,4,3,3,4,,3,4,3,3,4,3,3,3,2,3,3,4,4,3,3,2,3,2,2,3,1,3,3,2,2,3.0,3.33,3.5,3.67,3.33,3.5,3.4,2.83,3.17,2.25,3.3
R1091,Information Technology,Micro: Fewer than 10 employees,6-10 years,Fewer than 10,Urban area,Paper and cardboard,Not sure,External waste-management agency,4,3,2,3,3,3,4,4,5,4,4,3,3,4,4,4,4,4,4,4,4,4,4,5,3,4,4,4,4,4,5,4,3,4,4,3,4,4,4,5,3,5,3,4,4,2,3,4,2,3,3,3,4,3,4,4,3,3,4,4,3,4,3.0,4.0,3.83,4.17,3.83,3.83,4.17,3.33,3.0,3.62,3.68
R1092,Manufacturing,Small: 10-49 employees,Less than 3 years,Fewer than 10,Urban area,Mixed municipal waste,Not sure,Operations department,3,4,3,3,3,2,3,3,4,3,3,4,2,2,2,2,2,2,2,4,2,2,3,4,1,2,3,2,1,3,4,4,5,3,5,3,3,3,5,2,3,4,2,2,3,3,3,3,3,3,3,3,5,2,4,3,4,2,3,3,3,3,3.0,3.33,2.0,2.83,2.0,4.0,3.33,2.67,3.17,3.12,2.93
R1093,Retail,Large: 250 employees or more,6-10 years,250 or more,Urban area,Mixed municipal waste,Under development,Environmental or sustainability department,3,4,4,4,3,2,5,5,4,4,3,3,3,4,3,4,4,2,2,4,3,4,3,4,3,4,4,4,3,4,4,5,4,5,4,4,4,4,4,4,5,4,4,3,3,3,4,3,3,3,3,2,3,3,1,1,2,1,3,2,2,2,3.33,4.0,3.33,3.33,3.67,4.33,4.17,3.33,2.83,1.75,3.59
R1094,Retail,Large: 250 employees or more,11-20 years,250 or more,Urban area,Plastic waste,Not sure,Operations department,4,4,4,5,3,3,4,3,3,5,3,3,3,4,3,4,4,4,4,4,4,3,3,3,4,3,3,4,4,5,3,3,4,3,4,3,4,3,2,5,2,2,3,2,3,3,2,3,3,2,2,2,3,3,4,2,3,1,2,2,3,4,3.83,3.5,3.67,3.5,3.83,3.33,3.0,2.67,2.5,2.62,3.31
R1095,Healthcare,Medium: 50-249 employees,11-20 years,100-249,Commercial area,Food or organic waste,No,Operations department,2,3,3,3,3,3,3,4,4,4,5,4,4,3,4,4,4,3,4,4,4,3,3,5,2,3,2,3,4,4,2,2,4,2,3,3,4,3,3,4,3,4,3,4,3,4,3,2,3,3,4,2,3,3,4,3,4,4,,5,3,3,2.83,4.0,3.67,3.83,3.0,2.67,3.5,3.17,3.0,3.71,3.3
R1096,Manufacturing,Medium: 50-249 employees,11-20 years,100-249,Commercial area,Mixed municipal waste,Not sure,Operations department,4,5,4,4,4,4,3,3,3,4,4,3,4,5,4,3,3,4,4,4,4,4,3,3,4,5,4,3,4,3,4,4,4,4,4,5,5,4,4,5,4,4,4,4,4,5,4,4,4,3,3,3,3,4,2,4,1,3,4,3,3,3,4.17,3.33,3.83,3.67,3.83,4.17,4.33,4.17,3.33,2.88,3.87
R1097,Retail,Large: 250 employees or more,11-20 years,250 or more,Commercial area,Food or organic waste,Yes,Environmental or sustainability department,4,4,4,4,4,3,4,4,5,5,5,4,5,3,4,3,4,3,4,3,4,4,4,4,4,5,5,3,4,3,4,4,4,5,4,4,3,3,2,3,2,3,5,5,4,5,5,4,3,4,3,3,5,3,3,2,3,1,4,3,2,3,3.83,4.5,3.67,3.83,4.0,4.17,2.67,4.67,3.5,2.62,3.87
R1098,Healthcare,Small: 10-49 employees,6-10 years,10-49,Semi-urban area,Plastic waste,Yes,Operations department,4,4,3,4,5,4,3,3,3,3,4,3,4,4,3,3,4,4,5,3,4,5,5,5,3,4,3,3,4,3,5,4,5,4,2,4,5,4,4,4,3,4,4,3,5,4,4,3,,4,4,3,4,4,4,2,,2,3,2,4,3,4.0,3.17,3.67,4.5,3.33,4.0,4.0,3.83,3.8,2.86,3.81
R1099,Retail,Small: 10-49 employees,6-10 years,10-49,Urban area,Paper and cardboard,Under development,Operations department,3,3,3,4,3,4,5,5,5,4,4,5,4,4,4,4,4,4,4,3,4,5,3,4,3,4,4,3,4,4,2,3,4,4,2,3,4,5,4,5,3,5,,4,4,4,3,4,4,4,4,,4,4,3,3,2,5,3,3,4,4,3.33,4.67,4.0,3.83,3.67,3.0,4.33,3.8,4.0,3.38,3.85
R1100,Retail,Small: 10-49 employees,11-20 years,10-49,Urban area,Food or organic waste,Yes,Environmental or sustainability department,3,4,5,5,5,4,3,5,,4,4,4,4,4,4,3,3,3,5,4,4,5,4,4,5,5,5,5,5,5,3,4,3,4,3,3,4,3,3,3,4,4,3,4,3,2,3,3,3,2,3,4,3,3,3,4,3,2,4,3,2,3,4.33,4.0,3.5,4.33,5.0,3.33,3.5,3.0,3.0,3.0,3.78
R1101,Manufacturing,Medium: 50-249 employees,11-20 years,50-99,Semi-urban area,Mixed municipal waste,Yes,Environmental or sustainability department,4,4,4,4,4,4,2,3,2,2,3,3,4,4,5,5,4,3,5,3,2,3,3,3,3,4,4,3,4,4,5,5,4,3,3,4,3,3,4,3,4,4,3,3,3,3,3,4,3,3,4,4,3,4,2,2,2,,2,4,2,3,4.0,2.5,4.17,3.17,3.67,4.0,3.5,3.17,3.5,2.43,3.52
R1102,Information Technology,Small: 10-49 employees,3-5 years,50-99,Urban area,Mixed municipal waste,Under development,Operations department,5,4,4,4,2,4,2,5,3,2,3,3,4,5,4,4,3,4,3,3,5,3,4,2,4,5,4,5,5,4,3,4,4,3,3,4,5,4,5,4,4,4,4,3,3,3,3,3,4,3,3,3,3,3,2,2,2,2,2,3,2,1,3.83,3.0,4.0,3.33,4.5,3.5,4.33,3.17,3.17,2.0,3.65
R1103,Healthcare,Micro: Fewer than 10 employees,6-10 years,Fewer than 10,Urban area,Mixed municipal waste,Not sure,Operations department,3,3,4,3,4,3,4,4,5,4,3,3,3,4,4,4,3,3,3,4,4,4,4,4,4,4,3,4,4,4,3,4,5,4,4,4,3,3,2,2,2,4,4,3,4,4,4,3,4,4,4,4,4,4,3,3,3,2,3,3,3,2,3.33,3.83,3.5,3.83,3.83,4.0,2.67,3.67,4.0,2.75,3.63
R1104,Healthcare,Medium: 50-249 employees,3-5 years,50-99,Industrial area,Food or organic waste,Not sure,Environmental or sustainability department,3,3,5,4,5,4,4,5,4,4,4,4,4,3,4,4,3,3,4,4,4,3,4,4,3,3,3,3,4,5,4,4,4,3,3,3,2,3,3,3,3,3,3,3,2,3,3,3,3,4,3,4,3,4,4,4,5,3,3,3,3,5,4.0,4.17,3.5,3.83,3.5,3.5,2.83,2.83,3.5,3.75,3.52
R1105,Hospitality/Services,Small: 10-49 employees,3-5 years,50-99,Urban area,Food or organic waste,No,Operations department,3,4,3,2,3,2,3,3,4,3,4,4,3,3,3,2,4,2,3,4,4,3,3,4,4,3,4,4,5,4,3,1,4,2,2,3,3,4,4,3,3,2,2,3,3,3,3,3,5,3,4,5,4,3,3,3,3,4,3,2,2,2,2.83,3.5,2.83,3.5,4.0,2.5,3.17,2.83,4.0,2.75,3.24
R1106,Healthcare,Large: 250 employees or more,6-10 years,250 or more,Urban area,Food or organic waste,Under development,Facility management team,3,3,4,3,3,4,4,4,3,4,3,3,4,3,3,3,4,3,4,4,3,4,2,4,4,3,4,4,3,3,3,4,4,4,4,4,3,3,4,3,4,4,5,4,3,5,4,5,3,4,3,3,3,3,3,3,4,3,3,3,3,3,3.33,3.5,3.33,3.5,3.5,3.83,3.5,4.33,3.17,3.12,3.55
R1107,Manufacturing,Micro: Fewer than 10 employees,Less than 3 years,Fewer than 10,Semi-urban area,Mixed municipal waste,No,External waste-management agency,3,4,3,4,3,4,2,3,2,4,3,3,2,2,2,2,2,4,2,3,3,2,4,3,3,4,4,4,4,3,2,2,5,3,3,2,4,3,2,3,3,3,3,3,2,2,2,3,,3,2,3,3,2,2,3,3,2,2,,2,2,3.5,2.83,2.33,2.83,3.67,2.83,3.0,2.5,2.6,2.29,2.9
R1108,Healthcare,Small: 10-49 employees,Less than 3 years,10-49,Urban area,Mixed municipal waste,Under development,Operations department,2,3,2,3,3,3,4,4,4,3,4,3,2,3,2,,2,3,2,4,4,3,3,2,4,3,3,3,3,2,3,3,3,3,3,4,4,4,2,3,3,3,3,3,3,3,3,4,1,2,2,2,2,2,3,4,4,4,3,4,4,4,2.67,3.67,2.4,3.0,3.0,3.17,3.17,3.17,1.83,3.75,2.9
R1109,Hospitality/Services,Large: 250 employees or more,11-20 years,100-249,Urban area,Mixed municipal waste,Yes,Facility management team,5,4,5,3,5,5,3,3,3,3,4,5,5,4,5,5,4,4,5,3,4,4,4,,4,4,4,5,4,3,,3,4,4,5,3,5,5,5,4,4,5,5,3,4,4,3,5,4,4,3,3,3,4,2,2,2,2,2,3,4,3,4.5,3.5,4.5,4.0,4.0,3.8,4.67,4.0,3.5,2.5,4.05
R1110,Manufacturing,Medium: 50-249 employees,11-20 years,100-249,Industrial area,Plastic waste,Not sure,Operations department,4,3,4,3,3,4,4,3,4,3,3,3,4,5,4,4,5,5,3,5,5,5,4,3,3,4,5,4,5,4,3,4,3,4,5,4,2,5,3,5,4,5,4,5,3,3,4,3,2,3,4,5,4,4,2,4,3,2,2,2,3,2,3.5,3.33,4.5,4.17,4.17,3.83,4.0,3.67,3.67,2.5,3.87
R1111,Healthcare,Large: 250 employees or more,6-10 years,100-249,Semi-urban area,Mixed municipal waste,Under development,Environmental or sustainability department,4,4,4,4,3,3,3,3,3,4,4,4,3,3,3,3,3,4,4,3,4,3,4,4,5,3,4,4,5,4,5,3,5,4,5,4,5,5,5,4,4,4,3,3,4,4,4,5,4,5,5,5,4,4,,3,2,3,3,2,3,2,3.67,3.5,3.17,3.67,4.17,4.33,4.5,3.83,4.5,2.57,3.93
R1112,Manufacturing,Medium: 50-249 employees,Less than 3 years,100-249,Industrial area,Mixed municipal waste,Not sure,Operations department,1,3,4,3,3,2,3,4,3,3,3,2,4,3,3,3,3,3,4,3,3,5,3,2,3,2,4,2,2,3,4,3,4,4,3,3,2,2,2,3,3,3,3,4,,4,3,3,2,5,4,4,5,3,4,2,3,3,3,3,2,2,2.67,3.0,3.17,3.33,2.67,3.5,2.5,3.4,3.83,2.75,3.12
R1113,Information Technology,Small: 10-49 employees,6-10 years,10-49,Urban area,Plastic waste,Not sure,External waste-management agency,1,2,2,3,2,4,3,3,3,4,3,4,3,4,4,4,4,3,3,4,3,4,2,3,3,2,1,3,3,3,3,4,2,2,3,4,1,3,3,4,4,3,3,2,4,3,3,3,2,3,4,4,3,3,5,3,3,3,4,3,3,3,2.33,3.33,3.67,3.17,2.5,3.0,3.0,3.0,3.17,3.38,3.02
R1114,Healthcare,Small: 10-49 employees,Less than 3 years,10-49,Semi-urban area,Paper and cardboard,Not sure,Facility management team,5,3,4,3,5,4,2,4,3,3,1,3,3,3,3,3,2,3,5,2,3,3,3,5,3,2,4,4,3,3,3,4,3,3,4,3,3,3,4,3,3,4,4,4,3,4,4,5,3,3,4,2,3,2,3,2,1,5,2,3,3,3,4.0,2.67,2.83,3.5,3.17,3.33,3.33,4.0,2.83,2.75,3.3
R1115,Hospitality/Services,Small: 10-49 employees,6-10 years,10-49,Industrial area,Food or organic waste,Under development,Facility management team,3,4,4,4,4,3,4,3,3,3,4,5,4,3,4,3,5,3,4,3,3,3,4,4,3,4,4,4,4,3,3,3,2,4,3,3,2,4,4,5,4,4,3,3,3,3,3,2,5,4,4,3,4,4,3,3,3,3,2,2,3,3,3.67,3.67,3.67,3.5,3.67,3.0,3.83,2.83,4.0,2.75,3.54
R1116,Healthcare,Micro: Fewer than 10 employees,11-20 years,Fewer than 10,Urban area,Mixed municipal waste,Not sure,Operations department,2,3,4,4,3,4,4,2,3,3,3,2,5,5,5,4,4,3,3,4,4,4,3,3,3,4,4,4,4,3,2,4,2,3,3,3,4,4,4,3,4,5,2,2,3,4,2,4,5,4,5,3,3,4,4,4,2,5,3,3,4,4,3.33,2.83,4.33,3.5,3.67,2.83,4.0,2.83,4.0,3.62,3.48
R1117,Manufacturing,Medium: 50-249 employees,11-20 years,50-99,Industrial area,Plastic waste,Yes,Environmental or sustainability department,4,4,4,4,3,4,4,3,4,2,4,4,4,5,3,4,4,4,4,4,4,4,3,4,5,4,5,3,3,4,4,4,4,4,4,4,3,3,3,4,3,3,4,3,5,4,5,4,4,3,4,4,4,4,1,2,4,2,3,2,2,4,3.83,3.5,4.0,3.83,4.0,4.0,3.17,4.17,3.83,2.5,3.81
R1118,Retail,Micro: Fewer than 10 employees,6-10 years,Fewer than 10,Commercial area,Paper and cardboard,No,External waste-management agency,3,3,3,3,3,3,3,4,4,3,3,2,3,4,3,3,4,2,1,3,3,3,2,3,3,2,2,3,2,3,4,4,4,3,5,4,2,,4,4,3,4,3,3,3,4,4,4,4,5,4,4,4,4,2,2,3,3,2,3,2,3,3.0,3.17,3.17,2.5,2.5,4.0,3.4,3.5,4.17,2.5,3.27
R1119,Hospitality/Services,Micro: Fewer than 10 employees,11-20 years,Fewer than 10,Industrial area,Food or organic waste,Yes,Facility management team,4,4,4,4,5,3,4,3,3,3,4,3,4,5,5,4,3,4,2,4,4,3,4,3,4,3,4,3,3,2,3,2,3,3,3,4,3,3,3,3,4,3,4,3,2,4,4,4,4,5,4,4,3,5,2,3,2,3,2,3,3,2,4.0,3.33,4.17,3.33,3.17,3.0,3.17,3.5,4.17,2.5,3.54
R1120,Manufacturing,Small: 10-49 employees,11-20 years,10-49,Commercial area,Mixed municipal waste,No,Operations department,4,4,3,4,3,4,3,3,3,4,3,3,4,3,2,3,3,2,3,4,4,5,3,3,4,2,2,2,3,2,4,3,3,3,4,3,3,3,2,4,2,2,4,3,2,2,3,4,3,3,4,3,4,3,3,3,4,3,5,3,4,3,3.67,3.17,2.83,3.67,2.5,3.33,2.67,3.0,3.33,3.5,3.13
R1121,Manufacturing,Large: 250 employees or more,Less than 3 years,100-249,Urban area,Paper and cardboard,Yes,Environmental or sustainability department,4,3,3,3,4,4,4,3,4,5,3,3,3,3,4,2,3,3,3,3,3,2,4,2,3,3,4,3,2,4,4,4,3,4,3,4,5,4,4,3,3,4,3,5,3,3,3,3,2,2,2,3,1,2,3,3,1,,2,2,3,3,3.5,3.67,3.0,2.83,3.17,3.67,3.83,3.33,2.0,2.43,3.22
R1122,Information Technology,Micro: Fewer than 10 employees,3-5 years,Fewer than 10,Commercial area,Mixed municipal waste,Not sure,Facility management team,4,3,3,3,2,4,5,3,5,4,3,4,3,3,2,3,4,4,4,4,3,4,3,3,,2,2,2,3,3,3,3,3,3,3,2,3,4,4,4,4,3,3,4,4,3,5,4,2,3,4,2,3,4,2,3,2,3,2,3,3,3,3.17,4.0,3.17,3.5,2.4,2.83,3.67,3.83,3.0,2.62,3.29
R1123,Retail,Small: 10-49 employees,6-10 years,10-49,Commercial area,Plastic waste,No,Operations department,4,3,3,2,2,3,3,3,3,3,2,2,4,4,4,5,4,4,4,4,4,3,4,4,3,2,2,3,3,3,2,3,4,2,2,3,4,3,2,2,3,3,2,4,3,3,2,3,3,2,3,3,3,2,3,3,4,4,4,3,3,2,2.83,2.67,4.17,3.83,2.67,2.67,2.83,2.83,2.67,3.25,3.02
R1124,Manufacturing,Micro: Fewer than 10 employees,3-5 years,Fewer than 10,Industrial area,Paper and cardboard,Not sure,Facility management team,4,4,4,3,3,3,5,4,4,5,4,4,4,3,3,2,4,4,4,4,4,4,5,4,3,5,3,4,4,3,3,4,4,4,3,2,4,2,3,3,4,3,2,3,2,2,3,3,5,4,4,2,4,4,4,4,4,4,3,5,3,5,3.5,4.33,3.33,4.17,3.67,3.33,3.17,2.5,3.83,4.0,3.54
R1125,Manufacturing,Small: 10-49 employees,11-20 years,10-49,Industrial area,Plastic waste,Not sure,External waste-management agency,4,5,4,4,5,4,4,4,4,3,3,2,3,4,4,2,5,4,2,3,3,4,3,3,3,3,3,4,3,2,3,3,4,4,3,4,3,3,4,3,4,3,4,4,3,3,4,4,3,4,4,3,4,5,1,2,3,4,2,2,2,3,4.33,3.33,3.67,3.0,3.0,3.5,3.33,3.67,3.83,2.38,3.52
R1126,Retail,Micro: Fewer than 10 employees,3-5 years,Fewer than 10,Urban area,Mixed municipal waste,Under development,External waste-management agency,4,5,4,4,3,3,3,3,3,2,3,3,4,4,3,3,5,4,4,4,4,5,5,4,2,2,3,3,4,4,4,2,4,3,4,4,3,3,2,3,4,4,2,4,2,4,3,3,4,3,3,3,4,3,2,4,3,4,3,3,3,3,3.83,2.83,3.83,4.33,3.0,3.5,3.17,3.0,3.33,3.12,3.42
R1127,Healthcare,Large: 250 employees or more,11-20 years,100-249,Semi-urban area,Mixed municipal waste,Yes,Environmental or sustainability department,5,5,5,5,4,4,3,3,4,2,4,2,4,4,4,3,3,3,4,4,4,5,5,5,4,5,4,3,4,4,4,5,5,4,4,4,3,4,4,4,5,4,4,4,3,5,4,5,4,5,5,4,4,4,3,2,1,1,2,3,2,3,4.67,3.0,3.5,4.5,4.0,4.33,4.0,4.17,4.33,2.12,4.06
R1128,Retail,Small: 10-49 employees,3-5 years,10-49,Commercial area,Mixed municipal waste,Yes,External waste-management agency,3,3,3,4,4,4,4,4,2,3,2,4,3,4,,4,3,4,3,4,3,3,4,3,4,4,5,3,5,3,4,4,3,3,4,3,3,4,3,3,2,3,2,4,3,3,3,3,4,3,4,4,3,3,5,3,2,4,2,4,4,3,3.5,3.17,3.6,3.33,4.0,3.5,3.0,3.0,3.5,3.38,3.4
R1129,Retail,Large: 250 employees or more,3-5 years,250 or more,Urban area,Plastic waste,Not sure,External waste-management agency,3,3,3,3,4,2,4,4,3,3,3,5,4,2,3,2,2,3,4,5,3,3,4,4,3,4,3,3,4,4,2,3,4,2,2,4,3,3,3,3,3,3,4,3,3,4,3,4,4,4,4,4,2,3,3,3,3,2,2,3,3,2,3.0,3.67,2.67,3.83,3.5,2.83,3.0,3.5,3.5,2.62,3.28
R1130,Information Technology,Micro: Fewer than 10 employees,Less than 3 years,Fewer than 10,Urban area,Mixed municipal waste,Not sure,External waste-management agency,3,2,2,3,,1,3,3,3,4,3,3,3,2,3,3,3,2,3,2,2,4,2,1,5,3,4,5,3,3,3,4,1,3,3,2,2,2,3,2,2,3,3,4,3,4,2,2,4,3,4,4,3,3,3,3,4,4,4,4,3,4,2.2,3.17,2.67,2.33,3.83,2.67,2.33,3.0,3.5,3.62,2.86
R1131,Manufacturing,Micro: Fewer than 10 employees,3-5 years,10-49,Semi-urban area,Plastic waste,No,External waste-management agency,3,3,4,3,4,5,3,3,3,3,3,3,4,3,3,4,3,3,3,2,3,2,2,3,3,4,3,2,3,3,2,3,2,2,2,3,3,4,3,2,2,3,4,4,4,4,4,5,5,5,5,5,4,4,3,4,3,3,4,2,3,5,3.67,3.0,3.33,2.5,3.0,2.33,2.83,4.17,4.67,3.38,3.28
R1132,Healthcare,Micro: Fewer than 10 employees,Less than 3 years,Fewer than 10,Urban area,Plastic waste,Under development,Operations department,2,2,3,3,2,1,2,1,2,2,2,3,4,4,3,3,4,3,3,2,3,4,1,2,3,3,3,4,3,3,5,4,4,4,4,4,4,3,4,4,3,2,3,3,3,3,3,2,3,3,3,3,3,3,1,1,2,2,2,2,1,2,2.17,2.0,3.5,2.5,3.17,4.17,3.33,2.83,3.0,1.62,2.96
R1133,Retail,Small: 10-49 employees,6-10 years,10-49,Urban area,Paper and cardboard,Not sure,External waste-management agency,3,4,4,2,3,4,4,5,4,5,4,4,4,3,4,3,4,4,3,3,3,4,2,3,4,5,4,4,4,4,3,3,3,3,4,3,3,3,2,4,2,3,4,5,4,4,4,3,2,3,2,3,2,2,5,3,4,3,3,2,3,2,3.33,4.33,3.67,3.0,4.17,3.17,2.83,4.0,2.33,3.12,3.43
R1134,Retail,Large: 250 employees or more,11-20 years,250 or more,Commercial area,Plastic waste,Under development,Environmental or sustainability department,2,5,4,4,3,3,3,3,3,4,4,3,3,4,3,3,3,4,2,3,4,4,2,3,5,5,5,4,5,5,4,4,5,2,3,5,4,5,4,4,3,5,3,3,4,4,4,4,4,4,4,4,,4,2,2,4,3,3,3,3,2,3.5,3.33,3.33,3.0,4.83,3.83,4.17,3.67,4.0,2.75,3.74
R1135,Healthcare,Medium: 50-249 employees,11-20 years,50-99,Urban area,Mixed municipal waste,Not sure,External waste-management agency,4,4,4,5,4,4,3,3,3,5,3,4,4,4,4,4,4,4,5,3,5,4,5,5,3,3,2,3,3,3,3,4,2,4,4,5,2,4,4,4,3,3,4,4,3,2,3,4,3,3,3,3,4,3,3,4,4,4,4,3,2,4,4.17,3.5,4.0,4.5,2.83,3.67,3.33,3.33,3.17,3.5,3.61
R1136,Healthcare,Large: 250 employees or more,3-5 years,250 or more,Semi-urban area,Mixed municipal waste,Yes,Facility management team,4,4,4,4,4,5,4,5,4,3,3,4,4,4,4,4,4,3,4,4,5,4,4,5,4,4,4,5,5,4,4,5,4,4,3,3,3,,4,5,3,3,3,4,3,3,3,5,4,5,4,3,3,5,1,2,2,1,1,2,2,3,4.17,3.83,3.83,4.33,4.33,3.83,3.6,3.5,4.0,1.75,3.94
R1137,Hospitality/Services,Large: 250 employees or more,Less than 3 years,100-249,Urban area,Mixed municipal waste,Not sure,Facility management team,2,2,2,2,2,2,2,2,2,2,2,2,2,2,2,2,2,2,2,2,2,2,2,2,2,2,2,2,2,2,2,2,2,2,2,2,2,2,2,2,2,2,2,2,2,2,2,2,2,2,2,2,2,2,2,2,2,2,2,2,2,2,2.0,2.0,2.0,2.0,2.0,2.0,2.0,2.0,2.0,2.0,2.0
R1138,Manufacturing,Small: 10-49 employees,6-10 years,10-49,Industrial area,Plastic waste,Under development,External waste-management agency,4,4,4,4,4,4,4,4,4,4,4,4,4,4,4,4,4,4,4,4,4,4,4,4,4,4,4,4,4,4,4,4,4,4,4,4,4,4,4,4,4,4,4,4,4,4,4,4,4,4,4,4,4,4,4,4,4,4,4,4,4,4,4.0,4.0,4.0,4.0,4.0,4.0,4.0,4.0,4.0,4.0,4.0
R1139,Manufacturing,Small: 10-49 employees,11-20 years,50-99,Industrial area,Mixed municipal waste,Under development,External waste-management agency,3,3,3,4,3,4,3,4,2,1,4,3,3,4,3,3,4,4,5,4,4,5,4,3,3,4,3,3,3,4,3,4,3,3,4,4,4,2,4,3,4,3,3,2,3,2,2,3,4,4,4,4,3,4,3,3,4,3,5,5,4,4,3.33,2.83,3.5,4.17,3.33,3.5,3.33,2.5,3.83,3.88,3.37
R1140,Retail,Medium: 50-249 employees,11-20 years,100-249,Commercial area,Paper and cardboard,Not sure,Operations department,4,3,3,,3,3,4,4,5,3,4,3,3,3,3,5,2,3,5,5,4,4,4,4,3,5,4,3,4,4,2,3,3,3,3,4,4,2,2,2,,3,4,4,2,3,4,3,3,3,3,2,3,1,3,3,4,4,3,3,2,4,3.2,3.83,3.17,4.33,3.83,3.0,2.6,3.33,2.5,3.25,3.31
R1141,Healthcare,Medium: 50-249 employees,6-10 years,100-249,Urban area,Mixed municipal waste,No,Environmental or sustainability department,,3,4,4,4,4,4,4,4,4,4,3,4,5,4,4,4,5,4,4,5,5,4,4,4,3,4,4,4,4,4,4,4,5,4,5,3,5,,5,5,4,4,5,3,5,4,3,4,4,5,5,5,4,2,3,1,2,2,1,2,3,3.8,3.83,4.33,4.33,3.83,4.33,4.4,4.0,4.5,2.0,4.15
R1142,Manufacturing,Small: 10-49 employees,Less than 3 years,Fewer than 10,Semi-urban area,Paper and cardboard,No,External waste-management agency,4,3,2,1,2,2,3,2,2,1,2,2,3,3,3,3,4,3,3,3,4,4,3,3,4,2,3,3,1,3,3,3,4,2,3,3,4,2,2,2,2,3,2,2,3,2,3,2,3,2,2,3,4,3,4,4,4,,4,3,3,4,2.33,2.0,3.17,3.33,2.67,3.0,2.5,2.33,2.83,3.71,2.68
R1143,Information Technology,Micro: Fewer than 10 employees,3-5 years,Fewer than 10,Urban area,Mixed municipal waste,No,External waste-management agency,3,3,1,3,4,3,2,2,2,2,1,2,3,3,3,3,3,3,3,2,3,3,4,3,3,2,3,4,2,2,4,4,3,4,2,1,3,2,3,3,2,4,2,3,1,3,3,2,3,3,3,2,2,3,4,4,3,3,2,4,2,3,2.83,1.83,3.0,3.0,2.67,3.0,2.83,2.33,2.67,3.12,2.68
R1144,Information Technology,Small: 10-49 employees,Less than 3 years,10-49,Urban area,Paper and cardboard,No,Operations department,3,3,3,3,3,3,3,3,3,3,3,3,3,3,3,3,3,3,3,3,3,3,3,3,3,3,3,3,3,3,3,3,3,3,3,3,3,3,3,3,3,3,3,3,3,3,3,3,3,3,3,3,3,3,3,3,3,3,3,3,3,3,3.0,3.0,3.0,3.0,3.0,3.0,3.0,3.0,3.0,3.0,3.0
R1145,Retail,Medium: 50-249 employees,11-20 years,100-249,Commercial area,Paper and cardboard,No,Facility management team,4,3,3,2,2,3,2,2,3,4,3,3,4,3,4,4,3,3,3,3,3,3,3,4,2,2,3,3,4,4,3,3,5,4,4,5,4,3,4,4,3,2,3,3,3,3,4,3,3,4,3,3,2,5,3,3,2,3,3,3,1,3,2.83,2.83,3.5,3.17,3.0,4.0,3.33,3.17,3.33,2.62,3.24
R1146,Retail,Large: 250 employees or more,6-10 years,250 or more,Commercial area,Mixed municipal waste,Under development,Environmental or sustainability department,5,3,4,4,4,4,4,3,4,4,5,4,4,3,3,3,3,3,3,4,3,4,3,3,4,4,3,4,4,4,4,4,4,4,3,3,4,4,3,3,3,4,4,2,3,5,3,2,3,3,3,4,3,4,3,3,3,3,3,3,3,2,4.0,4.0,3.17,3.33,3.83,3.67,3.5,3.17,3.33,2.88,3.56
R1147,Manufacturing,Medium: 50-249 employees,6-10 years,100-249,Urban area,Paper and cardboard,Not sure,External waste-management agency,3,4,3,3,3,4,5,5,4,4,5,4,5,4,5,4,4,4,4,4,5,5,3,4,4,3,3,2,3,2,3,2,3,4,3,2,4,4,4,3,5,5,5,4,5,5,5,4,4,4,4,5,4,4,2,,2,3,4,3,4,3,3.33,4.5,4.33,4.17,2.83,2.83,4.17,4.67,4.17,3.0,3.89
R1148,Retail,Small: 10-49 employees,3-5 years,10-49,Commercial area,Plastic waste,No,External waste-management agency,3,3,3,3,4,3,4,4,3,3,3,3,3,3,3,4,4,4,3,4,3,3,2,3,3,3,4,4,4,5,1,3,3,3,3,3,2,3,3,,2,3,4,4,3,4,4,5,3,3,3,3,4,4,3,3,3,1,3,3,3,5,3.17,3.33,3.5,3.0,3.83,2.67,2.6,4.0,3.33,3.0,3.27
R1149,Healthcare,Large: 250 employees or more,11-20 years,100-249,Urban area,Mixed municipal waste,Under development,Environmental or sustainability department,4,4,3,4,4,5,3,4,4,3,3,2,4,3,4,4,4,5,3,4,3,2,3,4,3,4,4,3,4,4,4,4,4,4,4,3,3,4,4,3,3,3,5,4,4,4,3,3,4,4,3,4,4,4,4,3,2,3,2,2,3,5,4.0,3.17,4.0,3.17,3.67,3.83,3.33,3.83,3.83,3.0,3.65
R1150,Information Technology,Large: 250 employees or more,6-10 years,250 or more,Urban area,Mixed municipal waste,Yes,Environmental or sustainability department,4,5,3,5,3,5,4,4,4,4,4,4,3,3,4,4,4,3,3,4,4,4,3,5,4,3,4,3,4,5,4,4,4,5,4,4,3,3,5,3,4,3,5,3,4,3,4,5,3,4,4,4,4,5,2,3,5,3,3,2,3,5,4.17,4.0,3.5,3.83,3.83,4.17,3.5,4.0,4.0,3.25,3.89
R1151,Retail,Small: 10-49 employees,Less than 3 years,10-49,Commercial area,Paper and cardboard,Yes,External waste-management agency,1,3,2,3,2,3,5,4,4,3,4,3,4,5,3,3,3,4,3,2,3,4,3,3,4,4,5,4,3,4,4,3,3,3,2,2,3,4,3,4,3,4,3,3,3,3,3,2,2,3,2,3,3,3,2,3,3,2,3,3,3,4,2.33,3.83,3.67,3.0,4.0,2.83,3.5,2.83,2.67,2.88,3.18
R1152,Manufacturing,Medium: 50-249 employees,11-20 years,100-249,Urban area,Plastic waste,Yes,Operations department,4,5,4,5,4,4,3,3,3,5,3,3,5,4,3,4,5,4,3,4,4,3,3,3,5,3,2,4,3,5,4,4,4,,4,4,3,5,3,4,3,4,3,3,4,4,3,4,4,2,3,2,3,2,3,3,2,4,3,3,3,4,4.33,3.33,4.17,3.33,3.67,4.0,3.67,3.5,2.67,3.12,3.63
R1153,Manufacturing,Medium: 50-249 employees,Less than 3 years,50-99,Industrial area,Paper and cardboard,Yes,Facility management team,3,3,3,4,4,3,3,3,3,3,4,2,4,4,4,3,4,3,3,3,4,3,3,5,3,4,4,3,4,4,4,4,3,3,3,4,3,2,4,4,3,4,3,3,3,3,3,3,5,5,4,4,3,2,2,2,1,3,2,2,3,2,3.33,3.0,3.67,3.5,3.67,3.5,3.33,3.0,3.83,2.12,3.43
R1154,Manufacturing,Medium: 50-249 employees,3-5 years,100-249,Semi-urban area,Plastic waste,No,External waste-management agency,4,3,2,3,3,3,3,3,3,3,4,4,4,4,3,4,3,4,3,2,3,4,3,3,2,3,2,3,3,3,3,3,4,4,5,3,3,4,4,4,4,4,3,3,4,4,4,3,3,2,3,4,3,3,3,3,2,4,2,5,4,2,3.0,3.33,3.67,3.0,2.67,3.67,3.83,3.5,3.0,3.12,3.3
R1155,Hospitality/Services,Micro: Fewer than 10 employees,11-20 years,Fewer than 10,Urban area,Food or organic waste,Under development,External waste-management agency,4,4,4,4,4,5,4,4,4,5,4,3,4,4,4,3,4,,5,5,4,3,5,4,3,3,4,4,3,4,4,4,4,3,4,4,2,3,5,3,4,4,2,,3,3,3,2,5,4,5,5,4,5,2,2,3,4,2,2,2,3,4.17,4.0,3.8,4.33,3.5,3.83,3.5,2.6,4.67,2.5,3.82
R1156,Information Technology,Micro: Fewer than 10 employees,6-10 years,Fewer than 10,Urban area,Paper and cardboard,Under development,Operations department,4,4,4,5,4,4,5,4,3,4,4,4,3,4,4,4,3,3,2,3,3,2,3,4,2,3,4,3,3,3,3,3,3,4,1,3,3,3,3,4,3,4,3,4,4,2,4,4,4,3,3,3,4,3,3,3,3,3,3,5,4,3,4.17,4.0,3.5,2.83,3.0,2.83,3.33,3.5,3.33,3.38,3.39
R1157,Information Technology,Micro: Fewer than 10 employees,11-20 years,10-49,Urban area,Paper and cardboard,Not sure,Facility management team,3,5,4,3,2,5,3,3,3,4,2,2,2,2,3,1,2,3,4,3,3,3,3,4,,2,3,3,3,3,4,3,4,4,4,4,3,3,4,3,2,3,2,2,3,2,2,3,1,3,3,2,3,3,3,3,2,1,2,2,2,2,3.67,2.83,2.17,3.33,2.8,3.83,3.0,2.33,2.5,2.12,2.94
R1158,Information Technology,Medium: 50-249 employees,11-20 years,50-99,Urban area,Plastic waste,Yes,Operations department,4,4,5,3,4,3,3,4,4,4,,2,3,3,4,3,3,3,4,3,5,4,3,,4,5,4,4,3,3,5,4,3,4,4,3,3,5,4,3,4,3,3,4,4,4,4,4,4,3,3,5,4,4,3,2,4,2,3,3,3,3,3.83,3.4,3.17,3.8,3.83,3.83,3.67,3.83,3.83,2.88,3.69
R1159,Manufacturing,Micro: Fewer than 10 employees,6-10 years,Fewer than 10,Commercial area,Mixed municipal waste,No,External waste-management agency,,1,2,1,3,2,3,3,4,3,3,3,1,3,1,2,,3,2,4,4,3,1,2,3,1,2,2,3,2,2,2,3,2,2,2,3,2,3,3,4,3,4,4,3,4,3,4,4,2,3,3,4,3,4,3,2,3,2,3,1,3,1.8,3.17,2.0,2.67,2.17,2.17,3.0,3.67,3.17,2.62,2.65
R1160,Information Technology,Small: 10-49 employees,Less than 3 years,10-49,Commercial area,Mixed municipal waste,Not sure,External waste-management agency,2,3,2,2,3,2,2,3,3,2,4,2,3,3,4,4,4,4,3,4,4,4,2,4,5,3,2,3,3,2,2,3,2,2,2,3,3,4,3,4,3,4,2,3,3,3,3,1,2,2,3,3,2,2,4,3,3,4,3,4,2,3,2.33,2.67,3.67,3.5,3.0,2.33,3.5,2.5,2.33,3.25,2.87
R1161,Information Technology,Micro: Fewer than 10 employees,3-5 years,Fewer than 10,Commercial area,Mixed municipal waste,No,External waste-management agency,4,4,4,3,4,5,2,3,3,2,3,3,3,3,3,3,4,3,3,3,3,3,2,3,3,4,2,2,3,3,3,3,3,3,2,2,1,2,2,3,2,1,2,3,1,2,2,2,3,3,3,3,4,3,3,3,2,4,4,3,3,4,4.0,2.67,3.17,2.83,2.83,2.67,1.83,2.0,3.17,3.25,2.8
R1162,Manufacturing,Small: 10-49 employees,3-5 years,Fewer than 10,Urban area,Mixed municipal waste,No,Facility management team,3,4,3,3,3,2,3,3,2,5,3,3,3,3,3,4,2,4,4,,4,4,3,3,3,3,3,3,3,4,4,4,2,3,4,4,3,4,2,4,4,3,2,2,4,3,2,4,3,2,2,4,2,2,5,4,4,4,4,5,4,5,3.0,3.17,3.17,3.6,3.17,3.5,3.33,2.83,2.5,4.38,3.14
R1163,Retail,Micro: Fewer than 10 employees,6-10 years,Fewer than 10,Industrial area,Mixed municipal waste,Not sure,Operations department,2,4,3,,3,4,3,2,3,3,3,4,3,3,3,3,4,4,3,2,5,4,4,4,2,1,2,2,2,3,3,4,4,5,3,3,3,5,5,3,3,2,3,3,2,2,2,2,4,3,3,4,4,3,4,4,3,4,4,4,4,4,3.2,3.0,3.33,3.67,2.0,3.67,3.5,2.33,3.5,3.88,3.13
R1164,Healthcare,Micro: Fewer than 10 employees,Less than 3 years,Fewer than 10,Commercial area,Mixed municipal waste,No,External waste-management agency,3,3,3,2,2,3,3,4,3,3,5,4,4,3,3,4,4,3,2,2,3,4,3,2,2,3,3,2,1,3,5,4,4,3,3,5,5,4,,5,4,4,3,3,4,3,3,4,2,1,3,3,2,2,3,3,3,3,3,3,4,3,2.67,3.67,3.5,2.67,2.33,4.0,4.4,3.33,2.17,3.12,3.19
R1165,Information Technology,Small: 10-49 employees,11-20 years,10-49,Urban area,Paper and cardboard,No,Operations department,3,1,3,2,4,2,3,3,3,2,3,3,3,3,3,3,2,3,2,2,2,2,2,2,4,3,5,4,4,4,2,3,3,3,4,1,3,2,3,2,2,1,4,2,2,2,2,3,4,5,3,4,4,4,3,3,3,2,3,3,4,3,2.5,2.83,2.83,2.0,4.0,2.67,2.17,2.5,4.0,3.0,2.83
R1166,Manufacturing,Medium: 50-249 employees,Less than 3 years,100-249,Commercial area,Paper and cardboard,Not sure,External waste-management agency,3,4,3,3,3,5,3,4,2,2,,3,,3,3,2,2,3,4,3,3,4,5,5,4,3,4,3,3,5,4,4,3,3,3,3,5,5,4,4,4,3,2,4,3,2,2,2,3,3,3,3,3,3,3,3,3,3,2,2,3,1,3.5,2.8,2.6,4.0,3.67,3.33,4.17,2.5,3.0,2.5,3.29
R1167,Information Technology,Large: 250 employees or more,11-20 years,100-249,Urban area,Mixed municipal waste,Yes,Environmental or sustainability department,4,3,3,4,5,3,4,5,5,5,5,5,4,4,4,4,4,5,4,4,3,5,3,4,5,4,4,4,5,4,4,5,4,3,5,4,5,5,4,5,4,4,5,4,4,5,5,5,5,4,3,4,5,4,,2,3,1,3,2,1,2,3.67,4.83,4.17,3.83,4.33,4.17,4.5,4.67,4.17,2.0,4.26
R1168,Hospitality/Services,Large: 250 employees or more,11-20 years,250 or more,Semi-urban area,Paper and cardboard,Yes,Environmental or sustainability department,4,5,4,3,4,4,4,3,4,2,4,3,5,4,5,3,4,3,3,4,3,4,5,4,,4,3,4,3,5,4,2,3,4,4,3,5,4,5,4,3,4,4,5,5,5,5,4,5,5,5,4,5,,3,3,1,3,3,3,2,2,4.0,3.33,4.0,3.83,3.8,3.33,4.17,4.67,4.8,2.5,3.99
R1169,Hospitality/Services,Large: 250 employees or more,3-5 years,250 or more,Urban area,Food or organic waste,Not sure,Facility management team,3,3,2,2,3,4,3,4,4,3,4,2,3,4,3,4,3,2,1,2,2,2,2,3,3,4,3,2,3,2,4,3,4,3,3,4,4,3,3,4,5,4,3,5,4,4,4,3,3,3,3,4,4,4,4,2,4,4,3,3,2,3,2.83,3.33,3.17,2.0,2.83,3.5,3.83,3.83,3.5,3.12,3.2
R1170,Manufacturing,Small: 10-49 employees,6-10 years,10-49,Industrial area,Plastic waste,Not sure,External waste-management agency,3,4,3,4,3,3,3,3,3,3,4,3,3,4,4,4,4,3,4,4,4,3,4,4,4,3,3,4,3,2,4,3,3,4,3,3,3,3,5,4,3,3,4,5,3,2,4,3,2,2,3,4,4,3,3,3,3,4,3,3,4,2,3.33,3.17,3.67,3.83,3.17,3.33,3.5,3.5,3.0,3.12,3.39
R1171,Manufacturing,Micro: Fewer than 10 employees,3-5 years,Fewer than 10,Urban area,Mixed municipal waste,No,External waste-management agency,4,4,4,3,4,4,,3,3,3,3,3,4,4,3,3,3,3,2,4,3,4,3,4,4,3,2,4,3,4,3,5,3,4,3,4,4,4,4,4,5,4,2,2,3,3,2,3,3,3,3,3,3,3,2,2,2,2,2,3,2,3,3.83,3.0,3.33,3.33,3.33,3.67,4.17,2.5,3.0,2.25,3.35
R1172,Healthcare,Micro: Fewer than 10 employees,Less than 3 years,10-49,Industrial area,Mixed municipal waste,No,External waste-management agency,1,3,1,1,2,2,4,4,4,4,3,4,2,2,2,2,1,2,4,4,3,3,4,2,4,2,2,3,4,3,2,1,4,3,3,3,3,2,4,4,2,4,3,3,3,3,3,3,3,3,2,3,5,2,3,4,5,3,4,4,4,4,1.67,3.83,1.83,3.33,3.0,2.67,3.17,3.0,3.0,3.88,2.83
R1173,Retail,Medium: 50-249 employees,3-5 years,100-249,Semi-urban area,Paper and cardboard,Under development,Operations department,4,4,4,4,4,4,3,3,4,4,4,4,4,3,3,3,3,4,3,3,3,4,4,3,4,5,4,4,4,3,4,4,2,3,4,3,4,4,2,3,5,3,5,3,4,3,3,,4,3,5,4,4,4,3,3,4,3,3,4,4,3,4.0,3.67,3.33,3.33,4.0,3.33,3.5,3.6,4.0,3.38,3.64
R1174,Manufacturing,Small: 10-49 employees,Less than 3 years,10-49,Urban area,Plastic waste,Under development,External waste-management agency,2,1,1,1,1,2,4,3,3,2,3,3,3,4,1,3,3,2,3,3,2,3,3,3,3,4,2,5,3,3,3,2,1,2,2,3,2,2,3,2,4,3,4,4,4,4,3,4,4,2,,5,3,3,5,4,3,5,4,4,4,4,1.33,3.0,2.67,2.83,3.33,2.17,2.67,3.83,3.4,4.12,2.8
R1175,Information Technology,Small: 10-49 employees,3-5 years,10-49,Commercial area,Plastic waste,Not sure,External waste-management agency,4,3,3,4,3,3,2,3,3,4,3,3,4,4,2,4,3,3,4,4,4,5,2,4,3,5,4,4,3,3,3,4,2,5,,4,4,4,5,4,4,5,3,3,3,2,3,2,3,5,5,4,2,4,4,4,2,4,4,4,4,3,3.33,3.0,3.33,3.83,3.67,3.6,4.33,2.67,3.83,3.62,3.51
R1176,Manufacturing,Micro: Fewer than 10 employees,Less than 3 years,Fewer than 10,Industrial area,Mixed municipal waste,No,External waste-management agency,2,3,2,2,2,1,4,3,2,4,2,3,3,5,2,3,4,3,4,4,2,4,3,2,3,3,3,3,2,3,3,3,3,3,3,4,3,2,2,2,2,3,2,4,3,3,2,2,3,3,2,3,2,2,,3,2,3,2,2,2,2,2.0,3.0,3.33,3.17,2.83,3.17,2.33,2.67,2.5,2.29,2.78
R1177,Retail,Micro: Fewer than 10 employees,6-10 years,Fewer than 10,Commercial area,Plastic waste,Not sure,Operations department,3,4,4,4,5,4,3,3,3,2,4,3,3,4,3,4,4,4,3,3,3,3,4,2,3,2,3,4,2,3,4,3,4,5,5,,3,3,3,3,3,3,2,3,2,4,2,3,4,5,4,4,5,4,3,3,2,3,4,2,3,4,4.0,3.0,3.67,3.0,2.83,4.2,3.0,2.67,4.33,3.0,3.41
R1178,Hospitality/Services,Small: 10-49 employees,Less than 3 years,10-49,Urban area,Paper and cardboard,Not sure,External waste-management agency,3,3,4,4,2,4,2,3,3,3,2,3,4,3,3,4,3,3,3,3,2,4,3,3,4,3,3,3,4,5,3,3,3,4,4,2,3,4,3,3,4,4,3,4,4,4,4,3,3,3,3,3,3,3,3,3,2,4,2,3,3,3,3.33,2.67,3.33,3.0,3.67,3.17,3.5,3.67,3.0,2.88,3.26
R1179,Retail,Medium: 50-249 employees,6-10 years,100-249,Urban area,Paper and cardboard,Yes,External waste-management agency,3,3,3,2,5,3,4,2,3,2,2,2,4,5,4,5,4,3,5,4,4,3,5,5,4,5,5,4,4,4,4,4,4,4,4,3,3,,3,4,3,5,2,3,1,1,2,2,4,4,4,3,3,3,3,4,3,2,3,3,4,2,3.17,2.5,4.17,4.33,4.33,3.83,3.6,1.83,3.5,3.0,3.47
R1180,Hospitality/Services,Small: 10-49 employees,11-20 years,10-49,Commercial area,Food or organic waste,Yes,Operations department,4,4,3,4,3,4,3,3,2,4,3,4,4,2,4,2,3,4,4,4,4,4,4,3,2,3,4,3,3,4,4,4,5,4,5,4,4,3,4,5,5,5,4,2,3,3,2,4,3,3,3,3,3,3,4,3,2,2,3,,4,3,3.67,3.17,3.17,3.83,3.17,4.33,4.33,3.0,3.0,3.0,3.52
R1181,Retail,Micro: Fewer than 10 employees,3-5 years,Fewer than 10,Commercial area,Paper and cardboard,Not sure,Operations department,2,4,3,3,3,3,4,2,2,4,4,4,2,4,4,3,3,3,2,3,2,2,3,2,4,4,3,4,5,4,3,4,3,4,4,2,3,3,4,5,3,5,2,2,3,2,2,3,3,2,2,2,2,2,3,4,3,4,4,5,5,5,3.0,3.33,3.17,2.33,4.0,3.33,3.83,2.33,2.17,4.12,3.05
R1182,Retail,Medium: 50-249 employees,Less than 3 years,50-99,Urban area,Plastic waste,Yes,Facility management team,4,4,3,5,4,4,4,5,4,5,5,3,4,2,5,4,3,3,3,4,4,3,3,4,3,3,3,3,,,5,4,4,2,4,4,3,4,2,4,5,3,4,4,4,4,4,3,2,2,3,2,3,2,3,3,3,4,3,4,3,2,4.0,4.33,3.5,3.5,3.0,3.83,3.5,3.83,2.33,3.12,3.54
R1183,Manufacturing,Medium: 50-249 employees,3-5 years,100-249,Urban area,Plastic waste,Yes,Operations department,3,4,3,3,3,4,3,3,3,2,3,3,2,4,3,2,3,3,4,3,5,2,3,4,4,4,4,3,4,3,2,3,4,2,2,3,4,4,3,4,3,4,4,3,4,3,3,3,3,2,4,3,4,4,4,4,4,4,4,4,5,5,3.33,2.83,2.83,3.5,3.67,2.67,3.67,3.33,3.33,4.25,3.24
R1184,Retail,Medium: 50-249 employees,11-20 years,100-249,Semi-urban area,Mixed municipal waste,Not sure,Environmental or sustainability department,3,3,2,3,3,3,2,3,4,3,4,3,3,2,4,3,5,,5,3,,5,4,5,4,5,4,3,4,5,4,4,4,4,2,3,2,3,3,3,3,4,4,3,5,3,4,3,3,4,3,3,2,3,4,3,4,2,4,4,3,4,2.83,3.17,3.4,4.4,4.17,3.5,3.0,3.67,3.0,3.5,3.46
R1185,Retail,Medium: 50-249 employees,6-10 years,100-249,Commercial area,Plastic waste,Yes,Facility management team,3,3,3,3,3,3,3,2,2,1,2,2,1,3,4,3,3,4,3,2,2,3,4,4,4,3,4,4,3,3,3,4,4,4,4,4,,3,3,3,4,4,3,4,4,4,4,3,2,3,2,1,2,2,5,3,2,2,2,4,4,3,3.0,2.0,3.0,3.0,3.5,3.83,3.4,3.67,2.0,3.12,3.04
R1186,Information Technology,Micro: Fewer than 10 employees,6-10 years,Fewer than 10,Urban area,Food or organic waste,Not sure,External waste-management agency,2,3,2,4,5,3,3,3,2,5,2,1,2,3,4,3,4,3,3,3,2,3,3,2,3,2,2,2,3,3,3,3,4,4,3,3,4,3,4,3,3,4,3,2,2,3,2,4,3,3,3,3,4,2,3,5,3,2,4,2,3,4,3.17,2.67,3.17,2.67,2.5,3.33,3.5,2.67,3.0,3.25,2.96
R1187,Hospitality/Services,Medium: 50-249 employees,Less than 3 years,100-249,Commercial area,Plastic waste,Under development,External waste-management agency,4,5,4,4,5,4,2,2,,3,2,2,4,4,4,4,,4,4,3,5,4,5,4,5,3,3,4,4,3,4,3,4,3,4,5,4,3,4,4,3,3,3,4,3,4,3,2,4,3,4,3,4,4,4,4,5,4,3,4,5,4,4.33,2.2,4.0,4.17,3.67,3.83,3.5,3.17,3.67,4.12,3.62
R1188,Manufacturing,Medium: 50-249 employees,Less than 3 years,10-49,Semi-urban area,Mixed municipal waste,Not sure,Facility management team,4,3,4,4,3,3,5,5,4,5,5,4,3,3,4,2,3,4,4,3,4,4,3,3,3,4,3,5,3,3,5,4,3,4,3,3,3,3,4,4,3,3,3,5,4,5,4,4,3,3,4,3,3,3,2,2,4,2,4,2,3,3,3.5,4.67,3.17,3.5,3.5,3.67,3.33,4.17,3.17,2.75,3.63
R1189,Manufacturing,Large: 250 employees or more,11-20 years,100-249,Industrial area,Paper and cardboard,Yes,Operations department,3,3,3,4,3,4,4,4,3,3,4,5,3,4,3,4,3,3,3,5,4,2,4,4,3,3,3,4,5,3,4,3,3,5,2,4,4,4,4,4,4,3,4,5,4,5,5,5,3,3,5,4,4,4,2,3,3,2,2,3,3,4,3.33,3.83,3.33,3.67,3.5,3.5,3.83,4.67,3.83,2.75,3.72
R1190,Healthcare,Medium: 50-249 employees,3-5 years,50-99,Semi-urban area,Mixed municipal waste,Yes,Operations department,4,4,4,4,4,3,3,4,3,4,3,4,4,3,4,4,4,4,3,3,4,4,3,4,3,4,3,3,3,3,4,3,3,4,3,4,4,4,3,3,3,4,5,5,,4,4,5,3,3,3,2,4,2,5,4,2,3,4,5,3,4,3.83,3.5,3.83,3.5,3.17,3.5,3.5,4.6,2.83,3.75,3.58
R1191,Retail,Large: 250 employees or more,3-5 years,250 or more,Commercial area,Mixed municipal waste,Under development,Environmental or sustainability department,4,5,4,4,5,4,4,5,4,3,4,4,5,3,5,4,5,3,5,4,4,5,5,3,4,3,2,5,3,4,4,4,3,4,4,4,3,3,3,5,3,3,4,3,4,5,4,5,4,4,,4,4,3,5,4,4,4,5,3,5,4,4.33,4.0,4.17,4.33,3.5,3.83,3.33,4.17,3.8,4.25,3.94
R1192,Manufacturing,Medium: 50-249 employees,6-10 years,100-249,Commercial area,Mixed municipal waste,Under development,Environmental or sustainability department,3,3,3,5,4,3,5,5,5,5,5,5,5,3,4,4,3,4,4,3,4,3,3,5,3,3,4,3,4,4,4,4,3,4,3,4,4,3,3,3,4,4,3,5,5,3,3,3,5,4,3,4,4,4,1,2,1,2,2,2,1,3,3.5,5.0,3.83,3.67,3.5,3.67,3.5,3.67,4.0,1.75,3.82
R1193,Manufacturing,Medium: 50-249 employees,11-20 years,100-249,Industrial area,Mixed municipal waste,No,Operations department,3,3,3,3,4,3,3,3,3,3,3,4,4,5,3,4,4,4,3,4,4,3,5,3,3,3,3,3,3,4,2,3,3,3,3,3,5,4,4,4,3,5,4,4,4,5,5,4,2,2,2,4,3,1,5,4,3,5,4,5,3,5,3.17,3.17,4.0,3.67,3.17,2.83,4.17,4.33,2.33,4.25,3.43
R1194,Manufacturing,Large: 250 employees or more,3-5 years,250 or more,Industrial area,Paper and cardboard,Under development,External waste-management agency,5,4,4,3,2,3,3,3,3,3,2,3,5,5,4,5,5,4,3,3,4,4,4,4,4,4,3,3,3,3,2,4,4,4,3,3,3,3,4,3,3,3,5,5,5,5,5,4,4,3,4,4,4,4,3,4,3,5,3,4,5,3,3.5,2.83,4.67,3.67,3.33,3.33,3.17,4.83,3.83,3.75,3.68
R1195,Retail,Medium: 50-249 employees,11-20 years,100-249,Urban area,Mixed municipal waste,Yes,Operations department,3,5,4,4,2,3,5,4,5,4,5,5,4,5,4,4,4,4,4,4,4,5,4,4,3,4,4,4,4,4,5,5,3,5,4,4,5,5,5,4,4,4,4,3,4,4,5,5,5,,3,5,4,5,3,3,3,2,1,3,2,1,3.5,4.67,4.17,4.17,3.83,4.33,4.5,4.17,4.4,2.25,4.19
R1196,Manufacturing,Medium: 50-249 employees,6-10 years,100-249,Industrial area,Plastic waste,Yes,Facility management team,4,4,5,4,4,4,3,4,3,4,4,3,4,3,3,5,4,5,3,3,5,3,4,4,4,5,4,3,5,,4,5,5,5,5,5,3,3,3,4,3,4,5,5,4,5,5,5,3,4,4,4,5,4,3,3,3,3,2,4,1,3,4.17,3.5,4.0,3.67,4.2,4.83,3.33,4.83,4.0,2.75,4.06
R1197,Information Technology,Small: 10-49 employees,3-5 years,10-49,Commercial area,Paper and cardboard,Yes,External waste-management agency,4,2,,3,2,2,3,4,4,3,3,3,3,2,3,4,4,3,4,4,3,3,2,2,3,3,4,4,2,4,4,3,4,3,4,4,3,2,1,3,,2,2,4,3,4,2,2,4,3,4,3,3,4,2,3,4,4,2,2,4,3,2.6,3.33,3.17,3.0,3.33,3.67,2.2,2.83,3.5,3.0,3.07
R1198,Retail,Small: 10-49 employees,Less than 3 years,10-49,Semi-urban area,Mixed municipal waste,Under development,External waste-management agency,3,3,2,2,3,2,3,4,,4,2,3,4,5,3,3,3,4,4,4,2,4,2,3,2,2,1,1,3,3,2,3,2,4,2,2,3,5,4,4,3,4,3,3,1,2,3,2,3,4,4,2,4,3,4,4,3,3,4,4,3,2,2.5,3.2,3.67,3.17,2.0,2.5,3.83,2.33,3.33,3.38,2.95
R1199,Retail,Medium: 50-249 employees,11-20 years,50-99,Commercial area,Mixed municipal waste,Under development,Facility management team,4,2,3,4,4,3,4,5,4,4,4,4,4,3,4,3,4,5,2,3,4,5,5,3,4,4,4,4,5,4,5,4,4,3,4,4,4,4,4,3,3,3,4,3,4,4,,4,4,4,4,3,4,4,2,2,2,2,2,4,2,1,3.33,4.17,3.83,3.67,4.17,4.0,3.5,3.8,3.83,2.12,3.81
R1200,Retail,Small: 10-49 employees,Less than 3 years,Fewer than 10,Commercial area,Mixed municipal waste,Not sure,Facility management team,3,4,4,3,4,2,2,2,3,3,3,2,4,3,3,3,3,3,3,1,3,2,3,2,2,2,3,4,,2,4,4,4,2,2,4,4,3,2,4,4,3,4,4,3,5,3,3,2,2,3,4,3,4,5,3,4,4,4,5,4,4,3.33,2.5,3.17,2.33,2.6,3.33,3.33,3.67,3.0,4.12,3.03
R1201,Manufacturing,Micro: Fewer than 10 employees,Less than 3 years,10-49,Industrial area,Plastic waste,Not sure,External waste-management agency,3,3,3,3,3,2,4,4,4,4,4,5,3,2,2,2,3,3,2,3,3,3,4,4,3,4,2,5,2,2,3,4,3,4,3,3,3,3,3,2,3,2,3,2,4,3,2,2,2,3,2,1,2,1,2,3,4,2,2,3,3,2,2.83,4.17,2.5,3.17,3.0,3.33,2.67,2.67,1.83,2.62,2.91
R1202,Information Technology,Micro: Fewer than 10 employees,11-20 years,Fewer than 10,Commercial area,Paper and cardboard,No,External waste-management agency,3,3,4,3,,4,3,3,3,3,4,4,4,3,2,3,3,3,4,2,3,3,3,3,3,5,4,5,3,3,3,3,3,2,3,3,4,4,3,3,3,4,3,1,3,3,2,3,3,4,4,3,3,2,2,2,1,3,2,2,1,2,3.4,3.33,3.0,3.0,3.83,2.83,3.5,2.5,3.17,1.88,3.17
R1203,Healthcare,Medium: 50-249 employees,3-5 years,50-99,Semi-urban area,Paper and cardboard,Under development,External waste-management agency,4,5,5,5,4,3,3,3,3,3,3,4,5,3,4,4,3,3,4,3,3,2,4,5,4,5,4,4,5,4,3,4,3,4,4,3,4,3,3,3,3,3,5,4,4,5,4,4,5,3,5,4,3,4,1,1,3,3,4,3,4,2,4.33,3.17,3.67,3.5,4.33,3.5,3.17,4.33,4.0,2.62,3.78
R1204,Information Technology,Small: 10-49 employees,3-5 years,10-49,Urban area,Paper and cardboard,Under development,External waste-management agency,3,4,3,4,3,3,4,4,4,5,4,4,4,4,4,3,4,4,4,3,4,3,3,4,4,2,3,3,2,4,4,4,3,4,3,4,4,4,3,4,3,4,3,4,4,4,3,4,3,3,3,3,3,3,2,4,3,4,4,3,2,4,3.33,4.17,3.83,3.5,3.0,3.67,3.67,3.67,3.0,3.25,3.54
R1205,Retail,Small: 10-49 employees,6-10 years,10-49,Semi-urban area,Mixed municipal waste,No,External waste-management agency,3,3,3,2,3,3,3,3,3,4,3,3,3,4,2,4,4,5,4,4,5,3,3,4,2,3,2,3,3,4,3,5,3,4,3,3,1,4,4,3,3,3,3,5,3,4,2,2,4,3,3,4,4,3,3,3,2,4,4,3,4,3,2.83,3.17,3.67,3.83,2.83,3.5,3.0,3.17,3.5,3.25,3.28
R1206,Retail,Large: 250 employees or more,11-20 years,250 or more,Urban area,Paper and cardboard,No,External waste-management agency,3,3,3,3,2,3,3,5,4,2,3,4,2,3,2,2,2,3,2,1,4,4,5,3,3,3,4,4,3,4,4,3,3,4,2,2,3,2,2,3,3,2,5,5,5,5,4,5,3,2,3,4,3,,1,2,3,2,2,2,2,1,2.83,3.5,2.33,3.17,3.5,3.0,2.5,4.83,3.0,1.88,3.18
R1207,Manufacturing,Micro: Fewer than 10 employees,6-10 years,Fewer than 10,Semi-urban area,Plastic waste,Not sure,External waste-management agency,4,4,4,4,4,5,1,3,2,3,2,3,3,3,4,4,5,4,3,3,4,4,3,3,3,3,2,3,3,1,2,2,3,4,2,3,3,3,4,3,4,5,4,3,3,2,2,2,4,3,4,3,3,3,4,3,1,3,3,3,2,2,4.17,2.33,3.83,3.33,2.5,2.67,3.67,2.67,3.33,2.62,3.17
R1208,Healthcare,Micro: Fewer than 10 employees,Less than 3 years,Fewer than 10,Commercial area,Paper and cardboard,No,External waste-management agency,3,4,5,4,2,3,3,4,4,4,3,3,3,4,4,3,3,3,4,4,3,5,4,4,2,3,3,2,2,2,3,3,3,4,1,4,3,3,3,2,3,3,2,2,3,1,3,3,3,2,3,2,3,2,4,,4,3,3,4,5,2,3.5,3.5,3.33,4.0,2.33,3.0,2.83,2.33,2.5,3.57,3.04
R1209,Healthcare,Micro: Fewer than 10 employees,11-20 years,Fewer than 10,Commercial area,Mixed municipal waste,Yes,Operations department,4,5,4,5,2,4,3,2,4,3,4,5,4,5,5,5,5,4,4,3,3,4,4,3,5,5,4,4,5,4,,5,5,,5,5,4,5,5,3,5,5,5,5,5,4,5,5,2,3,3,4,2,2,2,1,2,2,2,2,1,1,4.0,3.5,4.67,3.5,4.5,5.0,4.5,4.83,2.67,1.62,4.13
R1210,Retail,Small: 10-49 employees,Less than 3 years,10-49,Semi-urban area,Paper and cardboard,Not sure,Operations department,3,5,5,5,4,,3,3,3,3,3,3,3,3,3,4,2,3,4,5,4,4,4,4,2,4,3,4,4,3,3,5,4,4,3,3,5,3,4,5,4,5,5,3,4,3,3,4,3,3,4,4,5,5,2,2,3,2,4,2,2,3,4.4,3.0,3.0,4.17,3.33,3.67,4.33,3.67,4.0,2.5,3.73
R1211,Manufacturing,Medium: 50-249 employees,11-20 years,100-249,Industrial area,Mixed municipal waste,Under development,Environmental or sustainability department,5,3,4,4,4,4,3,3,2,3,3,3,,5,4,4,4,3,,4,2,,3,4,4,4,5,4,4,3,4,5,4,3,4,4,4,3,3,3,3,4,3,4,3,3,2,2,4,5,4,4,4,4,3,4,4,4,2,4,2,3,4.0,2.83,4.0,3.25,4.0,4.0,3.33,2.83,4.17,3.25,3.6
R1212,Manufacturing,Micro: Fewer than 10 employees,Less than 3 years,Fewer than 10,Industrial area,Paper and cardboard,Under development,Facility management team,3,4,3,4,5,4,3,2,4,5,4,3,4,3,3,3,3,5,4,4,3,3,,4,4,3,3,3,3,3,4,4,3,4,3,4,3,3,5,3,3,3,4,4,2,4,3,3,4,4,4,4,2,3,4,2,2,4,2,3,2,3,3.83,3.5,3.5,3.6,3.17,3.67,3.33,3.33,3.5,2.75,3.49
R1213,Manufacturing,Large: 250 employees or more,Less than 3 years,250 or more,Industrial area,Plastic waste,Not sure,Facility management team,4,4,3,4,3,5,2,3,3,2,3,4,3,3,2,3,2,2,2,3,3,2,3,2,4,3,4,3,3,5,4,3,4,4,4,3,4,4,4,4,4,4,,3,4,3,3,3,3,3,3,4,4,3,5,3,4,3,4,5,4,3,3.83,2.83,2.5,2.5,3.67,3.67,4.0,3.2,3.33,3.88,3.28
R1214,Retail,Medium: 50-249 employees,3-5 years,50-99,Semi-urban area,Mixed municipal waste,Under development,Operations department,2,2,2,3,2,3,3,2,2,3,2,4,4,2,4,4,4,2,5,4,3,3,3,4,3,4,3,3,4,3,2,3,3,2,3,2,3,4,2,4,4,4,3,2,2,2,3,3,4,4,3,4,3,,3,2,3,3,2,4,1,3,2.33,2.67,3.33,3.67,3.33,2.5,3.5,2.5,3.6,2.62,3.05
R1215,Healthcare,Micro: Fewer than 10 employees,Less than 3 years,Fewer than 10,Urban area,Mixed municipal waste,No,External waste-management agency,3,2,3,3,3,3,3,2,2,3,2,3,2,2,2,2,1,,4,2,3,2,3,2,2,2,3,3,3,4,3,3,2,1,2,2,3,2,2,2,2,2,2,3,3,4,4,3,2,2,2,2,2,2,4,4,3,4,5,4,5,5,2.83,2.5,1.8,2.67,2.83,2.17,2.17,3.17,2.0,4.25,2.46
R1216,Hospitality/Services,Micro: Fewer than 10 employees,Less than 3 years,Fewer than 10,Industrial area,Plastic waste,No,Operations department,2,2,2,2,2,1,4,4,4,4,3,4,3,4,4,2,3,2,2,3,2,2,3,3,2,2,3,2,2,1,3,3,2,2,2,3,4,4,3,3,3,3,3,3,2,2,2,4,4,3,4,3,2,3,4,4,4,4,3,3,4,5,1.83,3.83,3.0,2.5,2.0,2.5,3.33,2.67,3.17,3.88,2.76
R1217,Manufacturing,Small: 10-49 employees,6-10 years,Fewer than 10,Commercial area,Paper and cardboard,No,External waste-management agency,2,2,4,3,4,3,2,2,2,3,3,2,3,4,4,4,3,2,3,4,2,1,3,4,2,3,2,2,2,2,2,2,3,3,3,2,4,3,2,3,2,3,4,3,4,3,2,2,1,2,2,2,2,3,4,5,5,3,5,4,4,4,3.0,2.33,3.33,2.83,2.17,2.5,2.83,3.0,2.0,4.25,2.67
R1218,Manufacturing,Micro: Fewer than 10 employees,Less than 3 years,Fewer than 10,Industrial area,Plastic waste,No,External waste-management agency,1,2,2,2,3,2,3,3,3,3,3,4,3,3,2,2,2,3,1,2,2,3,2,2,2,4,3,4,4,3,3,3,3,2,1,2,2,4,2,2,2,2,2,2,2,2,1,1,1,2,2,2,1,1,3,4,3,2,3,3,4,4,2.0,3.17,2.5,2.0,3.33,2.33,2.33,1.67,1.5,3.25,2.31
R1219,Manufacturing,Micro: Fewer than 10 employees,3-5 years,Fewer than 10,Industrial area,Mixed municipal waste,No,External waste-management agency,4,3,4,3,4,3,3,3,3,3,3,3,2,2,3,3,2,3,4,3,4,3,4,5,4,4,2,2,,3,3,2,2,3,3,3,4,4,3,4,3,3,2,1,2,2,2,2,4,3,3,5,5,4,3,3,4,4,3,5,4,3,3.5,3.0,2.5,3.83,3.0,2.67,3.5,1.83,4.0,3.62,3.09
R1220,Manufacturing,Small: 10-49 employees,3-5 years,10-49,Industrial area,Food or organic waste,Yes,Operations department,4,4,4,5,4,4,4,5,4,4,4,3,2,3,4,3,4,3,3,3,4,4,4,3,3,4,3,4,3,3,5,4,4,4,4,4,5,4,4,5,5,4,3,3,2,3,1,2,4,4,4,5,2,4,3,3,3,3,4,2,3,4,4.17,4.0,3.17,3.5,3.33,4.17,4.5,2.33,3.83,3.12,3.67
R1221,Healthcare,Small: 10-49 employees,11-20 years,10-49,Urban area,Food or organic waste,No,External waste-management agency,3,,3,5,4,4,4,4,4,4,5,4,4,,4,3,4,4,4,4,4,3,4,3,4,4,3,4,2,3,4,3,4,2,3,3,4,4,3,3,4,4,4,4,3,4,3,4,3,3,2,4,3,3,4,4,3,4,4,4,4,2,3.8,4.17,3.8,3.67,3.33,3.17,3.67,3.67,3.0,3.62,3.59
R1222,Manufacturing,Large: 250 employees or more,6-10 years,100-249,Semi-urban area,Food or organic waste,Yes,Environmental or sustainability department,4,5,4,4,5,4,3,3,2,3,2,3,4,3,3,3,4,4,3,5,4,4,4,3,2,4,3,4,4,4,5,4,3,4,5,4,2,4,5,3,5,3,4,4,3,3,3,3,4,3,3,3,5,4,2,4,2,3,3,4,3,3,4.33,2.67,3.5,3.83,3.5,4.17,3.67,3.33,3.67,3.0,3.63
R1223,Hospitality/Services,Large: 250 employees or more,11-20 years,250 or more,Industrial area,Mixed municipal waste,Under development,Operations department,4,5,4,3,4,4,4,3,3,3,3,3,3,3,3,2,3,3,,3,,2,4,3,4,5,3,4,3,4,3,4,3,3,3,4,3,3,3,4,3,4,3,4,4,4,3,3,3,3,3,3,3,3,4,3,4,5,3,2,3,4,4.0,3.17,2.83,3.0,3.83,3.33,3.33,3.5,3.0,3.5,3.33
R1224,Information Technology,Medium: 50-249 employees,11-20 years,100-249,Urban area,Mixed municipal waste,Yes,Operations department,3,3,3,3,3,4,5,4,3,3,4,3,4,4,3,3,3,4,4,3,5,5,3,4,5,4,5,3,4,4,5,5,5,5,5,4,3,4,3,2,3,4,3,2,3,2,4,3,3,4,4,4,3,4,2,2,2,2,2,3,2,3,3.17,3.67,3.5,4.0,4.17,4.83,3.17,2.83,3.67,2.25,3.67
R1225,Retail,Micro: Fewer than 10 employees,3-5 years,Fewer than 10,Urban area,Mixed municipal waste,Under development,External waste-management agency,3,3,2,4,3,3,3,2,3,3,3,4,3,4,2,3,4,,2,2,3,2,2,2,2,2,3,4,2,3,3,3,4,3,3,4,4,3,3,3,3,5,2,3,3,3,3,4,4,4,4,4,4,4,2,4,2,4,3,3,3,4,3.0,3.0,3.2,2.17,2.67,3.33,3.5,3.0,4.0,3.12,3.1
R1226,Hospitality/Services,Small: 10-49 employees,11-20 years,10-49,Semi-urban area,Paper and cardboard,Yes,Operations department,4,3,3,4,2,3,4,5,4,4,4,3,5,3,4,4,4,3,3,3,3,2,3,3,3,2,3,2,2,2,5,4,4,4,5,5,4,3,4,3,5,3,4,3,5,5,4,4,3,5,3,4,4,3,4,1,2,2,1,2,2,2,3.17,4.0,3.83,2.83,2.33,4.5,3.67,4.17,3.67,2.0,3.57
R1227,Healthcare,Large: 250 employees or more,Less than 3 years,100-249,Urban area,Paper and cardboard,Not sure,Facility management team,3,4,4,3,3,3,2,4,3,2,2,2,3,4,3,4,4,3,2,3,3,3,3,3,3,3,3,3,3,4,3,4,3,4,4,5,5,4,3,5,5,4,4,3,5,4,4,5,4,4,3,3,3,4,2,3,4,3,3,2,3,2,3.33,2.5,3.5,2.83,3.17,3.83,4.33,4.17,3.5,2.75,3.46
R1228,Hospitality/Services,Micro: Fewer than 10 employees,3-5 years,Fewer than 10,Urban area,Mixed municipal waste,Not sure,External waste-management agency,3,2,1,1,2,3,5,5,4,4,5,5,4,4,4,3,2,3,3,3,2,3,4,4,2,3,3,4,3,2,3,2,4,3,3,4,3,4,3,3,4,4,2,3,3,2,3,3,4,4,4,5,5,3,4,3,3,3,4,4,4,3,2.0,4.67,3.33,3.17,2.83,3.17,3.5,2.67,4.17,3.5,3.28
R1229,Manufacturing,Large: 250 employees or more,11-20 years,250 or more,Semi-urban area,Paper and cardboard,Yes,Facility management team,4,3,4,4,2,3,4,4,4,4,5,4,5,4,4,3,3,5,3,3,4,4,3,4,2,3,3,3,2,2,4,4,2,4,5,4,3,3,3,3,2,3,4,4,3,3,3,3,1,3,3,,4,,3,3,3,2,2,3,2,4,3.33,4.17,4.0,3.5,2.5,3.83,2.83,3.33,2.75,2.75,3.36
R1230,Hospitality/Services,Large: 250 employees or more,11-20 years,100-249,Industrial area,Food or organic waste,Not sure,Environmental or sustainability department,4,3,2,3,2,3,4,3,4,3,4,4,3,3,4,4,3,3,2,3,3,4,2,5,4,4,4,4,3,5,3,4,2,2,3,4,3,4,4,4,4,4,4,4,5,5,5,5,4,4,5,3,4,4,5,4,4,3,3,2,3,4,2.83,3.67,3.33,3.17,4.0,3.0,3.83,4.67,4.0,3.5,3.61
R1231,Manufacturing,Medium: 50-249 employees,Less than 3 years,100-249,Commercial area,Mixed municipal waste,Yes,Facility management team,3,2,3,3,1,3,2,3,3,3,2,2,5,5,5,5,4,5,4,5,4,5,3,4,4,5,4,3,4,4,2,3,4,4,4,3,3,3,3,4,5,4,2,2,3,4,3,3,3,3,5,3,3,4,2,4,3,4,4,4,3,2,2.5,2.5,4.83,4.17,4.0,3.33,3.67,2.83,3.5,3.25,3.48
R1232,Retail,Micro: Fewer than 10 employees,Less than 3 years,Fewer than 10,Commercial area,Mixed municipal waste,No,External waste-management agency,2,1,1,2,1,3,3,4,3,3,3,2,2,3,2,2,1,2,3,4,2,4,4,4,4,3,3,3,3,3,2,3,3,2,2,2,3,3,4,4,3,2,3,3,2,3,1,2,3,4,4,4,5,4,,,3,4,4,3,3,3,1.67,3.0,2.0,3.5,3.17,2.33,3.17,2.33,4.0,3.33,2.8
R1233,Hospitality/Services,Small: 10-49 employees,Less than 3 years,50-99,Urban area,Plastic waste,No,Operations department,3,2,2,3,3,3,4,3,3,5,4,4,3,4,3,4,4,3,2,3,1,2,2,3,3,2,3,2,3,2,2,4,2,3,3,2,4,4,4,4,4,4,3,2,3,3,2,4,3,3,2,3,4,3,4,3,3,4,3,4,4,3,2.67,3.83,3.5,2.17,2.5,2.67,4.0,2.83,3.0,3.5,3.02
R1234,Retail,Medium: 50-249 employees,6-10 years,100-249,Semi-urban area,Food or organic waste,No,Facility management team,5,3,4,3,3,3,4,3,4,5,4,4,4,2,4,3,4,3,3,3,3,3,3,2,4,4,3,2,3,3,3,4,4,4,4,3,3,3,4,2,3,3,3,3,3,2,4,4,4,4,5,4,3,4,2,4,2,4,4,5,3,3,3.5,4.0,3.33,2.83,3.17,3.67,3.0,3.17,4.0,3.38,3.41
R1235,Manufacturing,Small: 10-49 employees,Less than 3 years,50-99,Industrial area,Plastic waste,Under development,Environmental or sustainability department,2,3,3,2,2,3,5,,4,4,3,4,4,3,4,4,4,4,4,4,4,2,5,3,4,3,4,3,3,3,4,5,4,3,3,3,3,3,4,4,4,5,3,2,3,2,2,3,3,3,2,4,2,2,2,3,1,3,2,2,2,2,2.5,4.0,3.83,3.67,3.33,3.67,3.83,2.5,2.67,2.12,3.33
R1236,Manufacturing,Large: 250 employees or more,6-10 years,250 or more,Industrial area,Plastic waste,No,Facility management team,4,3,3,4,4,2,3,2,3,3,2,2,3,4,3,4,5,4,3,3,3,4,3,3,3,,5,3,4,4,5,3,3,2,3,4,4,2,3,4,4,3,2,1,3,2,3,2,3,3,3,4,4,4,3,1,1,4,1,2,2,3,3.33,2.5,3.83,3.17,3.8,3.33,3.33,2.17,3.5,2.12,3.22
R1237,Manufacturing,Small: 10-49 employees,11-20 years,10-49,Industrial area,Plastic waste,Not sure,Operations department,3,4,5,4,5,4,3,3,4,4,4,4,2,2,4,3,4,3,3,3,4,3,3,3,2,3,4,3,2,1,4,3,2,4,4,3,3,4,4,3,3,3,4,4,3,5,4,3,4,3,4,4,2,5,4,3,3,5,2,3,4,4,4.17,3.67,3.0,3.17,2.5,3.33,3.33,3.83,3.67,3.5,3.41
R1238,Retail,Large: 250 employees or more,6-10 years,250 or more,Semi-urban area,Mixed municipal waste,Under development,Operations department,4,3,2,4,5,2,3,4,4,2,4,4,3,5,4,4,3,3,4,4,4,3,5,4,3,4,4,4,4,3,3,4,3,4,4,5,4,2,3,3,4,2,3,4,3,3,4,,4,3,4,4,4,3,2,1,,2,3,3,2,3,3.33,3.5,3.67,4.0,3.67,3.83,3.0,3.4,3.67,2.29,3.56
R1239,Retail,Micro: Fewer than 10 employees,11-20 years,Fewer than 10,Semi-urban area,Mixed municipal waste,Not sure,External waste-management agency,4,3,3,4,4,4,3,4,4,4,4,3,3,3,3,3,4,3,4,4,2,2,3,3,4,4,5,4,4,4,4,4,4,4,4,5,5,3,4,4,3,3,3,3,4,3,3,4,4,5,4,3,3,4,1,2,2,2,1,1,1,1,3.67,3.67,3.17,3.0,4.17,4.17,3.67,3.33,3.83,1.38,3.63
R1240,Healthcare,Large: 250 employees or more,11-20 years,100-249,Urban area,Paper and cardboard,Yes,Environmental or sustainability department,4,5,4,4,4,4,4,4,3,4,4,4,4,4,5,4,4,4,5,4,4,3,5,5,,3,3,3,4,3,4,5,5,4,5,4,3,4,4,3,4,4,4,4,4,3,4,5,4,4,4,4,4,4,2,4,3,4,3,4,3,3,4.17,3.83,4.17,4.33,3.2,4.5,3.67,4.0,4.0,3.25,3.99
R1241,Information Technology,Large: 250 employees or more,11-20 years,250 or more,Urban area,Mixed municipal waste,Yes,Environmental or sustainability department,3,3,3,4,3,4,4,4,3,2,3,3,3,3,2,3,3,3,4,3,4,3,5,3,5,3,4,4,4,5,3,4,5,5,4,5,2,3,4,4,5,5,4,2,5,5,5,5,5,4,4,4,4,4,3,3,3,3,4,3,3,4,3.33,3.17,2.83,3.67,4.17,4.33,3.83,4.33,4.17,3.25,3.76
R1242,Manufacturing,Small: 10-49 employees,Less than 3 years,10-49,Industrial area,Mixed municipal waste,No,External waste-management agency,3,3,3,2,4,4,4,3,3,2,2,3,1,4,3,2,4,3,3,2,3,3,3,2,4,4,4,4,4,4,3,4,3,3,3,2,3,2,4,3,4,3,3,3,3,3,3,3,4,4,3,2,4,4,4,3,,4,4,3,3,4,3.17,2.83,2.83,2.67,4.0,3.0,3.17,3.0,3.5,3.57,3.13
R1243,Information Technology,Large: 250 employees or more,11-20 years,250 or more,Commercial area,Paper and cardboard,Yes,Environmental or sustainability department,3,4,4,5,4,4,3,3,3,3,3,5,3,3,4,4,4,4,4,5,3,2,3,3,4,4,4,4,4,4,4,4,4,5,4,5,3,4,4,2,3,4,5,5,4,5,5,5,5,4,4,4,4,4,2,1,2,1,2,3,2,2,4.0,3.33,3.67,3.33,4.0,4.33,3.33,4.83,4.17,1.88,3.89
R1244,Healthcare,Medium: 50-249 employees,Less than 3 years,50-99,Urban area,Paper and cardboard,Not sure,External waste-management agency,3,2,3,3,3,2,3,3,4,3,2,3,3,2,3,3,2,3,4,3,,4,4,3,3,2,2,2,3,3,3,3,3,3,4,4,3,3,4,3,4,2,3,3,2,3,3,3,3,3,5,4,3,3,3,4,4,1,3,3,4,3,2.67,3.0,2.67,3.6,2.5,3.33,3.17,2.83,3.5,3.12,3.03
R1245,Information Technology,Medium: 50-249 employees,Less than 3 years,100-249,Urban area,Paper and cardboard,Yes,External waste-management agency,4,5,5,4,4,4,4,3,3,4,3,3,4,3,3,3,4,4,4,2,3,3,3,2,3,4,4,4,4,3,3,4,3,3,4,5,5,4,4,4,4,4,3,4,3,4,3,3,4,4,3,4,3,3,4,2,4,3,3,3,2,2,4.33,3.33,3.5,2.83,3.67,3.67,4.17,3.33,3.5,2.88,3.59
R1246,Information Technology,Medium: 50-249 employees,6-10 years,50-99,Semi-urban area,Paper and cardboard,Not sure,Operations department,3,2,5,3,3,5,5,4,5,5,3,4,3,4,3,4,3,4,3,4,4,3,3,3,4,4,4,4,4,4,3,4,3,4,4,3,3,3,2,3,4,3,4,4,5,4,4,3,,3,2,3,4,4,3,3,1,4,3,3,3,2,3.5,4.33,3.5,3.33,4.0,3.5,3.0,4.0,3.2,2.75,3.6
R1247,Hospitality/Services,Micro: Fewer than 10 employees,3-5 years,Fewer than 10,Urban area,Mixed municipal waste,Not sure,External waste-management agency,2,4,3,4,2,3,2,3,3,3,2,2,4,4,4,3,3,2,3,3,3,3,2,3,5,4,,4,5,4,4,4,3,3,2,4,3,3,3,4,3,3,2,2,4,3,3,2,3,,3,5,3,3,4,4,3,3,4,4,5,4,3.0,2.5,3.33,2.83,4.4,3.33,3.17,2.67,3.4,3.88,3.18
R1248,Manufacturing,Micro: Fewer than 10 employees,Less than 3 years,Fewer than 10,Industrial area,Mixed municipal waste,No,External waste-management agency,4,4,4,4,3,4,3,2,2,2,3,3,1,4,3,3,3,2,3,4,4,3,3,3,3,2,2,2,2,4,2,3,3,3,3,2,2,2,2,2,3,2,3,3,3,3,3,2,2,2,2,2,3,2,4,3,1,2,3,3,5,4,3.83,2.5,2.67,3.33,2.5,2.67,2.17,2.83,2.17,3.12,2.74
R1249,Healthcare,Large: 250 employees or more,3-5 years,100-249,Semi-urban area,Food or organic waste,No,Operations department,4,5,4,4,5,4,3,3,4,4,4,2,2,2,2,2,3,2,4,3,4,4,4,3,3,3,3,3,4,2,3,2,3,3,4,4,3,4,5,4,5,4,3,4,5,4,3,3,3,3,4,3,3,3,4,4,4,4,4,4,5,5,4.33,3.33,2.17,3.67,3.0,3.17,4.17,3.67,3.17,4.25,3.41
R1250,Hospitality/Services,Small: 10-49 employees,6-10 years,10-49,Urban area,Plastic waste,No,External waste-management agency,3,3,2,1,3,2,2,3,2,4,2,3,3,,3,3,3,3,3,2,3,2,3,3,3,3,3,2,3,3,2,3,4,4,3,3,2,2,1,3,2,2,2,,2,3,3,4,2,4,4,3,3,4,2,4,4,3,5,3,4,3,2.33,2.67,3.0,2.67,2.83,3.17,2.0,2.8,3.33,3.5,2.76
R1251,Information Technology,Small: 10-49 employees,11-20 years,10-49,Urban area,Mixed municipal waste,Yes,Facility management team,3,4,3,3,4,4,2,3,4,4,2,3,5,4,4,4,4,5,4,4,5,5,3,3,4,4,4,3,4,4,5,4,3,,4,3,3,4,5,4,4,3,4,3,3,4,3,4,4,3,4,4,3,4,2,2,3,1,2,2,2,1,3.5,3.0,4.33,4.0,3.83,3.8,3.83,3.5,3.67,1.88,3.72
R1252,Manufacturing,Medium: 50-249 employees,11-20 years,50-99,Urban area,Food or organic waste,Yes,Operations department,5,5,4,5,5,5,4,3,5,4,4,4,3,3,3,4,2,3,4,5,3,3,5,4,3,4,4,4,3,4,5,4,5,5,4,4,5,5,5,5,5,4,4,5,3,4,3,3,3,4,4,3,4,4,3,3,3,3,3,4,2,4,4.83,4.0,3.0,4.0,3.67,4.5,4.83,3.67,3.67,3.12,4.02
R1253,Healthcare,Micro: Fewer than 10 employees,3-5 years,Fewer than 10,Semi-urban area,Mixed municipal waste,No,External waste-management agency,3,4,3,3,2,4,3,3,5,5,3,4,3,3,4,4,5,4,3,4,4,3,3,4,3,2,3,2,3,2,2,3,3,,2,3,2,3,3,3,2,,1,2,3,2,1,3,3,4,4,3,4,3,2,2,4,3,3,4,2,3,3.17,3.83,3.83,3.5,2.5,2.6,2.6,2.0,3.5,2.88,3.06
R1254,Information Technology,Large: 250 employees or more,11-20 years,250 or more,Commercial area,Plastic waste,Under development,Operations department,4,3,4,3,5,4,3,5,5,4,4,3,5,3,3,3,2,4,3,3,3,2,3,3,4,3,3,5,3,3,3,4,3,3,3,4,5,3,5,4,3,3,2,3,2,2,4,4,3,3,3,2,2,3,4,2,2,4,2,3,3,4,3.83,4.0,3.33,2.83,3.5,3.33,3.83,2.83,2.67,3.0,3.35
R1255,Manufacturing,Micro: Fewer than 10 employees,6-10 years,Fewer than 10,Industrial area,Plastic waste,No,Operations department,3,3,4,2,3,3,3,4,4,5,4,4,4,4,2,2,3,2,4,4,3,4,4,3,4,4,3,4,3,3,3,3,1,2,3,2,3,3,4,3,3,4,4,3,,3,3,3,3,4,3,3,4,3,3,2,2,3,3,2,3,4,3.0,4.0,2.83,3.67,3.5,2.33,3.33,3.2,3.33,2.75,3.24
R1256,Healthcare,Small: 10-49 employees,6-10 years,10-49,Commercial area,Paper and cardboard,No,Facility management team,4,5,3,3,3,3,3,3,2,2,2,2,4,4,3,4,3,4,3,3,3,2,4,2,4,3,3,3,4,5,4,3,4,4,3,4,2,3,3,3,2,2,3,4,3,2,2,3,4,2,2,2,3,3,3,4,4,3,4,3,,4,3.5,2.33,3.67,2.83,3.67,3.67,2.5,2.83,2.67,3.57,3.07
R1257,Information Technology,Large: 250 employees or more,11-20 years,250 or more,Commercial area,Plastic waste,Under development,Facility management team,5,4,3,3,5,4,4,4,5,2,3,3,4,4,4,4,3,4,4,5,4,5,4,4,3,3,2,4,3,3,4,5,5,4,5,3,4,4,4,4,4,5,2,3,2,3,2,2,3,3,3,4,4,4,2,2,2,2,2,1,1,1,4.0,3.5,3.83,4.33,3.0,4.33,4.17,2.33,3.5,1.62,3.67
R1258,Retail,Small: 10-49 employees,Less than 3 years,10-49,Urban area,Food or organic waste,Yes,Operations department,4,3,4,3,4,3,2,3,3,2,5,3,4,5,4,3,4,4,4,3,5,5,3,4,3,3,3,4,5,3,3,3,4,3,3,3,2,3,3,2,4,2,4,3,3,,2,3,4,5,5,3,3,4,3,4,3,4,3,5,3,3,3.5,3.0,4.0,4.0,3.5,3.17,2.67,3.0,4.0,3.5,3.43
R1259,Manufacturing,Large: 250 employees or more,3-5 years,250 or more,Industrial area,Paper and cardboard,Yes,Environmental or sustainability department,4,3,4,5,4,3,5,5,5,4,4,5,5,5,4,5,4,4,3,5,5,3,4,5,3,3,3,2,3,3,4,4,5,5,4,4,4,3,4,4,4,4,3,3,4,4,4,3,3,4,4,4,5,3,1,1,1,1,1,1,1,1,3.83,4.67,4.5,4.17,2.83,4.33,3.83,3.5,3.83,1.0,3.94
R1260,Healthcare,Small: 10-49 employees,3-5 years,Fewer than 10,Urban area,Mixed municipal waste,No,Operations department,3,3,4,2,4,3,3,4,4,4,3,4,4,3,5,4,3,4,3,3,4,2,3,3,3,4,3,3,3,3,3,2,2,3,3,3,4,4,4,4,4,4,2,3,1,3,3,3,4,4,3,5,3,3,4,4,5,5,4,5,3,4,3.17,3.67,3.83,3.0,3.17,2.67,4.0,2.5,3.67,4.25,3.3
R1261,Healthcare,Medium: 50-249 employees,6-10 years,50-99,Urban area,Mixed municipal waste,Yes,Facility management team,3,4,3,4,4,4,3,3,4,3,4,3,4,3,4,4,5,4,4,3,4,4,3,5,4,3,4,4,4,4,3,4,5,5,3,3,4,3,4,4,4,3,5,4,4,4,4,4,3,3,4,3,4,5,2,4,2,3,4,3,2,4,3.67,3.33,4.0,3.83,3.83,3.83,3.67,4.17,3.67,3.0,3.78
R1262,Retail,Micro: Fewer than 10 employees,6-10 years,Fewer than 10,Semi-urban area,Paper and cardboard,Not sure,Facility management team,3,3,3,3,3,4,3,1,3,3,3,2,3,4,,3,4,4,2,2,3,3,2,3,,4,4,3,3,4,4,4,3,3,3,2,2,3,2,3,4,2,5,4,3,3,4,4,4,4,4,4,4,5,2,4,1,1,1,4,3,3,3.17,2.5,3.6,2.5,3.6,3.17,2.67,3.83,4.17,2.38,3.25
R1263,Healthcare,Large: 250 employees or more,6-10 years,250 or more,Urban area,Mixed municipal waste,Yes,External waste-management agency,4,5,3,3,4,4,3,4,2,4,3,3,4,5,3,4,2,5,4,4,4,3,4,4,2,4,3,2,3,2,4,,4,3,3,4,4,3,4,4,3,4,4,4,5,4,3,4,5,5,5,5,4,5,3,3,3,3,4,2,3,2,3.83,3.17,3.83,3.83,2.67,3.6,3.67,4.0,4.83,2.88,3.71
R1264,Retail,Micro: Fewer than 10 employees,6-10 years,Fewer than 10,Semi-urban area,Plastic waste,No,External waste-management agency,5,5,5,3,2,5,3,4,4,4,4,3,4,3,4,4,3,3,3,4,3,3,3,4,3,4,4,2,4,3,2,2,3,3,3,3,4,5,3,3,4,2,3,1,2,3,2,3,4,3,3,3,3,4,3,4,2,3,3,4,4,4,4.17,3.67,3.5,3.33,3.33,2.67,3.5,2.33,3.33,3.38,3.31
R1265,Information Technology,Medium: 50-249 employees,Less than 3 years,10-49,Urban area,Paper and cardboard,No,Operations department,2,3,4,3,3,3,3,3,4,3,4,3,4,4,4,4,4,4,3,2,2,3,2,4,3,4,4,4,3,4,3,3,5,4,4,2,3,4,3,4,3,3,5,,4,4,5,4,4,3,3,3,4,3,4,3,2,2,2,3,4,3,3.0,3.33,4.0,2.67,3.67,3.5,3.33,4.4,3.33,2.88,3.47
R1266,Information Technology,Small: 10-49 employees,3-5 years,10-49,Urban area,Paper and cardboard,Not sure,Operations department,5,4,5,4,4,5,3,3,3,4,5,3,4,4,3,4,3,5,4,3,4,,3,3,4,2,3,3,4,3,4,2,3,4,3,3,4,3,3,3,3,2,4,3,3,3,3,3,5,5,4,4,4,3,3,2,2,3,3,2,2,3,4.5,3.5,3.83,3.4,3.17,3.17,3.0,3.17,4.17,2.5,3.55
R1267,Information Technology,Micro: Fewer than 10 employees,Less than 3 years,Fewer than 10,Urban area,Mixed municipal waste,No,External waste-management agency,3,4,3,2,3,3,3,4,,3,3,3,3,2,3,3,3,2,4,2,4,2,4,4,2,3,3,2,3,3,3,1,3,2,3,2,3,3,2,3,3,4,3,3,4,4,3,3,2,4,3,3,4,3,5,4,4,4,3,4,4,4,3.0,3.2,2.67,3.33,2.67,2.33,3.0,3.33,3.17,4.0,2.97
R1268,Retail,Small: 10-49 employees,11-20 years,10-49,Urban area,Paper and cardboard,Not sure,External waste-management agency,4,3,4,4,4,5,5,4,5,4,4,4,5,4,4,3,5,4,4,3,5,4,4,4,4,3,4,5,4,4,3,2,3,2,3,3,3,3,2,4,4,3,3,3,4,4,4,4,4,4,4,4,3,4,2,2,5,2,4,3,4,2,4.0,4.33,4.17,4.0,4.0,2.67,3.17,3.67,3.83,3.0,3.76
R1269,Manufacturing,Large: 250 employees or more,Less than 3 years,250 or more,Semi-urban area,Plastic waste,Yes,Environmental or sustainability department,4,1,3,2,2,4,3,,4,3,3,3,2,3,,4,4,4,4,4,4,5,3,4,3,4,4,4,4,5,,2,2,2,2,3,4,4,4,3,4,3,3,5,3,3,4,3,3,4,5,3,4,4,2,2,3,2,1,3,3,1,2.67,3.2,3.4,4.0,4.0,2.2,3.67,3.5,3.83,2.12,3.39
R1270,Information Technology,Medium: 50-249 employees,6-10 years,100-249,Commercial area,Plastic waste,Under development,Operations department,5,3,5,5,5,5,4,4,5,4,4,4,3,4,3,4,4,2,5,4,4,4,4,4,3,3,3,3,3,3,3,5,4,3,5,5,3,5,2,4,4,3,4,4,4,4,5,3,4,2,3,3,3,3,2,2,3,3,4,3,3,3,4.67,4.17,3.33,4.17,3.0,4.17,3.5,4.0,3.0,2.88,3.78
R1271,Manufacturing,Medium: 50-249 employees,3-5 years,100-249,Industrial area,Food or organic waste,Yes,External waste-management agency,4,4,4,3,4,3,4,5,4,4,,5,4,4,3,4,4,3,3,2,3,4,4,4,4,5,5,4,4,3,,5,5,4,5,5,5,5,4,5,3,4,4,4,4,3,5,4,5,4,4,2,4,3,3,3,2,3,3,3,3,5,3.67,4.4,3.67,3.33,4.17,4.8,4.33,4.0,3.67,3.12,4.0
R1272,Retail,Large: 250 employees or more,6-10 years,250 or more,Commercial area,Paper and cardboard,Under development,Environmental or sustainability department,4,3,3,3,3,3,5,4,5,5,5,5,3,3,5,4,4,3,3,2,3,2,4,4,4,3,4,4,3,4,5,5,5,5,5,5,3,4,3,4,3,4,4,3,4,3,5,5,4,4,4,3,5,4,2,2,2,1,2,3,2,4,3.17,4.83,3.67,3.0,3.67,5.0,3.5,4.0,4.0,2.25,3.87
R1273,Manufacturing,Small: 10-49 employees,6-10 years,10-49,Semi-urban area,Mixed municipal waste,No,Operations department,3,4,5,3,4,,3,3,3,4,3,4,3,2,3,2,3,3,3,4,2,3,4,2,3,3,3,2,3,2,3,3,2,3,3,3,3,3,4,3,2,3,3,3,3,3,4,3,5,5,3,5,4,5,3,3,3,3,4,4,2,3,3.8,3.33,2.67,3.0,2.67,2.83,3.0,3.17,4.5,3.12,3.22
R1274,Retail,Large: 250 employees or more,6-10 years,100-249,Semi-urban area,Plastic waste,Yes,Facility management team,3,4,4,3,3,4,3,5,4,3,3,3,4,3,3,3,3,3,3,4,4,3,2,4,3,5,4,5,5,5,3,3,3,3,3,3,2,2,4,3,3,2,2,2,1,2,1,2,4,4,5,3,4,4,1,3,3,4,2,2,3,2,3.5,3.5,3.17,3.33,4.5,3.0,2.67,1.67,4.0,2.5,3.26
R1275,Healthcare,Small: 10-49 employees,Less than 3 years,50-99,Urban area,Mixed municipal waste,No,External waste-management agency,2,3,3,3,3,2,3,3,4,2,4,3,,5,4,4,3,3,4,4,3,3,3,4,4,3,2,3,3,2,3,3,2,2,3,3,4,3,2,2,2,1,3,2,3,4,2,4,3,4,4,,4,3,2,2,3,4,3,3,3,3,2.67,3.17,3.8,3.5,2.83,2.67,2.33,3.0,3.6,2.88,3.06
R1276,Retail,Small: 10-49 employees,3-5 years,Fewer than 10,Industrial area,Paper and cardboard,No,Operations department,3,5,4,3,4,4,3,3,3,3,3,4,3,3,3,4,4,4,,4,3,4,2,4,3,3,2,3,2,4,2,2,3,4,2,3,3,3,4,2,3,3,3,4,3,3,2,3,3,4,3,3,3,3,3,2,3,3,3,3,4,3,3.83,3.17,3.5,3.4,2.83,2.67,3.0,3.0,3.17,3.0,3.17
R1277,Retail,Large: 250 employees or more,Less than 3 years,100-249,Commercial area,Mixed municipal waste,No,Facility management team,3,2,2,2,2,2,4,3,3,3,4,3,4,,3,3,3,4,4,3,3,3,3,3,2,2,3,3,3,2,1,2,2,3,2,2,3,3,3,4,3,5,3,3,3,3,1,2,3,3,3,3,3,3,4,5,5,4,4,4,5,3,2.17,3.33,3.4,3.17,2.5,2.0,3.5,2.5,3.0,4.25,2.84
R1278,Manufacturing,Small: 10-49 employees,3-5 years,10-49,Urban area,Food or organic waste,Yes,External waste-management agency,4,4,4,4,4,3,3,3,3,3,3,3,4,4,3,4,4,2,4,4,3,5,4,4,4,3,4,4,4,4,4,,4,3,,5,3,4,5,3,4,3,5,3,5,3,4,4,3,3,5,4,3,3,1,1,4,3,2,2,2,3,3.83,3.0,3.5,4.0,3.83,4.0,3.67,4.0,3.5,2.25,3.7
R1279,Retail,Medium: 50-249 employees,6-10 years,10-49,Semi-urban area,Plastic waste,Not sure,External waste-management agency,5,3,3,5,3,4,2,2,3,1,2,3,3,3,3,3,3,4,3,3,2,3,5,4,5,3,5,3,4,4,3,2,4,3,3,3,3,4,5,4,4,5,4,,4,5,4,4,3,3,3,3,3,3,4,5,5,5,5,4,4,3,3.83,2.17,3.17,3.33,4.0,3.0,4.17,4.2,3.0,4.38,3.43
R1280,Retail,Large: 250 employees or more,6-10 years,100-249,Semi-urban area,Food or organic waste,Under development,Operations department,5,4,4,4,3,,4,4,4,2,,4,3,3,3,4,4,4,3,2,4,3,2,3,5,4,2,2,3,3,3,4,2,3,3,4,4,4,4,3,4,4,3,4,3,5,4,3,4,4,4,5,4,4,4,4,4,4,3,3,3,3,4.0,3.6,3.5,2.83,3.17,3.17,3.83,3.67,4.17,3.5,3.55
R1281,Information Technology,Medium: 50-249 employees,11-20 years,100-249,Industrial area,Paper and cardboard,Yes,Facility management team,5,4,5,5,5,5,4,2,4,4,2,4,4,5,4,4,3,4,3,3,5,3,3,4,5,4,3,5,4,4,3,4,2,5,3,3,4,5,4,3,4,,4,5,3,4,4,4,5,5,4,5,4,5,4,3,3,2,2,2,1,3,4.83,3.33,4.0,3.5,4.17,3.33,4.0,4.0,4.67,2.5,3.98
R1282,Information Technology,Micro: Fewer than 10 employees,Less than 3 years,Fewer than 10,Urban area,Paper and cardboard,No,External waste-management agency,2,3,4,1,3,3,3,2,3,2,2,3,3,3,2,3,3,3,3,2,3,4,2,3,2,2,2,2,2,3,3,3,3,2,,3,4,4,3,3,2,3,3,2,2,2,3,3,,5,5,5,4,5,4,5,5,4,4,4,5,4,2.67,2.5,2.83,2.83,2.17,2.8,3.17,2.5,4.8,4.38,2.92
R1283,Hospitality/Services,Micro: Fewer than 10 employees,Less than 3 years,Fewer than 10,Industrial area,Food or organic waste,No,External waste-management agency,4,3,3,2,4,4,3,3,3,4,3,2,3,3,3,4,5,4,2,2,2,1,2,1,3,4,3,3,3,4,1,2,1,2,1,1,4,3,3,3,3,3,3,2,3,2,3,2,2,2,2,1,2,2,3,4,2,4,3,5,3,3,3.33,3.0,3.67,1.67,3.33,1.33,3.17,2.5,1.83,3.38,2.65
R1284,Manufacturing,Large: 250 employees or more,6-10 years,250 or more,Commercial area,Plastic waste,Yes,Environmental or sustainability department,5,5,5,5,5,5,3,4,3,3,2,4,5,5,5,5,5,5,4,4,3,3,5,4,3,3,4,5,4,4,4,4,4,3,4,4,3,4,4,2,4,3,3,4,3,3,4,4,5,5,3,5,4,3,3,2,3,2,2,2,1,2,5.0,3.17,5.0,3.83,3.83,3.83,3.33,3.5,4.17,2.12,3.96
R1285,Manufacturing,Medium: 50-249 employees,Less than 3 years,50-99,Commercial area,Paper and cardboard,Not sure,Operations department,4,3,4,4,3,2,2,2,2,3,2,2,3,4,4,3,3,3,2,3,4,2,1,3,4,4,3,2,3,3,2,4,3,3,2,4,3,,4,3,3,3,3,2,3,4,4,3,4,5,4,3,4,5,3,2,3,2,3,3,3,3,3.33,2.17,3.33,2.5,3.17,3.0,3.2,3.17,4.17,2.75,3.12
R1286,Retail,Small: 10-49 employees,3-5 years,50-99,Commercial area,Paper and cardboard,Yes,Operations department,4,3,4,5,4,3,4,3,4,3,4,3,3,4,3,3,3,4,4,4,4,3,4,4,4,3,3,3,4,5,3,3,4,3,3,4,3,3,4,2,3,3,3,4,3,4,3,2,3,3,2,3,3,2,4,3,3,4,3,3,3,3,3.83,3.5,3.33,3.83,3.67,3.33,3.0,3.17,2.67,3.25,3.37
R1287,Healthcare,Micro: Fewer than 10 employees,Less than 3 years,Fewer than 10,Urban area,Food or organic waste,No,External waste-management agency,3,2,3,2,3,2,2,3,3,4,2,3,4,3,3,4,4,2,2,2,3,3,1,2,3,2,2,2,2,3,3,3,3,1,3,4,3,3,1,3,2,2,3,3,3,3,4,3,3,3,3,4,3,2,4,4,4,4,2,2,3,4,2.5,2.83,3.33,2.17,2.33,2.83,2.33,3.17,3.0,3.38,2.72
R1288,Information Technology,Small: 10-49 employees,3-5 years,10-49,Commercial area,Paper and cardboard,Not sure,Operations department,3,5,4,4,3,5,3,3,4,3,3,4,3,1,3,2,3,4,5,4,4,2,4,4,4,4,3,3,4,4,4,3,4,4,4,3,3,3,4,3,2,3,3,4,4,3,,3,2,2,3,2,3,2,2,2,4,2,2,2,2,3,4.0,3.33,2.67,3.83,3.67,3.67,3.0,3.4,2.33,2.38,3.32
R1289,Information Technology,Large: 250 employees or more,11-20 years,250 or more,Urban area,Paper and cardboard,Yes,Facility management team,3,3,4,4,4,4,3,4,4,4,4,3,4,4,5,5,3,5,3,4,4,4,3,4,2,5,5,5,4,4,4,5,4,5,4,4,5,4,4,4,4,4,4,4,5,4,4,3,3,3,3,5,3,4,2,4,2,3,2,2,3,4,3.67,3.67,4.33,3.67,4.17,4.33,4.17,4.0,3.5,2.75,3.95
R1290,Retail,Large: 250 employees or more,6-10 years,250 or more,Semi-urban area,Mixed municipal waste,Not sure,Operations department,4,4,5,4,2,4,2,2,3,4,3,2,3,3,4,3,3,4,3,3,4,3,3,3,3,3,4,4,3,3,3,3,4,3,4,3,4,5,5,5,4,5,4,4,4,4,4,4,3,3,3,3,4,3,2,2,2,3,2,2,2,2,3.83,2.67,3.33,3.17,3.33,3.33,4.67,4.0,3.17,2.12,3.5
R1291,Healthcare,Large: 250 employees or more,11-20 years,100-249,Commercial area,Mixed municipal waste,No,External waste-management agency,3,3,4,3,1,4,4,4,4,4,4,4,3,3,4,3,4,4,4,3,4,3,3,4,2,2,4,4,5,5,4,3,3,,3,3,3,4,4,3,3,3,4,2,2,3,2,2,3,3,3,5,3,3,1,3,2,2,2,4,2,3,3.0,4.0,3.5,3.5,3.67,3.2,3.33,2.5,3.33,2.38,3.34
R1292,Hospitality/Services,Medium: 50-249 employees,Less than 3 years,100-249,Semi-urban area,Mixed municipal waste,No,Operations department,4,4,4,4,4,4,4,4,4,4,4,4,4,4,4,4,4,4,4,4,4,4,4,4,4,4,4,4,4,4,4,4,4,4,4,4,4,4,4,4,4,4,4,4,4,4,4,4,4,4,4,4,4,4,4,4,4,4,4,4,4,4,4.0,4.0,4.0,4.0,4.0,4.0,4.0,4.0,4.0,4.0,4.0
R1293,Manufacturing,Micro: Fewer than 10 employees,3-5 years,10-49,Industrial area,Paper and cardboard,Not sure,External waste-management agency,3,4,3,5,3,3,3,3,2,2,4,,3,2,2,2,3,3,3,2,2,1,2,3,2,2,3,1,2,2,3,4,3,4,4,4,2,2,2,4,3,3,4,3,4,3,4,3,4,3,,4,4,4,3,3,4,3,3,3,3,2,3.5,2.8,2.5,2.17,2.0,3.67,2.67,3.5,3.8,3.0,2.96
R1294,Information Technology,Micro: Fewer than 10 employees,Less than 3 years,Fewer than 10,Urban area,Paper and cardboard,No,External waste-management agency,2,3,2,4,3,2,2,2,1,2,2,2,5,4,4,4,3,4,3,4,4,4,3,4,3,4,3,3,2,2,3,3,3,3,3,4,2,1,1,2,2,3,3,3,4,3,3,3,2,2,2,1,3,3,3,4,3,3,3,5,3,4,2.67,1.83,4.0,3.67,2.83,3.17,1.83,3.17,2.17,3.5,2.82
R1295,Information Technology,Medium: 50-249 employees,3-5 years,100-249,Commercial area,Mixed municipal waste,Not sure,Operations department,3,5,4,5,5,5,4,3,4,4,3,3,3,3,2,4,3,4,2,3,3,3,3,3,3,2,2,2,3,3,3,3,2,3,2,3,5,4,4,3,4,4,3,4,3,5,4,3,4,3,2,3,4,4,3,3,2,2,3,3,3,3,4.5,3.5,3.17,2.83,2.5,2.67,4.0,3.67,3.33,2.75,3.35
R1296,Manufacturing,Small: 10-49 employees,6-10 years,10-49,Semi-urban area,Mixed municipal waste,No,External waste-management agency,5,5,4,4,5,4,4,3,4,3,3,4,5,4,5,4,4,3,4,3,3,2,3,5,5,3,5,3,4,5,4,4,4,4,4,3,,4,3,4,3,3,3,,4,4,4,3,4,3,4,5,3,3,3,2,2,3,1,1,3,1,4.5,3.5,4.17,3.33,4.17,3.83,3.4,3.6,3.67,2.0,3.8
R1297,Hospitality/Services,Micro: Fewer than 10 employees,3-5 years,Fewer than 10,Semi-urban area,Mixed municipal waste,No,External waste-management agency,2,2,2,3,3,3,2,2,4,3,3,3,1,2,3,2,2,3,5,4,4,3,4,4,3,3,3,3,3,2,1,3,2,2,2,3,4,3,4,2,2,2,3,2,3,3,3,2,2,3,2,3,2,2,4,3,3,3,3,2,2,3,2.5,2.83,2.17,4.0,2.83,2.17,2.83,2.67,2.33,2.88,2.7
R1298,Information Technology,Small: 10-49 employees,Less than 3 years,10-49,Urban area,Paper and cardboard,Under development,External waste-management agency,3,3,3,2,4,3,4,3,3,3,3,3,3,2,2,1,3,2,3,2,2,4,3,3,3,3,4,2,3,5,4,4,3,4,3,3,4,3,3,3,4,3,3,3,4,4,4,3,3,5,4,4,4,4,2,3,2,4,2,3,3,4,3.0,3.17,2.17,2.83,3.33,3.5,3.33,3.5,4.0,2.88,3.2
R1299,Information Technology,Micro: Fewer than 10 employees,Less than 3 years,Fewer than 10,Commercial area,Paper and cardboard,Not sure,External waste-management agency,2,3,3,4,2,3,5,4,5,4,3,3,4,3,2,3,3,3,3,2,2,3,3,3,3,3,4,5,3,3,3,2,1,2,3,2,1,2,3,2,3,3,2,2,2,3,3,2,3,3,3,2,3,3,4,3,3,4,3,3,4,4,2.83,4.0,3.0,2.67,3.5,2.17,2.33,2.33,2.83,3.5,2.85
R1300,Manufacturing,Micro: Fewer than 10 employees,Less than 3 years,Fewer than 10,Commercial area,Mixed municipal waste,No,External waste-management agency,4,5,5,5,4,4,3,3,2,4,3,3,3,2,3,3,4,3,2,3,3,3,4,3,3,3,3,4,2,3,3,3,3,3,3,3,3,3,3,3,3,4,2,3,2,1,3,2,4,4,4,3,5,4,3,3,2,4,3,3,3,2,4.5,3.0,3.0,3.0,3.0,3.0,3.17,2.17,4.0,2.88,3.2
R1301,Manufacturing,Small: 10-49 employees,Less than 3 years,10-49,Industrial area,Plastic waste,Under development,Operations department,3,4,4,4,4,4,5,4,5,4,5,4,3,4,3,4,3,3,2,3,3,3,4,3,3,3,3,3,3,3,3,3,3,3,4,4,2,3,3,3,2,3,3,3,2,2,2,3,4,4,4,5,4,5,3,3,4,1,4,3,3,3,3.83,4.5,3.33,3.0,3.0,3.33,2.67,2.5,4.33,3.0,3.39
R1302,Healthcare,Micro: Fewer than 10 employees,Less than 3 years,Fewer than 10,Urban area,Mixed municipal waste,No,External waste-management agency,4,3,3,3,3,4,3,3,3,5,3,3,3,3,4,4,4,2,3,3,3,3,4,3,2,2,1,2,3,2,4,,4,3,3,3,4,3,3,3,2,3,2,3,3,3,3,2,3,4,3,4,3,3,4,4,4,4,5,5,4,5,3.33,3.33,3.33,3.17,2.0,3.4,3.0,2.67,3.33,4.38,3.06
R1303,Manufacturing,Large: 250 employees or more,6-10 years,250 or more,Commercial area,Food or organic waste,Yes,Operations department,4,5,4,4,4,4,3,3,4,4,,3,4,5,5,4,5,2,4,5,5,4,3,4,4,5,4,4,4,3,3,3,2,2,3,3,3,4,3,4,5,3,3,5,3,4,3,3,4,4,3,3,5,4,3,3,3,1,2,3,2,4,4.17,3.4,4.17,4.17,4.0,2.67,3.67,3.5,3.83,2.62,3.73
R1304,Manufacturing,Large: 250 employees or more,6-10 years,250 or more,Urban area,Food or organic waste,Yes,Operations department,5,,4,5,4,5,2,4,2,3,3,3,4,3,4,5,4,4,4,4,3,4,3,3,2,3,3,3,4,5,3,4,3,4,3,4,4,3,3,4,4,3,4,4,3,3,4,4,4,5,5,5,,5,3,3,3,3,3,2,3,3,4.6,2.83,4.0,3.5,3.33,3.5,3.5,3.67,4.8,2.88,3.75
R1305,Retail,Small: 10-49 employees,6-10 years,10-49,Semi-urban area,Plastic waste,Not sure,Environmental or sustainability department,4,3,3,4,2,4,3,4,3,3,3,3,3,4,3,4,4,4,3,3,2,3,4,3,2,2,4,2,2,3,3,2,4,4,4,3,3,3,3,3,3,3,2,4,3,3,3,3,4,4,4,3,3,3,3,3,3,3,4,3,4,3,3.33,3.17,3.67,3.0,2.5,3.33,3.0,3.0,3.5,3.25,3.17
R1306,Manufacturing,Micro: Fewer than 10 employees,Less than 3 years,Fewer than 10,Semi-urban area,Paper and cardboard,Not sure,External waste-management agency,2,2,2,2,2,3,2,4,4,4,3,3,2,1,1,2,2,3,3,4,2,3,2,3,3,3,2,1,1,3,2,3,2,3,2,3,3,2,2,3,3,2,3,3,2,3,2,2,2,2,2,2,3,2,5,4,3,5,4,5,4,5,2.17,3.33,1.83,2.83,2.17,2.5,2.5,2.5,2.17,4.38,2.44
R1307,Information Technology,Micro: Fewer than 10 employees,Less than 3 years,Fewer than 10,Urban area,Plastic waste,No,Operations department,4,4,4,5,5,4,3,3,3,3,2,3,3,2,4,,3,4,4,3,2,2,3,3,3,4,4,3,4,4,3,3,3,3,4,3,5,4,4,4,3,3,3,3,4,3,3,5,3,4,4,3,4,4,3,3,3,3,3,2,3,2,4.33,2.83,3.2,2.83,3.67,3.17,3.83,3.5,3.67,2.75,3.45
R1308,Healthcare,Medium: 50-249 employees,3-5 years,100-249,Semi-urban area,Paper and cardboard,Under development,Environmental or sustainability department,4,4,4,5,4,4,3,4,3,2,3,4,5,3,5,4,4,4,4,3,3,3,3,4,4,4,4,3,3,4,5,4,5,4,5,5,5,4,5,5,4,3,2,3,2,3,5,3,4,3,3,4,4,5,2,2,3,3,3,4,3,2,4.17,3.17,4.17,3.33,3.67,4.67,4.33,3.0,3.83,2.75,3.82
R1309,Manufacturing,Micro: Fewer than 10 employees,Less than 3 years,Fewer than 10,Industrial area,Paper and cardboard,No,External waste-management agency,4,2,2,2,3,2,3,4,3,2,3,3,2,2,3,3,2,3,3,2,2,2,3,3,2,2,2,3,1,3,1,1,3,1,3,3,2,2,2,3,2,1,2,4,2,2,3,2,3,3,3,4,3,4,3,4,5,3,4,4,5,4,2.5,3.0,2.5,2.5,2.17,2.0,2.0,2.5,3.33,4.0,2.5
R1310,Healthcare,Medium: 50-249 employees,Less than 3 years,50-99,Urban area,Mixed municipal waste,Not sure,Operations department,4,4,3,4,3,4,4,4,4,4,4,5,4,3,3,4,3,3,3,4,4,4,5,4,3,4,3,3,2,3,4,4,4,3,3,3,3,3,3,2,3,4,3,4,3,4,3,4,2,3,3,4,4,3,3,3,5,3,3,3,2,2,3.67,4.17,3.33,4.0,3.0,3.5,3.0,3.5,3.17,3.0,3.48
R1311,Manufacturing,Micro: Fewer than 10 employees,3-5 years,Fewer than 10,Commercial area,Paper and cardboard,Under development,Operations department,4,4,3,3,5,3,2,1,2,2,3,2,4,3,4,3,3,3,2,2,2,2,2,3,3,3,3,3,3,3,3,3,2,3,3,2,4,3,3,3,3,3,3,3,2,2,3,3,1,4,3,3,3,3,3,3,4,3,3,4,4,3,3.67,2.0,3.33,2.17,3.0,2.67,3.17,2.67,2.83,3.38,2.83
R1312,Manufacturing,Small: 10-49 employees,11-20 years,10-49,Semi-urban area,Mixed municipal waste,Under development,Operations department,4,5,4,4,4,3,5,5,4,4,4,3,2,2,3,3,2,3,4,3,3,3,3,3,3,4,2,2,2,3,4,3,5,3,5,4,3,3,3,4,3,3,4,4,4,2,3,3,5,5,3,5,4,4,2,3,2,3,3,3,4,1,4.0,4.17,2.5,3.17,2.67,4.0,3.17,3.33,4.33,2.62,3.48
R1313,Retail,Medium: 50-249 employees,3-5 years,10-49,Commercial area,Plastic waste,No,External waste-management agency,3,4,3,4,2,4,4,4,4,4,4,5,3,3,3,3,3,4,2,3,2,2,4,3,2,2,4,1,3,3,3,2,3,4,4,,2,3,2,3,3,4,4,3,3,5,3,3,3,4,2,3,,4,4,4,4,3,2,2,3,2,3.33,4.17,3.17,2.67,2.5,3.2,2.83,3.5,3.2,3.0,3.17
R1314,Retail,Medium: 50-249 employees,3-5 years,50-99,Industrial area,Food or organic waste,Not sure,Operations department,3,4,3,4,4,4,2,4,3,2,3,2,2,3,2,3,4,4,4,3,4,3,4,3,4,3,4,4,5,4,3,3,4,3,4,4,3,3,3,,2,1,3,4,4,3,3,3,2,2,3,4,3,2,3,3,3,3,1,3,3,3,3.67,2.67,3.0,3.5,4.0,3.5,2.4,3.33,2.67,2.75,3.19
R1315,Retail,Micro: Fewer than 10 employees,6-10 years,Fewer than 10,Commercial area,Plastic waste,Yes,External waste-management agency,5,4,3,4,3,5,4,4,3,4,3,3,3,3,4,5,5,4,4,4,3,3,3,3,3,2,3,4,3,3,4,4,4,5,4,3,4,5,,4,4,3,4,4,4,3,5,3,4,5,4,5,5,5,3,2,1,3,1,4,2,2,4.0,3.5,4.0,3.33,3.0,4.0,4.0,3.83,4.67,2.25,3.81
R1316,Healthcare,Large: 250 employees or more,11-20 years,250 or more,Urban area,Mixed municipal waste,Yes,Environmental or sustainability department,3,4,4,4,4,5,4,4,4,4,3,4,4,4,4,4,3,4,5,4,5,5,3,3,4,4,4,3,3,4,5,4,5,4,4,5,4,5,4,3,4,3,5,3,5,5,5,5,5,5,4,5,5,5,3,3,2,3,5,3,4,4,4.0,3.83,3.83,4.17,3.67,4.5,3.83,4.67,4.83,3.38,4.15
R1317,Retail,Small: 10-49 employees,3-5 years,10-49,Semi-urban area,Plastic waste,Not sure,Facility management team,3,4,3,3,2,3,4,4,4,3,3,3,4,5,4,3,5,4,4,3,3,2,4,2,4,3,4,4,4,4,4,3,2,3,4,2,4,4,3,4,2,3,4,3,4,2,2,3,3,3,3,4,4,4,5,4,3,3,3,5,5,4,3.0,3.5,4.17,3.0,3.83,3.0,3.33,3.0,3.5,4.0,3.37
R1318,Healthcare,Medium: 50-249 employees,3-5 years,100-249,Commercial area,Mixed municipal waste,No,Operations department,2,3,2,3,4,4,4,3,4,4,3,2,2,3,4,5,2,4,4,5,4,3,3,3,3,3,5,3,5,5,5,3,4,3,4,5,4,4,2,4,3,2,4,4,3,5,4,4,3,4,3,3,4,4,2,3,4,2,3,2,3,2,3.0,3.33,3.33,3.67,4.0,4.0,3.17,4.0,3.5,2.62,3.56
R1319,Retail,Small: 10-49 employees,3-5 years,10-49,Semi-urban area,Mixed municipal waste,No,External waste-management agency,3,3,3,3,4,4,3,2,3,3,3,3,2,2,2,2,2,3,3,3,3,2,3,4,2,3,2,1,1,2,,3,3,3,3,3,2,3,2,2,2,4,3,2,2,3,2,2,4,4,3,3,5,4,2,4,4,2,4,2,4,3,3.33,2.83,2.17,3.0,1.83,3.0,2.5,2.33,3.83,3.12,2.76
R1320,Information Technology,Medium: 50-249 employees,11-20 years,100-249,Urban area,Paper and cardboard,Yes,Operations department,3,3,3,3,3,3,5,4,4,5,5,4,4,4,4,5,3,3,5,4,4,3,4,5,4,4,3,5,3,3,5,3,4,4,5,4,3,4,4,3,4,2,3,4,3,3,4,3,4,4,5,4,4,4,2,2,2,2,2,1,2,2,3.0,4.5,3.83,4.17,3.67,4.17,3.33,3.33,4.17,1.88,3.8
R1321,Healthcare,Micro: Fewer than 10 employees,Less than 3 years,Fewer than 10,Commercial area,Plastic waste,Not sure,External waste-management agency,5,4,4,4,2,3,3,5,4,3,4,4,3,5,3,3,2,3,3,5,4,4,4,4,4,2,3,2,3,2,2,2,2,1,1,1,3,4,3,3,4,,3,3,3,2,3,3,2,3,3,2,3,2,3,4,4,3,3,4,4,2,3.67,3.83,3.17,4.0,2.67,1.5,3.4,2.83,2.5,3.38,3.06
R1322,Manufacturing,Large: 250 employees or more,Less than 3 years,100-249,Semi-urban area,Paper and cardboard,Not sure,External waste-management agency,4,4,3,4,3,3,4,4,3,3,3,3,5,4,3,3,4,4,3,2,2,3,2,3,3,1,3,2,3,4,4,4,4,3,4,4,3,4,3,3,4,3,3,4,2,3,3,3,3,3,3,3,,3,3,3,4,3,4,4,5,3,3.5,3.33,3.83,2.5,2.67,3.83,3.33,3.0,3.0,3.62,3.22
R1323,Healthcare,Large: 250 employees or more,6-10 years,250 or more,Urban area,Paper and cardboard,Yes,External waste-management agency,3,2,3,4,4,4,3,3,4,4,3,2,3,2,3,3,3,3,3,3,4,3,3,2,4,3,4,3,3,4,3,2,3,4,3,3,4,3,4,2,3,4,,4,4,3,4,4,4,4,5,5,4,4,3,3,4,4,4,4,3,3,3.33,3.17,2.83,3.0,3.5,3.0,3.33,3.8,4.33,3.5,3.37
R1324,Information Technology,Small: 10-49 employees,Less than 3 years,50-99,Urban area,Plastic waste,Under development,External waste-management agency,2,3,3,4,2,3,2,2,3,3,3,2,2,4,2,2,3,3,3,3,2,3,3,2,3,5,4,4,2,3,2,2,3,2,4,4,4,4,3,3,4,4,3,3,2,3,2,3,4,3,2,2,3,3,2,3,2,3,3,3,3,2,2.83,2.5,2.67,2.67,3.5,2.83,3.67,2.67,2.83,2.62,2.91
R1325,Manufacturing,Medium: 50-249 employees,6-10 years,50-99,Industrial area,Plastic waste,Under development,Environmental or sustainability department,2,3,3,3,3,3,3,4,4,4,4,3,4,,4,4,4,3,4,4,4,5,3,3,5,4,4,4,4,4,4,3,3,4,4,4,4,5,4,4,4,3,4,4,5,4,3,4,4,3,5,3,2,5,3,3,3,2,3,2,1,4,2.83,3.67,3.8,3.83,4.17,3.67,4.0,4.0,3.67,2.62,3.74
R1326,Healthcare,Small: 10-49 employees,11-20 years,10-49,Commercial area,Mixed municipal waste,Under development,Facility management team,4,4,4,4,4,4,4,4,4,4,4,4,4,4,4,4,4,4,4,4,4,4,4,4,4,4,4,4,4,4,4,4,4,4,4,4,4,4,4,4,4,4,4,4,4,4,4,4,4,4,4,4,4,4,4,4,4,4,4,4,4,4,4.0,4.0,4.0,4.0,4.0,4.0,4.0,4.0,4.0,4.0,4.0
R1327,Information Technology,Large: 250 employees or more,Less than 3 years,100-249,Urban area,Mixed municipal waste,Not sure,Facility management team,2,3,4,4,3,3,3,4,3,4,3,3,4,3,5,4,3,5,3,2,3,4,2,3,1,3,2,4,1,3,2,3,3,2,2,3,2,4,4,3,4,4,3,3,,3,3,3,3,4,3,4,4,4,3,3,3,3,4,3,3,3,3.17,3.33,4.0,2.83,2.33,2.5,3.5,3.0,3.67,3.12,3.15
R1328,Manufacturing,Micro: Fewer than 10 employees,Less than 3 years,Fewer than 10,Commercial area,Plastic waste,No,External waste-management agency,3,3,2,1,3,3,2,1,3,3,2,3,3,,3,2,2,3,4,4,3,2,3,3,2,2,2,2,2,3,2,3,2,3,1,2,4,4,3,4,4,3,2,2,3,2,2,2,,,5,4,4,5,1,3,2,4,3,3,2,3,2.5,2.33,2.6,3.17,2.17,2.17,3.67,2.17,4.5,2.62,2.81
R1329,Hospitality/Services,Medium: 50-249 employees,6-10 years,10-49,Semi-urban area,Food or organic waste,No,Operations department,3,3,3,3,3,2,3,3,2,4,2,3,3,2,2,3,3,2,2,4,3,4,3,3,2,2,2,2,3,2,4,4,4,3,4,4,3,3,4,2,3,2,5,3,2,4,3,5,4,3,4,3,4,3,4,3,4,3,4,3,4,4,2.83,2.83,2.5,3.17,2.17,3.83,2.83,3.67,3.5,3.62,3.04
R1330,Retail,Micro: Fewer than 10 employees,11-20 years,Fewer than 10,Urban area,Mixed municipal waste,Not sure,Facility management team,4,3,4,3,4,3,2,2,2,2,2,3,3,3,4,3,4,2,3,3,4,4,4,4,3,4,4,5,4,4,3,3,3,4,5,5,3,4,4,5,4,4,4,4,3,4,3,4,4,4,4,3,4,3,4,2,2,1,3,3,3,4,3.5,2.17,3.17,3.67,4.0,3.83,4.0,3.67,3.67,2.75,3.52
R1331,Information Technology,Micro: Fewer than 10 employees,Less than 3 years,Fewer than 10,Urban area,Paper and cardboard,No,External waste-management agency,2,2,2,3,,3,1,3,2,3,2,2,3,3,3,2,1,2,1,3,2,2,2,2,3,3,3,3,3,2,2,1,2,2,1,1,2,4,3,5,4,4,4,3,2,4,3,3,3,3,4,4,3,3,3,3,2,4,3,3,3,3,2.4,2.17,2.33,2.0,2.83,1.5,3.67,3.17,3.33,3.0,2.6
R1332,Information Technology,Small: 10-49 employees,Less than 3 years,10-49,Industrial area,Mixed municipal waste,Not sure,Operations department,2,2,2,2,3,2,3,2,3,4,3,4,4,,4,3,2,3,2,2,3,3,3,2,4,2,4,2,3,5,3,4,2,4,3,2,3,3,4,,3,2,3,4,3,2,1,3,3,3,3,2,4,2,3,3,3,3,4,3,4,5,2.17,3.17,3.2,2.5,3.33,3.0,3.0,2.67,2.83,3.5,2.87
R1333,Hospitality/Services,Small: 10-49 employees,11-20 years,10-49,Commercial area,Mixed municipal waste,Not sure,Environmental or sustainability department,4,5,5,5,5,5,4,3,4,2,3,3,3,3,3,5,4,2,4,4,5,4,5,5,4,4,4,5,4,4,2,3,4,4,3,3,2,4,4,4,3,3,4,4,5,5,5,4,4,4,3,4,4,5,2,2,4,3,1,2,3,2,4.83,3.17,3.33,4.5,4.17,3.17,3.33,4.5,4.0,2.38,3.89
R1334,Healthcare,Micro: Fewer than 10 employees,6-10 years,Fewer than 10,Urban area,Paper and cardboard,Yes,External waste-management agency,3,4,3,3,4,3,3,4,3,3,4,4,4,3,4,3,4,3,4,3,3,4,4,5,3,2,4,3,4,2,4,4,3,4,4,2,4,3,1,3,2,2,4,4,5,5,5,5,2,4,3,3,3,3,4,4,3,5,3,4,5,4,3.33,3.5,3.5,3.83,3.0,3.5,2.5,4.67,3.0,4.0,3.43
R1335,Information Technology,Large: 250 employees or more,3-5 years,100-249,Urban area,Paper and cardboard,Not sure,Operations department,5,4,3,4,5,5,3,2,4,3,4,3,4,5,4,5,4,4,2,3,2,3,3,2,4,4,3,3,5,4,4,4,3,3,4,4,2,2,2,5,2,2,3,4,4,4,4,4,4,3,4,3,4,4,2,4,1,5,2,3,2,4,4.33,3.17,4.33,2.5,3.83,3.67,2.5,3.83,3.67,2.88,3.54
R1336,Manufacturing,Large: 250 employees or more,6-10 years,250 or more,Industrial area,Food or organic waste,Yes,Environmental or sustainability department,3,3,4,3,4,4,3,4,3,5,4,3,3,4,4,3,2,3,4,5,5,4,4,5,4,4,4,5,5,4,3,4,5,5,4,3,2,4,2,2,4,3,5,5,5,,3,5,4,4,4,3,3,4,2,2,2,3,2,,3,2,3.5,3.67,3.17,4.5,4.33,4.0,2.83,4.6,3.67,2.29,3.81
R1337,Manufacturing,Large: 250 employees or more,6-10 years,250 or more,Commercial area,Paper and cardboard,Under development,External waste-management agency,5,4,5,5,3,4,5,5,4,4,4,3,5,4,4,4,4,4,3,4,3,3,2,4,3,4,3,2,3,4,3,3,4,4,3,3,5,4,4,4,5,3,5,5,2,4,4,5,4,3,4,4,4,4,3,2,3,4,2,2,4,3,4.33,4.17,4.17,3.17,3.17,3.33,4.17,4.17,3.83,2.88,3.83
R1338,Information Technology,Medium: 50-249 employees,11-20 years,100-249,Urban area,Paper and cardboard,No,Operations department,2,3,2,3,4,3,4,5,4,5,5,3,3,2,3,3,2,2,4,4,4,5,3,4,3,3,4,5,4,4,4,4,4,5,3,4,4,4,4,2,3,4,4,4,2,3,3,2,4,3,4,4,4,4,4,3,4,4,4,3,3,3,2.83,4.33,2.5,4.0,3.83,4.0,3.5,3.0,3.83,3.5,3.54
R1339,Retail,Large: 250 employees or more,11-20 years,250 or more,Urban area,Plastic waste,Yes,Environmental or sustainability department,3,4,5,4,4,5,5,5,5,5,5,5,4,4,3,4,3,4,4,4,4,3,4,5,5,5,5,4,5,5,4,5,5,4,4,5,5,5,5,4,4,4,5,5,4,5,5,5,4,4,3,4,3,5,2,3,2,2,3,1,3,3,4.17,5.0,3.67,4.0,4.83,4.5,4.5,4.83,3.83,2.38,4.37
R1340,Information Technology,Medium: 50-249 employees,6-10 years,50-99,Urban area,Paper and cardboard,Under development,External waste-management agency,3,2,4,4,2,2,4,3,4,2,3,4,3,5,3,3,4,4,4,3,3,3,3,4,3,3,3,4,2,4,3,4,3,,3,3,3,3,2,3,3,2,3,2,3,3,4,3,2,3,3,4,3,3,2,3,4,3,2,3,3,2,2.83,3.33,3.67,3.33,3.17,3.2,2.67,3.0,3.0,2.75,3.13
R1341,Manufacturing,Medium: 50-249 employees,Less than 3 years,100-249,Industrial area,Mixed municipal waste,No,Facility management team,5,5,4,5,5,4,3,3,3,3,3,4,2,2,3,2,2,3,2,,3,4,4,3,3,4,4,2,3,4,2,3,2,3,2,4,5,4,5,3,4,4,3,4,3,2,3,4,4,1,3,4,3,3,3,5,4,4,3,4,3,4,4.67,3.17,2.33,3.2,3.33,2.67,4.17,3.17,3.0,3.75,3.3
R1342,Manufacturing,Small: 10-49 employees,3-5 years,10-49,Industrial area,Plastic waste,Under development,Operations department,3,4,3,3,4,3,4,4,4,3,5,3,4,3,4,3,4,4,4,4,4,4,4,4,4,2,4,3,4,4,2,3,3,4,2,4,3,3,3,4,4,4,5,4,4,4,4,4,3,3,4,4,4,3,3,3,2,3,2,3,2,2,3.33,3.83,3.67,4.0,3.5,3.0,3.5,4.17,3.5,2.5,3.61
R1343,Manufacturing,Medium: 50-249 employees,Less than 3 years,100-249,Industrial area,Mixed municipal waste,Not sure,Environmental or sustainability department,5,3,5,4,3,5,4,5,5,5,4,5,5,4,4,5,4,5,3,4,3,3,3,2,5,4,4,4,4,4,5,5,4,3,4,4,2,4,3,4,3,4,4,4,4,3,5,3,4,4,3,3,4,4,2,2,3,3,2,4,3,3,4.17,4.67,4.5,3.0,4.17,4.17,3.33,3.83,3.67,2.75,3.95
R1344,Retail,Small: 10-49 employees,Less than 3 years,10-49,Semi-urban area,Mixed municipal waste,Not sure,External waste-management agency,2,4,4,2,4,3,3,3,2,4,2,2,3,4,3,4,4,3,4,5,4,4,4,4,3,4,3,2,4,3,4,3,5,4,4,5,3,3,3,3,4,3,3,3,4,3,3,3,3,4,3,4,4,3,3,3,4,5,5,5,5,4,3.17,2.67,3.5,4.17,3.17,4.17,3.17,3.17,3.5,4.25,3.41
R1345,Manufacturing,Small: 10-49 employees,6-10 years,10-49,Urban area,Plastic waste,No,External waste-management agency,3,3,3,2,4,3,4,4,4,4,3,4,4,3,3,4,3,3,3,4,4,4,2,4,3,4,5,2,4,4,3,3,3,2,4,3,4,,2,5,4,2,3,3,3,3,3,3,3,4,4,5,3,4,3,3,3,4,3,3,2,4,3.0,3.83,3.33,3.5,3.67,3.0,3.4,3.0,3.83,3.12,3.4
R1346,Retail,Large: 250 employees or more,11-20 years,250 or more,Urban area,Plastic waste,Yes,Facility management team,4,5,5,5,5,4,4,4,3,4,4,4,5,3,5,5,5,5,4,5,4,,5,4,4,5,5,5,4,4,5,4,4,4,4,5,4,5,5,3,5,5,4,4,4,3,3,4,3,3,3,4,5,2,1,2,2,1,2,2,2,2,4.67,3.83,4.67,4.4,4.5,4.33,4.5,3.67,3.33,1.75,4.21
R1347,Hospitality/Services,Medium: 50-249 employees,6-10 years,50-99,Urban area,Mixed municipal waste,No,Operations department,4,5,4,5,4,4,4,4,3,,3,2,4,4,4,3,3,4,4,3,3,3,3,4,2,3,3,3,3,2,3,4,4,3,4,4,2,1,2,2,3,3,4,4,4,5,5,4,4,4,4,4,4,3,3,2,3,3,3,2,2,1,4.33,3.2,3.67,3.33,2.67,3.67,2.17,4.33,3.83,2.38,3.47
R1348,Information Technology,Large: 250 employees or more,Less than 3 years,250 or more,Urban area,Food or organic waste,No,Facility management team,3,3,4,4,2,4,4,5,3,4,4,5,1,2,2,1,1,1,4,3,3,5,3,3,2,3,2,2,2,2,3,3,2,2,2,4,3,2,2,2,3,3,3,3,4,4,2,3,2,4,3,3,2,2,,2,2,2,2,3,1,2,3.33,4.17,1.33,3.5,2.17,2.67,2.5,3.17,2.67,2.0,2.83
R1349,Information Technology,Large: 250 employees or more,6-10 years,100-249,Urban area,Paper and cardboard,Yes,Environmental or sustainability department,3,4,4,4,5,4,4,4,3,4,4,5,4,3,4,4,4,4,4,3,4,3,5,3,4,5,4,5,5,4,5,4,4,4,4,4,5,5,5,5,5,5,4,2,4,3,3,3,4,4,4,5,3,4,2,2,2,2,1,2,2,3,4.0,4.0,3.83,3.67,4.5,4.17,5.0,3.17,4.0,2.0,4.04
R1350,Manufacturing,Medium: 50-249 employees,6-10 years,10-49,Industrial area,Plastic waste,Not sure,Facility management team,4,4,4,3,3,3,4,3,2,4,3,3,2,2,1,2,2,3,4,4,3,3,3,2,3,4,4,4,5,4,2,3,3,2,2,3,4,4,3,4,4,2,3,3,3,4,3,4,3,2,4,3,3,4,3,2,3,5,5,3,4,4,3.5,3.17,2.0,3.17,4.0,2.5,3.5,3.33,3.17,3.62,3.15
R1351,Retail,Large: 250 employees or more,Less than 3 years,250 or more,Semi-urban area,Paper and cardboard,Not sure,External waste-management agency,4,4,5,5,3,4,3,4,,3,,4,3,3,3,3,3,3,3,4,3,3,4,3,3,4,3,2,2,3,4,3,3,3,2,2,4,3,4,2,2,3,4,4,5,4,4,3,4,4,4,2,4,4,4,2,4,3,2,4,2,4,4.17,3.5,3.0,3.33,2.83,2.83,3.0,4.0,3.67,3.12,3.37
R1352,Healthcare,Medium: 50-249 employees,3-5 years,50-99,Industrial area,Paper and cardboard,Not sure,Facility management team,3,4,2,2,3,3,4,3,3,4,3,2,3,4,3,3,2,3,3,4,3,4,2,5,4,4,4,4,3,4,3,4,4,3,4,4,4,4,5,3,4,3,4,3,4,4,4,3,4,3,4,4,3,3,2,2,2,2,1,2,2,2,2.83,3.17,3.0,3.5,3.83,3.67,3.83,3.67,3.5,1.88,3.44
R1353,Manufacturing,Medium: 50-249 employees,6-10 years,50-99,Industrial area,Mixed municipal waste,No,External waste-management agency,3,2,3,2,3,4,2,3,2,3,2,3,3,2,4,3,2,3,3,3,2,2,2,3,3,2,1,2,2,2,4,2,3,3,2,2,3,4,4,3,5,3,3,3,3,3,3,3,3,4,4,3,3,4,4,3,5,2,4,4,3,4,2.83,2.5,2.83,2.5,2.0,2.67,3.67,3.0,3.5,3.62,2.83
R1354,Retail,Medium: 50-249 employees,3-5 years,100-249,Urban area,Plastic waste,Yes,External waste-management agency,3,3,3,3,4,3,4,4,2,4,2,2,4,3,2,5,3,4,4,3,3,4,4,,4,4,3,4,5,3,4,4,4,3,4,3,3,3,2,3,3,3,3,2,3,4,4,,3,4,4,4,4,4,2,1,3,2,2,2,2,1,3.17,3.0,3.5,3.6,3.83,3.67,2.83,3.2,3.83,1.88,3.4
R1355,Hospitality/Services,Large: 250 employees or more,6-10 years,100-249,Urban area,Food or organic waste,Under development,Environmental or sustainability department,3,3,4,4,3,4,5,4,3,3,3,5,5,5,4,5,4,3,5,4,4,5,4,4,4,4,4,4,4,4,3,4,3,4,3,4,4,4,3,4,4,4,4,4,4,3,4,4,4,4,,4,4,4,5,3,2,3,,4,4,4,3.5,3.83,4.33,4.33,4.0,3.5,3.83,3.83,4.0,3.57,3.91
R1356,Manufacturing,Micro: Fewer than 10 employees,6-10 years,Fewer than 10,Industrial area,Plastic waste,Yes,Operations department,3,3,4,3,3,3,4,3,4,,4,3,3,5,4,4,3,2,5,3,4,4,5,4,3,3,2,4,5,4,4,3,3,4,4,4,4,3,3,3,4,4,5,4,2,4,4,4,5,5,4,5,4,4,2,3,2,4,3,3,2,4,3.17,3.6,3.5,4.17,3.5,3.67,3.5,3.83,4.5,2.88,3.72
R1357,Hospitality/Services,Micro: Fewer than 10 employees,6-10 years,Fewer than 10,Commercial area,Food or organic waste,Not sure,Operations department,2,2,3,3,3,3,3,4,3,3,3,2,3,3,,3,4,3,4,3,3,3,3,3,3,4,5,4,3,5,3,3,2,2,3,3,2,3,4,2,2,2,4,3,3,4,5,3,3,4,3,2,2,3,3,4,3,5,4,3,2,3,2.67,3.0,3.2,3.17,4.0,2.67,2.5,3.67,2.83,3.38,3.08
R1358,Manufacturing,Medium: 50-249 employees,Less than 3 years,100-249,Semi-urban area,Paper and cardboard,Not sure,Operations department,3,3,3,4,4,4,4,5,4,4,4,4,3,4,2,4,3,4,3,4,4,4,3,3,3,3,3,3,2,2,4,4,4,5,3,4,3,3,3,4,3,5,4,3,4,4,3,3,3,2,3,4,5,3,3,3,4,3,3,3,3,3,3.5,4.17,3.33,3.5,2.67,4.0,3.5,3.5,3.33,3.12,3.5
R1359,Manufacturing,Medium: 50-249 employees,3-5 years,50-99,Industrial area,Mixed municipal waste,No,Facility management team,3,4,3,3,4,4,3,3,4,2,4,4,1,2,1,2,,1,3,3,3,3,,3,4,4,4,4,3,3,3,3,3,3,3,4,4,2,3,4,3,4,3,4,3,3,4,3,4,3,3,4,4,4,3,2,4,4,2,3,3,3,3.5,3.33,1.4,3.0,3.67,3.17,3.33,3.33,3.67,3.0,3.16
R1360,Manufacturing,Large: 250 employees or more,6-10 years,100-249,Industrial area,Plastic waste,Not sure,Environmental or sustainability department,3,3,3,3,4,4,4,3,3,3,4,3,3,2,2,3,1,2,3,3,4,4,4,3,4,4,4,4,4,4,4,3,4,4,3,2,4,3,4,2,5,4,4,4,4,4,4,4,3,,4,2,2,3,4,4,3,3,3,3,4,4,3.33,3.33,2.17,3.5,4.0,3.33,3.67,4.0,2.8,3.5,3.35
R1361,Hospitality/Services,Micro: Fewer than 10 employees,11-20 years,Fewer than 10,Industrial area,Food or organic waste,Not sure,External waste-management agency,2,3,4,3,4,3,4,5,4,4,4,4,5,5,4,4,4,4,2,3,3,3,4,2,3,,4,2,3,2,3,3,2,3,3,2,4,3,3,3,4,3,3,2,3,2,3,3,3,3,4,2,3,3,2,3,2,2,3,3,3,3,3.17,4.17,4.33,2.83,2.8,2.67,3.33,2.67,3.0,2.62,3.22
R1362,Healthcare,Large: 250 employees or more,6-10 years,250 or more,Urban area,Mixed municipal waste,Under development,Environmental or sustainability department,5,4,4,4,3,4,2,3,3,2,4,4,3,3,3,3,2,3,3,4,3,3,4,4,4,4,4,4,4,4,4,4,4,4,4,4,2,5,4,4,4,5,4,3,4,4,4,3,5,4,4,4,3,4,2,3,2,3,3,3,2,2,4.0,3.0,2.83,3.5,4.0,4.0,4.0,3.67,4.0,2.5,3.67
R1363,Information Technology,Medium: 50-249 employees,Less than 3 years,50-99,Semi-urban area,Mixed municipal waste,No,Facility management team,3,3,4,3,3,3,2,2,2,2,3,2,3,4,2,2,2,2,3,3,2,3,4,3,3,3,4,4,3,2,4,2,4,3,3,2,3,2,3,2,3,3,2,3,3,2,3,3,3,3,4,4,4,5,4,5,5,4,5,5,5,5,3.17,2.17,2.5,3.0,3.17,3.0,2.67,2.67,3.83,4.75,2.91
R1364,Retail,Large: 250 employees or more,11-20 years,250 or more,Urban area,Plastic waste,Yes,Facility management team,4,5,4,5,4,4,,4,4,4,3,3,4,4,3,4,3,4,3,4,3,4,4,3,4,4,4,5,3,5,4,4,4,4,3,4,4,5,3,3,3,5,4,4,5,4,4,5,3,3,3,4,3,3,3,3,3,2,4,3,3,3,4.33,3.6,3.67,3.5,4.17,3.83,3.83,4.33,3.17,3.0,3.83
R1365,Information Technology,Micro: Fewer than 10 employees,3-5 years,Fewer than 10,Semi-urban area,Paper and cardboard,Yes,External waste-management agency,5,4,4,3,4,5,3,2,3,3,3,3,3,2,3,2,2,2,4,4,2,4,3,3,2,3,2,2,3,3,3,3,3,3,2,3,2,3,4,3,3,3,3,3,3,2,3,3,3,4,3,4,4,3,4,5,4,4,4,5,4,5,4.17,2.83,2.33,3.33,2.5,2.83,3.0,2.83,3.5,4.38,3.04
R1366,Healthcare,Large: 250 employees or more,Less than 3 years,100-249,Urban area,Mixed municipal waste,Under development,External waste-management agency,3,3,4,2,3,4,3,3,4,3,4,4,4,2,3,3,3,3,4,5,5,5,3,5,3,3,3,4,3,5,4,3,3,3,4,5,4,4,2,3,3,3,4,4,3,3,3,4,3,4,3,5,3,4,3,2,3,3,3,2,2,3,3.17,3.5,3.0,4.5,3.5,3.67,3.17,3.5,3.67,2.62,3.52
R1367,Healthcare,Medium: 50-249 employees,3-5 years,10-49,Semi-urban area,Paper and cardboard,No,External waste-management agency,3,4,3,4,4,3,4,4,4,4,5,5,3,3,3,3,3,4,2,3,2,3,3,2,1,4,3,3,4,3,3,3,4,3,2,2,4,2,2,3,4,2,2,2,1,3,2,3,3,2,3,4,3,3,3,3,2,3,3,3,3,3,3.5,4.33,3.17,2.5,3.0,2.83,2.83,2.17,3.0,2.88,3.04
R1368,Information Technology,Large: 250 employees or more,11-20 years,250 or more,Urban area,Food or organic waste,Yes,Environmental or sustainability department,5,4,4,4,4,3,5,4,5,4,5,4,4,3,3,4,4,4,5,3,4,4,4,5,5,3,4,3,4,5,4,3,5,4,4,3,3,4,3,4,3,4,4,4,5,5,4,5,3,2,4,2,4,3,4,3,3,5,4,4,4,3,4.0,4.5,3.67,4.17,4.0,3.83,3.5,4.5,3.0,3.75,3.91
R1369,Information Technology,Large: 250 employees or more,11-20 years,250 or more,Urban area,Paper and cardboard,Under development,Facility management team,5,3,5,4,5,4,4,4,5,4,5,3,5,3,4,5,4,5,3,3,3,4,4,3,5,4,5,4,5,3,3,4,4,2,4,4,4,3,3,5,3,4,4,4,5,2,3,3,4,4,4,3,4,4,3,3,2,2,2,3,3,2,4.33,4.17,4.33,3.33,4.33,3.5,3.67,3.5,3.83,2.5,3.89
R1370,Healthcare,Large: 250 employees or more,6-10 years,250 or more,Industrial area,Plastic waste,Yes,Operations department,3,4,4,4,5,3,3,3,5,4,5,3,4,3,4,3,4,4,2,3,3,3,3,4,4,4,3,4,4,5,5,5,3,5,5,4,3,4,3,5,3,4,4,4,4,4,4,4,4,3,5,3,5,4,3,3,3,3,2,4,3,2,3.83,3.83,3.67,3.0,4.0,4.5,3.67,4.0,4.0,2.88,3.83
R1371,Manufacturing,Micro: Fewer than 10 employees,Less than 3 years,Fewer than 10,Industrial area,Plastic waste,Not sure,External waste-management agency,3,3,2,2,4,3,3,2,4,2,4,4,3,3,3,2,3,3,2,2,3,3,4,4,2,,2,1,2,2,3,3,3,2,2,3,2,2,3,3,3,3,3,4,3,3,3,4,2,1,3,3,3,3,3,3,3,5,3,4,4,4,2.83,3.17,2.83,3.0,1.8,2.67,2.67,3.33,2.5,3.62,2.76
R1372,Information Technology,Large: 250 employees or more,6-10 years,250 or more,Urban area,Paper and cardboard,Under development,Operations department,3,3,4,2,3,3,4,,3,3,3,4,3,3,4,5,3,3,4,4,4,5,4,4,4,4,3,5,4,4,3,3,3,5,4,3,3,4,4,4,4,5,3,4,4,4,4,5,4,3,2,3,5,3,3,2,4,3,3,2,3,2,3.0,3.4,3.5,4.17,4.0,3.5,4.0,4.0,3.33,2.75,3.66
R1373,Manufacturing,Medium: 50-249 employees,11-20 years,50-99,Commercial area,Mixed municipal waste,Under development,Facility management team,2,3,4,4,3,3,4,4,,4,5,5,5,4,4,4,5,5,4,4,4,3,4,3,3,3,3,4,5,4,4,4,3,4,3,4,3,4,3,2,3,5,4,3,2,4,3,3,4,5,5,3,5,4,3,2,3,2,3,3,3,2,3.17,4.4,4.5,3.67,3.67,3.67,3.33,3.17,4.33,2.62,3.77
R1374,Hospitality/Services,Micro: Fewer than 10 employees,Less than 3 years,Fewer than 10,Semi-urban area,Food or organic waste,No,External waste-management agency,3,2,3,3,2,2,2,3,2,3,2,3,2,1,3,2,,3,3,2,4,3,3,2,3,3,3,4,3,3,3,2,3,2,2,3,3,3,4,4,3,2,2,4,2,2,3,2,3,3,3,3,3,3,2,3,3,5,3,3,2,3,2.5,2.5,2.2,2.83,3.17,2.5,3.17,2.5,3.0,3.0,2.71
R1375,Retail,Micro: Fewer than 10 employees,3-5 years,Fewer than 10,Semi-urban area,Plastic waste,Not sure,Environmental or sustainability department,3,4,2,3,3,3,5,4,4,4,3,5,4,3,4,3,3,4,3,2,2,,3,3,4,4,3,4,4,4,2,4,4,4,5,3,3,3,3,3,3,3,4,3,3,3,2,3,3,4,4,4,3,3,2,2,2,3,3,3,2,2,3.0,4.17,3.5,2.6,3.83,3.67,3.0,3.0,3.5,2.38,3.36
R1376,Manufacturing,Small: 10-49 employees,3-5 years,50-99,Industrial area,Food or organic waste,Under development,Facility management team,4,4,3,3,2,3,3,3,2,5,3,3,4,5,3,3,4,4,3,4,3,4,2,3,4,4,4,5,4,3,4,5,4,3,3,4,3,5,4,4,3,5,,2,4,3,4,3,3,4,3,3,3,3,2,3,3,2,5,2,4,3,3.17,3.17,3.83,3.17,4.0,3.83,4.0,3.2,3.17,3.0,3.5
R1377,Retail,Medium: 50-249 employees,3-5 years,100-249,Commercial area,Mixed municipal waste,Yes,Facility management team,4,4,3,4,4,3,3,3,3,5,2,2,3,3,3,3,3,3,2,4,2,2,3,4,3,4,4,4,5,5,4,4,5,5,4,4,4,3,3,3,4,3,4,2,3,4,3,3,4,3,3,4,4,3,3,3,5,2,3,3,2,2,3.67,3.0,3.0,2.83,4.17,4.33,3.33,3.17,3.5,2.88,3.44
R1378,Healthcare,Medium: 50-249 employees,6-10 years,100-249,Industrial area,Mixed municipal waste,Under development,Operations department,5,4,4,3,5,5,4,4,4,4,4,3,3,3,3,3,2,2,3,4,4,3,3,4,4,4,4,3,4,3,,3,3,3,4,3,4,4,2,2,4,3,4,4,4,5,4,4,4,4,4,3,3,4,3,3,3,3,3,2,2,3,4.33,3.83,2.67,3.5,3.67,3.2,3.17,4.17,3.67,2.75,3.58
R1379,Retail,Medium: 50-249 employees,6-10 years,100-249,Urban area,Plastic waste,Under development,External waste-management agency,3,4,3,4,2,4,4,4,4,4,5,4,4,4,4,3,3,4,4,2,2,3,3,3,2,5,3,3,2,3,3,3,4,3,2,3,3,2,3,2,4,4,5,5,3,4,4,3,3,3,3,2,3,3,4,4,4,3,4,3,4,3,3.33,4.17,3.67,2.83,3.0,3.0,3.0,4.0,2.83,3.62,3.31
R1380,Information Technology,Large: 250 employees or more,11-20 years,250 or more,Urban area,Food or organic waste,Yes,Facility management team,5,3,3,4,3,3,4,5,5,5,4,3,3,4,3,4,4,3,4,5,4,4,4,5,5,5,5,4,5,4,5,4,4,4,4,4,4,3,3,4,3,4,4,5,5,4,4,4,3,4,4,2,5,4,1,3,2,3,3,2,2,2,3.5,4.33,3.5,4.33,4.67,4.17,3.5,4.33,3.67,2.25,4.0
R1381,Healthcare,Medium: 50-249 employees,6-10 years,50-99,Urban area,Mixed municipal waste,Under development,Operations department,3,3,3,3,4,3,5,4,4,4,4,3,4,4,3,3,3,4,3,4,4,3,3,2,3,4,3,3,2,3,3,5,3,,3,3,4,4,5,2,3,3,3,4,4,4,4,4,3,4,3,3,5,5,2,3,3,4,4,4,3,3,3.17,4.0,3.5,3.17,3.0,3.4,3.5,3.83,3.83,3.25,3.49
R1382,Manufacturing,Small: 10-49 employees,Less than 3 years,10-49,Urban area,Plastic waste,No,External waste-management agency,2,2,2,3,3,1,2,2,2,3,3,2,1,2,1,2,2,4,3,3,2,2,3,3,2,4,2,1,2,1,3,3,2,4,3,2,4,3,3,2,3,3,2,5,3,3,2,1,2,2,2,2,2,2,4,3,4,4,3,3,,2,2.17,2.33,2.0,2.67,2.0,2.83,3.0,2.67,2.0,3.29,2.41
R1383,Retail,Small: 10-49 employees,6-10 years,10-49,Commercial area,Mixed municipal waste,No,External waste-management agency,3,2,3,3,2,2,3,4,3,3,4,4,3,3,4,4,4,5,2,4,2,3,1,3,4,3,3,3,4,4,1,,3,2,2,3,3,4,4,3,5,4,3,3,2,2,3,3,4,4,4,3,4,4,4,3,4,3,3,2,2,2,2.5,3.5,3.83,2.5,3.5,2.2,3.83,2.67,3.83,2.88,3.15
R1384,Information Technology,Small: 10-49 employees,3-5 years,10-49,Commercial area,Paper and cardboard,Yes,Facility management team,2,2,3,3,3,3,4,4,4,4,5,4,4,,4,4,3,3,5,3,5,4,4,4,3,3,3,4,3,2,3,4,3,5,3,2,2,4,3,4,4,3,4,4,4,4,4,4,4,3,4,4,4,4,2,3,4,3,3,4,3,3,2.67,4.17,3.6,4.17,3.0,3.33,3.33,4.0,3.83,3.12,3.57
R1385,Information Technology,Small: 10-49 employees,6-10 years,10-49,Urban area,Paper and cardboard,No,External waste-management agency,3,3,3,3,3,3,3,3,3,3,3,3,3,3,3,3,3,3,3,3,3,3,3,3,3,3,3,3,3,3,3,3,3,3,3,3,3,3,3,3,3,3,3,3,3,3,3,3,3,3,3,3,3,3,3,3,3,3,3,3,3,3,3.0,3.0,3.0,3.0,3.0,3.0,3.0,3.0,3.0,3.0,3.0
R1386,Retail,Micro: Fewer than 10 employees,11-20 years,Fewer than 10,Urban area,Paper and cardboard,Under development,External waste-management agency,4,4,4,3,4,4,3,3,3,4,4,3,2,2,2,3,1,3,3,3,3,3,2,3,4,4,3,3,3,,3,5,5,4,5,4,3,3,3,3,3,2,3,4,4,4,4,4,3,3,3,3,3,2,2,3,2,2,2,3,3,2,3.83,3.33,2.17,2.83,3.4,4.33,2.83,3.83,2.83,2.38,3.26
R1387,Hospitality/Services,Medium: 50-249 employees,11-20 years,100-249,Urban area,Food or organic waste,Under development,Operations department,5,4,3,4,4,5,4,4,3,4,4,4,3,3,3,4,3,4,3,4,3,3,3,3,3,4,4,3,4,,3,5,4,3,4,4,4,3,3,3,3,3,4,5,4,5,5,4,4,3,3,3,4,3,4,3,3,4,4,4,3,3,4.17,3.83,3.33,3.17,3.6,3.83,3.17,4.5,3.33,3.5,3.66
R1388,Manufacturing,Medium: 50-249 employees,Less than 3 years,50-99,Semi-urban area,Plastic waste,No,Operations department,3,3,3,5,3,4,2,3,3,3,2,4,3,3,3,3,4,,3,2,3,3,4,3,3,4,4,3,3,4,2,4,3,3,2,3,3,3,4,4,4,2,4,4,3,3,3,3,3,3,3,4,3,3,3,3,2,2,3,2,4,3,3.5,2.83,3.2,3.0,3.5,2.83,3.33,3.33,3.17,2.75,3.19
R1389,Healthcare,Micro: Fewer than 10 employees,11-20 years,Fewer than 10,Commercial area,Food or organic waste,Not sure,Operations department,4,3,4,3,4,4,3,3,,3,3,3,3,4,3,3,4,3,4,3,3,4,3,4,3,3,4,3,3,2,3,4,3,5,4,4,4,3,4,3,4,4,4,4,4,3,3,3,4,4,4,3,3,4,3,3,2,1,3,4,3,4,3.67,3.0,3.33,3.5,3.0,3.83,3.67,3.5,3.67,2.88,3.46
R1390,Information Technology,Medium: 50-249 employees,6-10 years,100-249,Commercial area,Plastic waste,Not sure,Operations department,2,2,2,3,2,3,2,2,2,2,2,2,4,3,3,4,3,3,1,4,2,3,2,2,4,3,3,3,4,3,3,3,2,3,3,,,3,3,4,4,3,3,2,3,3,2,3,2,2,3,3,2,2,3,4,3,2,3,4,4,4,2.33,2.0,3.33,2.33,3.33,2.8,3.4,2.67,2.33,3.38,2.72
R1391,Retail,Large: 250 employees or more,6-10 years,250 or more,Urban area,Food or organic waste,No,External waste-management agency,4,3,2,3,4,4,4,4,2,3,3,3,3,4,3,4,5,3,3,4,2,2,4,3,2,2,1,3,2,2,4,3,5,5,3,3,4,5,4,4,3,4,4,3,3,4,2,3,3,3,3,3,3,4,4,3,3,4,3,3,4,5,3.33,3.17,3.67,3.0,2.0,3.83,4.0,3.17,3.17,3.62,3.26
R1392,Manufacturing,Medium: 50-249 employees,6-10 years,100-249,Industrial area,Plastic waste,Yes,Environmental or sustainability department,5,4,5,5,4,4,3,2,4,4,4,3,4,5,5,5,4,3,3,5,4,4,3,3,4,4,4,4,5,4,5,4,4,4,5,4,4,3,4,3,3,4,4,4,4,4,3,3,4,4,4,5,5,4,3,2,3,3,2,3,3,2,4.5,3.33,4.33,3.67,4.17,4.33,3.5,3.67,4.33,2.62,3.98
R1393,Healthcare,Small: 10-49 employees,11-20 years,10-49,Urban area,Mixed municipal waste,Not sure,Facility management team,4,5,3,2,4,3,3,3,3,2,3,4,4,3,2,2,3,2,3,3,4,3,3,4,4,4,5,3,3,4,3,3,4,2,3,4,3,4,4,4,3,4,3,3,4,3,3,3,4,4,4,4,3,4,4,2,2,1,3,3,2,2,3.5,3.0,2.67,3.33,3.83,3.17,3.67,3.17,3.83,2.38,3.35
R1394,Retail,Large: 250 employees or more,6-10 years,250 or more,Commercial area,Paper and cardboard,Not sure,Facility management team,3,5,5,5,3,4,3,3,2,3,4,2,4,4,4,5,4,5,4,3,3,3,3,4,3,3,3,3,4,2,2,3,4,,4,4,3,3,5,4,3,4,4,4,4,4,5,4,2,4,3,2,3,2,4,3,3,4,4,2,3,3,4.17,2.83,4.33,3.33,3.0,3.4,3.67,4.17,2.67,3.25,3.51
R1395,Manufacturing,Micro: Fewer than 10 employees,Less than 3 years,Fewer than 10,Urban area,Plastic waste,No,External waste-management agency,4,3,5,4,4,,3,2,1,2,2,3,2,3,2,3,4,2,2,3,1,3,3,2,3,3,2,4,3,2,3,2,3,3,3,3,4,3,2,3,3,4,3,4,2,3,3,4,2,2,2,2,2,3,3,4,3,3,5,3,3,3,4.0,2.17,2.67,2.33,2.83,2.83,3.17,3.17,2.17,3.38,2.82
R1396,Manufacturing,Large: 250 employees or more,3-5 years,250 or more,Industrial area,Plastic waste,Under development,Environmental or sustainability department,4,5,5,5,5,4,4,5,3,5,4,5,4,4,5,5,5,3,4,4,5,4,3,4,4,2,4,3,5,3,5,4,4,5,5,5,5,4,2,3,3,4,4,5,5,5,5,5,5,4,4,4,3,5,2,1,2,3,3,4,4,3,4.67,4.33,4.33,4.0,3.5,4.67,3.5,4.83,4.17,2.75,4.22
R1397,Information Technology,Small: 10-49 employees,11-20 years,10-49,Urban area,Mixed municipal waste,Yes,Environmental or sustainability department,2,2,2,2,2,2,2,2,2,2,2,2,2,2,2,2,2,2,2,2,2,2,2,2,2,2,2,2,2,2,2,2,2,2,2,2,2,2,2,2,2,2,2,2,2,2,2,2,2,2,2,2,2,2,2,2,2,2,2,2,2,2,2.0,2.0,2.0,2.0,2.0,2.0,2.0,2.0,2.0,2.0,2.0
R1398,Manufacturing,Small: 10-49 employees,3-5 years,10-49,Industrial area,Paper and cardboard,Yes,Operations department,4,5,4,4,5,4,4,4,5,3,4,4,5,4,4,3,5,4,4,4,4,4,4,2,3,3,3,4,4,3,4,4,3,3,3,3,3,2,3,4,3,4,2,3,3,3,2,2,3,3,2,3,3,3,3,4,4,2,4,3,4,4,4.33,4.0,4.17,3.67,3.33,3.33,3.17,2.5,2.83,3.5,3.48
R1399,Retail,Small: 10-49 employees,11-20 years,10-49,Commercial area,Plastic waste,Yes,Facility management team,5,3,2,2,2,1,3,3,4,3,4,3,4,4,4,4,4,3,4,3,4,4,3,3,4,4,4,4,4,4,3,4,4,3,4,4,3,3,4,2,3,2,5,5,4,5,5,5,2,3,2,3,2,2,2,2,3,3,2,3,2,4,2.5,3.33,3.83,3.5,4.0,3.67,2.83,4.83,2.33,2.62,3.42
R1400,Hospitality/Services,Small: 10-49 employees,3-5 years,10-49,Commercial area,Plastic waste,No,External waste-management agency,2,2,2,3,2,3,2,4,2,4,2,2,3,3,2,3,3,4,3,2,3,3,2,3,4,4,3,2,3,2,3,3,3,4,2,3,4,2,3,3,4,3,3,3,2,4,3,3,3,3,3,3,2,3,3,4,3,5,4,3,3,2,2.33,2.67,3.0,2.67,3.0,3.0,3.17,3.0,2.83,3.38,2.85
R1401,Information Technology,Large: 250 employees or more,11-20 years,250 or more,Industrial area,Mixed municipal waste,Yes,Facility management team,2,4,4,4,4,4,,3,3,3,5,2,4,4,4,4,5,4,3,5,4,4,5,4,4,4,4,3,3,3,4,5,4,3,5,4,4,4,5,3,4,3,4,3,4,4,4,3,4,4,4,3,3,3,2,3,2,,3,1,2,2,3.67,3.2,4.17,4.17,3.5,4.17,3.83,3.67,3.5,2.14,3.76
R1402,Healthcare,Small: 10-49 employees,3-5 years,10-49,Urban area,Plastic waste,No,External waste-management agency,3,4,4,4,3,4,3,4,3,3,3,3,4,3,3,3,4,4,3,3,3,4,3,3,3,3,3,2,2,4,4,4,5,3,5,2,3,3,4,4,3,3,4,4,4,3,5,4,3,2,3,2,3,3,4,2,3,3,4,3,4,4,3.67,3.17,3.5,3.17,2.83,3.83,3.33,4.0,2.67,3.38,3.35
R1403,Retail,Micro: Fewer than 10 employees,6-10 years,Fewer than 10,Semi-urban area,Plastic waste,No,Facility management team,2,3,3,4,3,3,3,4,4,2,3,2,2,3,3,3,3,2,4,4,3,3,3,3,3,2,3,3,2,3,3,4,3,3,4,4,3,1,4,3,3,2,3,4,3,3,4,3,3,3,3,4,4,3,2,3,4,2,3,2,3,3,3.0,3.0,2.67,3.33,2.67,3.5,2.67,3.33,3.33,2.75,3.06
R1404,Manufacturing,Micro: Fewer than 10 employees,3-5 years,Fewer than 10,Industrial area,Mixed municipal waste,No,External waste-management agency,3,3,2,3,2,4,,3,3,3,3,4,2,4,3,4,2,3,3,3,4,3,3,4,4,3,3,2,4,3,3,3,4,3,3,4,3,3,4,3,3,3,4,3,4,3,4,4,3,3,4,,3,4,3,3,2,3,4,5,3,2,2.83,3.2,3.0,3.33,3.17,3.33,3.17,3.67,3.4,3.12,3.23
R1405,Retail,Medium: 50-249 employees,Less than 3 years,100-249,Semi-urban area,Food or organic waste,Under development,Operations department,3,4,4,5,4,5,2,3,2,3,2,1,3,3,3,3,3,4,3,4,3,3,4,4,2,3,3,3,3,4,4,3,3,3,4,4,3,2,2,4,4,2,2,3,3,3,3,3,3,4,4,5,5,4,2,3,2,2,4,3,3,3,4.17,2.17,3.17,3.5,3.0,3.5,2.83,2.83,4.17,2.75,3.26
R1406,Manufacturing,Large: 250 employees or more,11-20 years,100-249,Industrial area,Paper and cardboard,Yes,Environmental or sustainability department,3,3,3,3,4,3,3,3,2,3,3,4,4,4,4,4,4,5,3,4,4,4,3,4,3,4,5,4,3,4,5,4,5,4,4,4,4,4,3,3,4,4,3,3,3,4,3,4,4,3,3,4,4,4,2,3,3,3,2,3,2,2,3.17,3.0,4.17,3.67,3.83,4.33,3.67,3.33,3.67,2.5,3.65
R1407,Manufacturing,Medium: 50-249 employees,3-5 years,50-99,Commercial area,Paper and cardboard,Not sure,Facility management team,2,3,2,3,4,3,4,5,4,5,4,5,3,3,4,3,2,4,3,2,3,3,2,2,3,3,3,3,3,3,4,4,4,5,5,4,4,3,3,4,4,3,4,5,5,4,4,4,4,3,2,4,2,4,4,4,4,3,4,3,3,3,2.83,4.5,3.17,2.5,3.0,4.33,3.5,4.33,3.17,3.5,3.48
R1408,Manufacturing,Medium: 50-249 employees,3-5 years,50-99,Industrial area,Mixed municipal waste,Under development,Operations department,3,3,3,3,3,3,,3,3,3,3,3,3,3,3,3,3,3,3,3,3,3,3,3,3,3,3,3,3,3,3,3,3,3,3,3,3,3,3,3,3,3,3,3,3,3,3,3,3,3,3,3,3,3,3,3,3,3,3,3,3,3,3.0,3.0,3.0,3.0,3.0,3.0,3.0,3.0,3.0,3.0,3.0
R1409,Healthcare,Medium: 50-249 employees,Less than 3 years,100-249,Urban area,Mixed municipal waste,Under development,Operations department,4,4,4,4,3,3,4,3,3,3,3,3,4,3,3,3,3,3,2,3,2,2,4,3,2,3,3,3,4,3,4,4,4,3,4,3,3,3,2,4,3,4,5,4,4,4,4,5,2,3,3,3,3,3,2,3,2,3,4,5,3,3,3.67,3.17,3.17,2.67,3.0,3.67,3.17,4.33,2.83,3.12,3.3
R1410,Manufacturing,Medium: 50-249 employees,6-10 years,50-99,Urban area,Mixed municipal waste,Not sure,Facility management team,5,4,4,4,3,5,4,5,3,4,4,4,3,4,3,3,3,3,3,3,3,3,4,3,2,2,3,3,3,3,3,4,2,4,4,3,3,4,3,3,3,3,,3,4,4,5,4,4,4,3,4,4,3,4,2,3,3,4,4,3,3,4.17,4.0,3.17,3.17,2.67,3.33,3.17,4.0,3.67,3.25,3.48
R1411,Manufacturing,Small: 10-49 employees,3-5 years,10-49,Semi-urban area,Mixed municipal waste,Not sure,External waste-management agency,2,2,2,2,2,2,2,2,2,2,2,2,2,2,2,2,2,2,2,2,2,2,,2,2,2,2,2,2,2,2,2,2,2,2,2,2,2,2,2,2,2,2,2,2,2,2,2,2,2,2,2,2,2,2,2,2,2,2,2,2,2,2.0,2.0,2.0,2.0,2.0,2.0,2.0,2.0,2.0,2.0,2.0
R1412,Information Technology,Medium: 50-249 employees,3-5 years,100-249,Industrial area,Paper and cardboard,Yes,Operations department,4,3,3,4,4,3,4,3,3,2,4,5,5,5,4,4,4,4,,3,3,4,5,4,4,5,5,5,4,5,4,5,4,5,4,4,5,5,3,4,4,5,4,5,4,5,3,4,3,3,3,3,3,3,2,2,2,3,1,2,1,3,3.5,3.5,4.33,3.8,4.67,4.33,4.33,4.17,3.0,2.0,3.96
R1413,Manufacturing,Medium: 50-249 employees,Less than 3 years,50-99,Industrial area,Plastic waste,No,Facility management team,3,4,3,2,3,4,3,2,3,4,2,5,3,2,2,1,2,4,3,3,3,3,2,3,3,3,2,3,3,3,2,,3,1,1,2,3,3,3,3,3,3,2,2,3,2,2,2,2,2,3,1,2,1,3,2,2,3,2,3,3,3,3.17,3.17,2.33,2.83,2.83,1.8,3.0,2.17,1.83,2.62,2.57
R1414,Information Technology,Micro: Fewer than 10 employees,11-20 years,Fewer than 10,Semi-urban area,Paper and cardboard,Yes,External waste-management agency,4,3,3,3,3,2,5,5,5,4,4,4,5,3,4,3,5,5,3,4,4,5,4,4,5,4,4,5,2,3,4,4,3,4,5,4,4,3,2,4,4,4,3,4,2,3,3,2,5,4,3,4,4,4,3,1,2,1,2,2,1,2,3.0,4.5,4.17,4.0,3.83,4.0,3.5,2.83,4.0,1.75,3.76
R1415,Retail,Large: 250 employees or more,6-10 years,100-249,Commercial area,Mixed municipal waste,Under development,Operations department,4,4,4,4,4,3,5,5,5,4,5,4,4,4,4,4,4,3,3,4,5,5,2,4,4,4,4,5,4,,5,5,4,5,5,,4,4,3,4,2,4,5,5,5,4,3,5,2,4,3,4,3,4,4,3,4,4,3,3,3,3,3.83,4.67,3.83,3.83,4.2,4.8,3.5,4.5,3.33,3.38,4.05
R1416,Healthcare,Micro: Fewer than 10 employees,3-5 years,Fewer than 10,Urban area,Mixed municipal waste,No,External waste-management agency,3,4,3,4,4,4,3,3,3,2,3,2,3,3,3,2,2,3,2,2,3,2,3,3,3,4,1,2,2,2,4,3,4,2,4,3,2,3,2,3,3,3,3,3,2,3,2,2,3,2,3,3,3,3,1,3,2,4,2,2,3,2,3.67,2.67,2.67,2.5,2.33,3.33,2.67,2.5,2.83,2.38,2.8
R1417,Manufacturing,Large: 250 employees or more,11-20 years,100-249,Industrial area,Food or organic waste,Yes,Environmental or sustainability department,5,4,5,5,5,5,4,4,3,5,4,3,5,5,4,3,4,4,4,3,3,3,4,2,5,5,5,4,5,5,4,4,3,4,4,4,3,4,5,4,4,3,4,5,5,5,4,4,4,3,4,4,3,3,3,2,3,3,3,2,1,2,4.83,3.83,4.17,3.17,4.83,3.83,3.83,4.5,3.5,2.38,4.05
R1418,Manufacturing,Large: 250 employees or more,11-20 years,250 or more,Industrial area,Mixed municipal waste,Not sure,External waste-management agency,3,3,3,3,3,3,3,3,3,3,3,3,3,3,3,3,3,3,3,3,3,3,3,3,3,3,3,3,3,3,3,3,3,3,3,3,3,3,3,3,,3,3,3,3,3,3,3,3,3,3,3,3,3,3,3,3,3,3,3,3,3,3.0,3.0,3.0,3.0,3.0,3.0,3.0,3.0,3.0,3.0,3.0
R1419,Information Technology,Small: 10-49 employees,11-20 years,50-99,Semi-urban area,Paper and cardboard,Under development,Environmental or sustainability department,4,4,4,4,4,4,4,4,4,3,3,3,3,3,4,4,4,5,,3,3,4,3,4,4,3,4,3,3,3,4,5,5,5,4,4,4,4,3,3,5,5,4,4,3,4,3,4,5,5,5,4,5,4,3,3,2,3,2,2,1,2,4.0,3.5,3.83,3.4,3.33,4.5,4.0,3.67,4.67,2.25,3.88
R1420,Retail,Small: 10-49 employees,Less than 3 years,10-49,Semi-urban area,Paper and cardboard,Under development,External waste-management agency,3,3,2,3,3,3,4,4,5,3,4,5,,2,2,3,2,2,3,4,2,3,2,3,3,3,,3,3,4,4,4,4,4,4,4,2,3,3,4,3,2,4,4,5,4,5,4,4,3,,5,4,5,1,3,2,3,3,2,1,1,2.83,4.17,2.2,2.83,3.2,4.0,2.83,4.33,4.2,2.0,3.4
R1421,Manufacturing,Small: 10-49 employees,11-20 years,50-99,Industrial area,Plastic waste,No,Operations department,2,2,2,2,2,2,2,2,2,2,2,,2,2,2,2,2,2,2,2,2,2,2,2,2,2,2,2,2,2,2,2,2,2,2,2,2,2,2,2,2,2,2,2,2,2,2,2,2,2,2,2,2,2,2,2,2,2,2,2,2,2,2.0,2.0,2.0,2.0,2.0,2.0,2.0,2.0,2.0,2.0,2.0
R1422,Retail,Medium: 50-249 employees,6-10 years,100-249,Urban area,Paper and cardboard,Not sure,External waste-management agency,2,4,4,4,4,4,2,3,3,5,3,2,2,5,3,4,3,4,4,3,4,4,4,3,3,3,3,4,3,4,2,3,3,3,3,2,3,4,5,4,4,4,3,3,2,4,2,3,3,3,3,2,2,2,,2,4,3,1,2,3,2,3.67,3.0,3.5,3.67,3.33,2.67,4.0,2.83,2.5,2.43,3.24
R1423,Retail,Small: 10-49 employees,11-20 years,10-49,Urban area,Plastic waste,Yes,Environmental or sustainability department,3,3,3,4,3,3,4,4,5,5,4,4,4,3,4,5,5,4,3,3,3,3,4,4,3,4,3,3,2,2,3,4,4,2,4,5,4,4,3,3,5,3,4,4,4,4,5,4,5,4,4,5,4,3,3,3,3,3,3,2,2,2,3.17,4.33,4.17,3.33,2.83,3.67,3.67,4.17,4.17,2.62,3.72
R1424,Manufacturing,Small: 10-49 employees,6-10 years,10-49,Industrial area,Paper and cardboard,Not sure,Facility management team,5,4,5,5,4,4,4,4,4,3,4,4,4,4,4,3,3,4,4,4,3,3,4,3,5,4,4,4,4,4,3,3,3,4,4,4,4,5,4,3,3,5,5,5,4,4,4,5,4,4,4,4,4,5,3,3,2,3,4,2,2,4,4.5,3.83,3.67,3.5,4.17,3.5,4.0,4.5,4.17,2.88,3.98
R1425,Healthcare,Small: 10-49 employees,Less than 3 years,10-49,Urban area,Mixed municipal waste,Not sure,External waste-management agency,4,4,4,4,4,3,3,3,3,4,3,2,4,5,4,3,3,5,2,3,2,2,2,1,4,4,4,3,4,3,5,3,4,3,4,4,4,2,5,3,3,2,5,4,5,5,5,5,3,3,3,2,3,4,5,5,3,3,4,4,5,4,3.83,3.0,4.0,2.0,3.67,3.83,3.17,4.83,3.0,4.12,3.48
R1426,Retail,Medium: 50-249 employees,3-5 years,50-99,Urban area,Paper and cardboard,Under development,External waste-management agency,2,4,4,2,4,3,4,3,3,3,2,3,2,3,,3,3,2,4,3,4,4,3,3,2,3,3,3,2,3,3,2,3,2,3,3,1,3,2,2,2,2,,3,3,4,4,3,4,3,2,3,4,3,,4,2,2,2,2,3,3,3.17,3.0,2.6,3.5,2.67,2.67,2.0,3.4,3.17,2.57,2.91
R1427,Healthcare,Medium: 50-249 employees,6-10 years,100-249,Semi-urban area,Mixed municipal waste,Yes,Facility management team,2,3,3,3,3,3,4,4,3,2,4,4,4,3,3,4,5,4,4,3,4,4,3,3,4,3,3,4,4,3,3,5,4,4,3,3,3,5,4,4,4,3,4,3,4,4,4,2,3,4,4,4,3,4,1,4,1,3,1,4,2,2,2.83,3.5,3.83,3.5,3.5,3.67,3.83,3.5,3.67,2.25,3.54
R1428,Information Technology,Large: 250 employees or more,11-20 years,250 or more,Urban area,Paper and cardboard,No,Facility management team,5,5,4,4,4,3,4,4,3,3,4,5,4,3,3,3,4,4,3,4,4,3,3,3,5,4,5,3,5,5,3,5,4,4,3,4,4,3,3,5,3,4,4,5,5,5,5,4,,4,3,3,3,4,1,2,2,1,2,2,1,3,4.17,3.83,3.5,3.33,4.5,3.83,3.67,4.67,3.4,1.75,3.88
R1429,Retail,Medium: 50-249 employees,11-20 years,50-99,Commercial area,Food or organic waste,Yes,Facility management team,4,4,4,4,4,3,5,5,5,3,4,4,4,3,4,4,3,3,2,3,3,2,3,2,3,4,3,4,2,3,4,4,4,4,3,4,3,3,3,3,3,4,3,5,3,4,4,3,3,4,3,3,3,3,4,3,4,3,2,2,3,3,3.83,4.33,3.5,2.5,3.17,3.83,3.17,3.67,3.17,3.0,3.46
R1430,Information Technology,Small: 10-49 employees,6-10 years,10-49,Industrial area,Paper and cardboard,Not sure,Operations department,4,3,3,3,3,4,4,3,4,4,4,3,4,4,4,3,3,4,4,4,4,3,4,5,3,3,4,4,3,3,3,3,3,4,4,3,2,4,3,3,4,3,4,3,5,4,4,3,3,5,4,4,5,4,1,2,3,2,2,2,2,2,3.33,3.67,3.67,4.0,3.33,3.33,3.17,3.83,4.17,2.0,3.61
R1431,Retail,Large: 250 employees or more,3-5 years,250 or more,Commercial area,Plastic waste,Under development,External waste-management agency,3,3,3,3,3,2,3,2,3,2,2,3,4,3,4,4,4,3,3,3,3,1,2,3,2,4,2,4,4,4,3,3,2,3,3,3,3,4,3,4,3,2,4,3,3,3,3,3,3,4,5,2,3,3,2,1,3,2,2,3,2,3,2.83,2.5,3.67,2.5,3.33,2.83,3.17,3.17,3.33,2.25,3.04
R1432,Retail,Small: 10-49 employees,3-5 years,10-49,Urban area,Mixed municipal waste,No,External waste-management agency,3,4,3,3,3,2,3,4,4,4,3,3,2,3,3,3,4,4,4,4,3,3,2,3,4,4,5,4,3,4,3,3,3,2,3,3,3,2,,3,4,3,4,3,3,3,3,3,3,,2,2,2,3,,3,3,3,3,3,3,3,3.0,3.5,3.17,3.17,4.0,2.83,3.0,3.17,2.4,3.0,3.14
R1433,Healthcare,Micro: Fewer than 10 employees,Less than 3 years,Fewer than 10,Urban area,Plastic waste,No,Operations department,2,4,4,4,3,5,2,3,2,3,2,4,2,3,3,4,4,4,3,4,4,3,3,3,4,3,3,3,3,4,3,4,4,3,3,4,3,4,3,4,5,5,2,3,3,1,2,2,4,3,3,4,2,2,4,4,2,2,3,3,3,3,3.67,2.67,3.33,3.33,3.33,3.5,4.0,2.17,3.0,3.0,3.22
R1434,Healthcare,Medium: 50-249 employees,Less than 3 years,50-99,Semi-urban area,Paper and cardboard,No,External waste-management agency,3,5,4,4,4,4,3,3,3,3,2,3,3,2,3,2,3,4,3,3,2,2,2,3,3,2,5,2,3,4,2,3,3,1,2,3,3,4,3,3,3,3,3,3,3,3,4,3,4,4,4,3,4,3,3,3,2,4,3,4,3,4,4.0,2.83,2.83,2.5,3.17,2.33,3.17,3.17,3.67,3.25,3.07
R1435,Manufacturing,Small: 10-49 employees,11-20 years,10-49,Semi-urban area,Paper and cardboard,Under development,Facility management team,4,4,4,3,4,4,4,4,4,3,4,3,4,4,4,4,4,5,5,4,5,5,4,,4,5,4,4,4,3,4,4,3,3,4,4,3,3,3,3,4,3,4,4,4,3,2,3,4,4,4,4,4,4,3,4,3,4,3,4,3,4,3.83,3.67,4.17,4.6,4.0,3.67,3.17,3.33,4.0,3.5,3.83
R1436,Hospitality/Services,Small: 10-49 employees,11-20 years,50-99,Semi-urban area,Food or organic waste,Not sure,Operations department,3,3,3,2,2,,2,2,3,3,3,3,5,4,4,4,4,4,3,3,3,3,4,4,1,2,2,2,3,1,4,3,4,4,3,3,2,2,3,3,4,3,5,5,3,,4,5,3,2,3,3,3,2,3,3,2,3,3,3,2,2,2.6,2.67,4.17,3.33,1.83,3.5,2.83,4.4,2.67,2.62,3.11
R1437,Hospitality/Services,Small: 10-49 employees,6-10 years,10-49,Commercial area,Plastic waste,Not sure,External waste-management agency,3,3,3,3,3,3,3,3,3,3,3,3,3,3,3,3,3,3,3,3,3,3,3,3,3,3,3,3,3,3,3,3,3,3,3,3,3,3,3,3,3,3,3,3,3,3,3,3,3,3,3,3,3,3,3,3,3,3,3,3,3,3,3.0,3.0,3.0,3.0,3.0,3.0,3.0,3.0,3.0,3.0,3.0
R1438,Manufacturing,Micro: Fewer than 10 employees,Less than 3 years,10-49,Semi-urban area,Mixed municipal waste,No,External waste-management agency,3,3,4,4,3,3,3,2,3,3,2,2,1,2,1,1,2,2,1,1,2,2,3,2,2,2,1,2,3,2,3,1,2,4,2,1,2,4,2,2,1,2,3,2,3,2,4,2,1,2,3,1,2,2,4,4,4,4,3,5,4,4,3.33,2.5,1.5,1.83,2.0,2.17,2.17,2.67,1.83,4.0,2.22
R1439,Healthcare,Small: 10-49 employees,Less than 3 years,Fewer than 10,Urban area,Mixed municipal waste,No,External waste-management agency,2,2,2,1,4,2,1,3,3,3,3,1,3,3,3,3,3,3,3,3,3,5,4,4,4,4,4,2,2,3,4,3,3,3,4,3,3,4,3,3,3,4,3,4,4,3,5,4,2,3,3,3,3,3,3,4,5,3,3,3,3,3,2.17,2.33,3.0,3.67,3.17,3.33,3.33,3.83,2.83,3.38,3.07
R1440,Information Technology,Large: 250 employees or more,6-10 years,250 or more,Urban area,Paper and cardboard,Yes,Facility management team,4,4,4,3,3,3,4,3,4,3,4,5,5,3,5,5,4,4,3,4,3,3,4,3,4,4,5,4,3,5,4,4,4,3,5,4,5,5,4,4,5,4,4,4,4,4,5,4,4,5,3,5,4,5,2,2,2,2,3,2,3,2,3.5,3.83,4.33,3.33,4.17,4.0,4.5,4.17,4.33,2.25,4.02
R1441,Hospitality/Services,Small: 10-49 employees,Less than 3 years,10-49,Commercial area,Paper and cardboard,No,Facility management team,3,4,4,4,3,2,2,2,3,2,2,2,4,,4,4,4,4,3,3,4,4,3,4,2,2,3,4,4,4,3,4,2,3,4,4,4,3,3,3,2,2,4,2,5,3,3,4,4,4,5,3,4,4,4,4,4,4,4,5,4,2,3.33,2.17,4.0,3.5,3.17,3.33,2.83,3.5,4.0,3.88,3.31
R1442,Healthcare,Micro: Fewer than 10 employees,6-10 years,Fewer than 10,Semi-urban area,Paper and cardboard,Yes,Facility management team,4,4,4,4,3,4,3,3,3,2,4,3,5,4,4,4,4,5,5,5,4,5,5,5,3,2,3,3,3,3,4,4,4,4,4,4,4,3,3,4,3,3,2,5,3,3,3,3,2,2,5,2,3,2,3,2,2,3,3,4,4,3,3.83,3.0,4.33,4.83,2.83,4.0,3.33,3.17,2.67,3.0,3.55
R1443,Manufacturing,Small: 10-49 employees,Less than 3 years,10-49,Industrial area,Plastic waste,No,Facility management team,2,1,2,3,2,1,4,4,5,5,4,5,2,2,2,3,2,2,3,2,2,2,2,2,3,4,3,3,4,4,1,1,1,1,1,1,4,4,4,4,4,3,2,4,3,2,4,4,4,3,4,3,4,4,3,3,3,4,4,2,4,2,1.83,4.5,2.17,2.17,3.5,1.0,3.83,3.17,3.67,3.12,2.87
R1444,Healthcare,Large: 250 employees or more,11-20 years,250 or more,Urban area,Mixed municipal waste,Yes,Facility management team,4,5,4,3,4,3,5,4,4,4,4,4,4,2,4,4,5,3,3,2,2,3,2,4,5,5,5,4,5,5,5,5,4,5,5,5,4,4,4,,4,3,5,5,4,4,4,4,5,4,4,4,5,5,2,2,2,3,2,2,2,3,3.83,4.17,3.67,2.67,4.83,4.83,3.8,4.33,4.5,2.25,4.07
R1445,Manufacturing,Small: 10-49 employees,Less than 3 years,10-49,Industrial area,Plastic waste,Under development,Operations department,3,5,4,3,4,4,3,2,3,4,3,3,1,3,3,2,2,2,3,3,3,4,2,2,4,5,3,3,4,3,3,3,5,3,3,3,3,3,,3,5,4,,5,3,3,4,4,5,4,3,5,4,4,3,4,3,3,4,2,3,3,3.83,3.0,2.17,2.83,3.67,3.33,3.6,3.8,4.17,3.12,3.38
R1446,Healthcare,Medium: 50-249 employees,Less than 3 years,50-99,Urban area,Food or organic waste,Under development,Facility management team,1,2,3,2,2,3,4,4,4,4,4,4,4,1,3,3,3,2,4,4,3,4,3,3,4,2,3,4,3,4,3,4,3,4,3,4,3,,3,2,3,2,4,3,3,2,3,3,2,3,3,3,,3,3,2,2,3,3,3,3,4,2.17,4.0,2.67,3.5,3.33,3.5,2.6,3.0,2.8,2.88,3.06
R1447,Healthcare,Large: 250 employees or more,11-20 years,250 or more,Semi-urban area,Paper and cardboard,Yes,Environmental or sustainability department,4,5,4,4,5,3,5,5,4,4,5,5,4,4,4,4,4,3,4,4,4,5,5,4,4,5,5,5,5,4,4,3,5,4,3,4,3,4,4,5,5,4,3,4,3,3,4,4,5,5,4,4,3,4,2,3,4,3,2,3,2,3,4.17,4.67,3.83,4.33,4.67,3.83,4.17,3.5,4.17,2.75,4.15
R1448,Healthcare,Large: 250 employees or more,6-10 years,250 or more,Commercial area,Mixed municipal waste,Yes,Environmental or sustainability department,4,5,4,3,4,4,4,3,4,3,2,3,4,5,4,4,4,4,3,3,2,3,3,4,5,3,4,5,5,3,,3,4,5,3,4,3,5,4,,5,3,3,3,3,4,4,4,4,3,5,3,4,5,3,2,1,4,3,2,2,4,4.0,3.17,4.17,3.0,4.17,3.8,4.0,3.5,4.0,2.62,3.76
R1449,Manufacturing,Medium: 50-249 employees,3-5 years,50-99,Industrial area,Plastic waste,Under development,Facility management team,2,2,4,3,2,2,3,4,4,3,4,5,3,4,4,3,4,4,4,4,3,4,3,4,2,2,4,3,3,3,4,4,3,4,3,3,3,3,5,5,4,3,3,3,2,2,2,3,1,2,2,3,2,2,3,4,4,4,3,3,2,3,2.5,3.83,3.67,3.67,2.83,3.5,3.83,2.5,2.0,3.25,3.15
R1450,Retail,Micro: Fewer than 10 employees,6-10 years,Fewer than 10,Urban area,Mixed municipal waste,Not sure,Operations department,2,2,2,3,3,2,3,3,3,4,3,3,4,4,5,5,5,3,3,3,3,2,3,4,4,3,3,3,4,2,3,3,3,4,3,2,3,4,4,2,2,3,2,4,4,4,3,2,3,4,4,4,4,3,5,3,4,3,4,5,4,3,2.33,3.17,4.33,3.0,3.17,3.0,3.0,3.17,3.67,3.88,3.2
R1451,Healthcare,Micro: Fewer than 10 employees,6-10 years,Fewer than 10,Commercial area,Food or organic waste,Under development,Operations department,3,2,3,2,2,4,2,3,3,3,3,3,5,3,4,4,5,4,4,3,4,2,3,4,4,4,3,4,3,3,2,4,3,3,4,3,3,3,4,4,2,4,3,3,4,4,4,2,3,3,4,3,3,3,3,3,4,3,4,3,4,4,2.67,2.83,4.17,3.33,3.5,3.17,3.33,3.33,3.17,3.5,3.28
R1452,Retail,Large: 250 employees or more,11-20 years,250 or more,Urban area,Plastic waste,Under development,Facility management team,2,2,2,2,2,2,5,4,4,4,4,4,4,3,4,4,4,4,4,5,3,5,3,3,3,4,3,4,3,4,4,4,4,3,2,4,4,2,3,4,3,4,3,4,4,3,4,4,3,4,4,3,4,2,3,3,2,1,3,3,3,4,2.0,4.17,3.83,3.83,3.5,3.5,3.33,3.67,3.33,2.75,3.46
R1453,Manufacturing,Small: 10-49 employees,6-10 years,10-49,Industrial area,Mixed municipal waste,Under development,External waste-management agency,3,3,3,4,3,3,2,2,1,2,2,2,3,3,4,3,3,3,3,3,3,3,4,4,5,4,3,5,4,5,3,2,4,3,3,3,3,4,4,3,3,3,4,4,4,4,5,4,4,3,3,4,4,3,3,1,2,3,4,3,3,3,3.17,1.83,3.17,3.33,4.33,3.0,3.33,4.17,3.5,2.75,3.31
R1454,Manufacturing,Small: 10-49 employees,6-10 years,10-49,Industrial area,Plastic waste,Under development,External waste-management agency,2,3,3,4,3,3,2,2,2,2,2,3,4,4,2,3,3,5,3,4,3,4,4,3,3,3,3,,3,4,3,3,3,3,3,3,4,4,3,4,3,4,4,4,3,4,4,4,3,2,2,3,4,3,4,3,2,1,4,3,3,3,3.0,2.17,3.5,3.5,3.2,3.0,3.67,3.83,2.83,2.88,3.19
R1455,Information Technology,Small: 10-49 employees,11-20 years,10-49,Urban area,Paper and cardboard,Under development,Operations department,2,3,3,3,3,4,5,4,4,5,4,5,4,4,5,4,3,5,3,3,5,4,3,4,4,5,5,4,4,4,3,4,3,4,4,3,4,4,4,4,4,3,4,3,4,4,5,4,5,4,4,4,4,3,3,2,2,2,2,2,3,,3.0,4.5,4.17,3.67,4.33,3.5,3.83,4.0,4.0,2.29,3.89
R1456,Retail,Medium: 50-249 employees,6-10 years,100-249,Commercial area,Mixed municipal waste,Not sure,External waste-management agency,5,4,4,4,4,3,3,3,4,5,4,3,5,4,4,5,5,,3,3,4,4,4,4,4,3,4,2,3,4,4,2,4,3,4,4,4,5,4,4,5,4,4,5,4,4,4,5,4,4,3,2,4,3,4,4,4,4,3,3,4,3,4.0,3.67,4.6,3.67,3.33,3.5,4.33,4.33,3.33,3.62,3.86
R1457,Healthcare,Medium: 50-249 employees,6-10 years,100-249,Urban area,Mixed municipal waste,Yes,Facility management team,4,4,4,3,4,5,5,5,5,5,5,4,3,3,2,3,2,2,5,5,4,5,4,5,5,4,5,5,4,4,4,4,4,4,3,4,3,5,4,3,4,5,5,5,5,5,5,5,4,4,5,4,3,4,1,3,2,3,2,2,2,3,4.0,4.83,2.5,4.67,4.5,3.83,4.0,5.0,4.0,2.25,4.15
R1458,Retail,Small: 10-49 employees,3-5 years,10-49,Commercial area,Mixed municipal waste,Not sure,Operations department,4,3,4,4,3,3,2,3,2,2,3,3,4,4,4,4,5,4,4,3,4,3,3,3,4,5,4,5,4,2,4,5,4,4,5,4,5,4,3,3,3,3,2,5,4,4,3,5,4,5,4,3,3,5,3,4,4,4,3,5,3,3,3.5,2.5,4.17,3.33,4.0,4.33,3.5,3.83,4.0,3.62,3.68
R1459,Information Technology,Large: 250 employees or more,11-20 years,250 or more,Urban area,Plastic waste,Under development,Environmental or sustainability department,3,4,3,4,5,4,4,5,5,4,4,5,3,4,4,4,5,4,5,4,4,3,5,3,4,5,4,4,4,4,4,4,4,5,5,4,5,3,4,4,4,3,5,4,4,4,4,4,2,4,4,4,3,4,2,2,2,3,3,2,2,2,3.83,4.5,4.0,4.0,4.17,4.33,3.83,4.17,3.5,2.25,4.04
R1460,Retail,Medium: 50-249 employees,3-5 years,100-249,Semi-urban area,Paper and cardboard,No,Facility management team,4,4,4,4,4,4,3,2,3,4,2,3,3,4,3,3,3,3,3,4,3,3,4,2,4,4,3,5,4,4,3,5,4,3,4,4,3,2,3,3,3,2,3,3,5,4,4,5,4,3,4,3,4,4,4,4,3,2,3,3,2,2,4.0,2.83,3.17,3.17,4.0,3.83,2.67,4.0,3.67,2.88,3.48
R1461,Manufacturing,Large: 250 employees or more,11-20 years,100-249,Industrial area,Plastic waste,Not sure,Facility management team,4,4,4,4,3,5,5,4,4,4,5,3,3,2,2,3,3,3,4,3,4,4,3,3,3,4,4,3,3,4,3,3,3,5,4,3,4,3,4,3,4,4,4,4,4,5,4,4,3,3,2,3,3,2,,4,3,2,2,3,3,2,4.0,4.17,2.67,3.5,3.5,3.5,3.67,4.17,2.67,2.71,3.54
R1462,Manufacturing,Micro: Fewer than 10 employees,3-5 years,Fewer than 10,Urban area,Mixed municipal waste,Under development,External waste-management agency,3,3,3,3,2,4,3,3,3,5,2,3,4,5,3,4,4,4,3,3,2,2,3,3,4,3,4,4,3,3,3,2,4,4,3,4,4,4,3,3,4,4,3,3,3,3,4,4,3,3,3,2,3,2,3,3,5,3,5,3,3,3,3.0,3.17,4.0,2.67,3.5,3.33,3.67,3.33,2.67,3.5,3.26
R1463,Manufacturing,Large: 250 employees or more,3-5 years,250 or more,Semi-urban area,Paper and cardboard,No,External waste-management agency,2,4,3,3,4,3,4,3,4,4,4,4,4,4,3,3,3,4,3,3,4,3,3,3,3,3,3,3,3,3,2,3,2,2,2,3,4,4,3,3,3,3,2,2,1,1,2,2,4,3,3,3,3,4,2,2,3,2,3,2,4,3,3.17,3.83,3.5,3.17,3.0,2.33,3.33,1.67,3.33,2.62,3.04
R1464,Information Technology,Micro: Fewer than 10 employees,11-20 years,Fewer than 10,Urban area,Paper and cardboard,Yes,Facility management team,3,5,4,5,3,4,4,5,,5,4,3,,3,4,3,3,4,2,3,3,4,4,3,3,4,3,5,3,3,5,4,4,4,3,3,3,4,3,4,3,4,4,4,3,5,3,3,3,4,4,4,3,4,4,4,4,4,4,5,3,4,4.0,4.2,3.4,3.17,3.5,3.83,3.5,3.67,3.67,4.0,3.66
R1465,Healthcare,Large: 250 employees or more,6-10 years,250 or more,Commercial area,Plastic waste,Yes,Facility management team,5,4,3,5,3,4,5,4,4,4,3,5,4,4,5,4,5,4,3,2,3,4,1,3,3,3,4,4,4,3,2,4,3,3,2,3,4,4,3,4,3,3,5,4,4,4,3,5,3,4,3,3,4,3,3,3,2,3,3,3,3,3,4.0,4.17,4.33,2.67,3.5,2.83,3.5,4.17,3.33,2.88,3.61
R1466,Information Technology,Large: 250 employees or more,6-10 years,250 or more,Commercial area,Paper and cardboard,Not sure,Operations department,4,5,4,4,3,4,2,3,3,1,2,4,3,5,4,4,5,3,3,2,3,3,3,3,2,4,4,4,3,3,4,4,2,4,5,3,3,4,3,3,3,3,,4,5,4,4,4,3,2,2,2,3,3,3,1,3,2,2,2,3,1,4.0,2.5,4.0,2.83,3.33,3.67,3.17,4.2,2.5,2.12,3.36
R1467,Information Technology,Small: 10-49 employees,3-5 years,10-49,Urban area,Paper and cardboard,No,External waste-management agency,3,2,2,2,3,2,3,4,3,3,2,3,3,3,2,3,3,3,3,2,2,2,1,2,2,2,1,2,2,3,3,2,3,3,4,2,1,1,1,2,1,2,3,3,4,4,3,4,3,3,3,3,3,3,3,1,2,2,1,2,2,2,2.33,3.0,2.83,2.0,2.0,2.83,1.33,3.5,3.0,1.88,2.54
R1468,Information Technology,Micro: Fewer than 10 employees,Less than 3 years,Fewer than 10,Urban area,Paper and cardboard,No,External waste-management agency,3,3,3,1,4,3,2,3,3,3,3,3,3,2,2,1,2,2,3,3,4,3,4,3,3,4,3,4,4,3,2,3,1,4,3,2,3,3,3,4,2,3,2,3,3,2,3,3,3,3,4,4,5,4,3,4,3,4,3,3,3,4,2.83,2.83,2.0,3.33,3.5,2.5,3.0,2.67,3.83,3.38,2.94
R1469,Hospitality/Services,Small: 10-49 employees,Less than 3 years,10-49,Commercial area,Food or organic waste,Under development,External waste-management agency,2,2,2,4,2,2,5,3,4,4,,4,4,4,2,2,2,3,3,2,3,3,3,2,5,4,4,3,4,4,2,3,2,1,3,3,2,2,3,2,2,2,4,3,4,3,3,2,1,3,2,2,2,3,2,4,4,3,3,3,4,4,2.33,4.0,2.83,2.67,4.0,2.33,2.17,3.17,2.17,3.38,2.85
R1470,Healthcare,Micro: Fewer than 10 employees,3-5 years,Fewer than 10,Semi-urban area,Paper and cardboard,Not sure,External waste-management agency,3,4,3,3,3,3,3,3,3,5,3,3,3,3,3,3,3,2,3,4,2,4,4,3,4,3,3,3,4,3,3,3,2,3,2,3,3,3,3,3,2,3,3,3,2,2,3,3,3,3,3,3,3,2,3,5,4,3,4,5,4,4,3.17,3.33,2.83,3.33,3.33,2.67,2.83,2.67,2.83,4.0,3.0
R1471,Manufacturing,Medium: 50-249 employees,6-10 years,100-249,Urban area,Plastic waste,Under development,Operations department,4,3,3,4,2,1,3,3,3,3,3,4,3,2,4,3,3,3,3,3,3,3,3,3,3,3,3,3,3,3,5,3,3,3,3,4,3,3,4,5,4,4,4,4,4,4,,3,2,3,4,4,4,3,2,,3,3,,3,2,3,2.83,3.17,3.0,3.0,3.0,3.5,3.83,3.8,3.33,2.67,3.27
R1472,Manufacturing,Medium: 50-249 employees,11-20 years,100-249,Urban area,Paper and cardboard,Under development,Environmental or sustainability department,4,4,3,3,3,4,3,4,4,3,4,4,4,4,4,5,4,4,5,5,5,5,4,4,3,3,3,2,4,4,4,5,3,3,4,4,4,4,4,5,5,4,4,5,5,4,5,4,4,3,3,4,3,3,3,3,4,4,2,2,2,2,3.5,3.67,4.17,4.67,3.17,3.83,4.33,4.5,3.33,2.75,3.91
R1473,Healthcare,Micro: Fewer than 10 employees,Less than 3 years,Fewer than 10,Commercial area,Paper and cardboard,No,Operations department,4,5,4,4,4,5,3,4,4,3,4,3,4,4,3,3,3,3,4,3,2,3,4,3,3,3,3,4,4,4,4,4,4,4,4,4,3,4,3,3,2,4,3,2,3,2,3,1,3,4,4,3,4,3,4,4,4,4,3,3,4,2,4.33,3.5,3.33,3.17,3.5,4.0,3.17,2.33,3.5,3.5,3.43
R1474,Information Technology,Small: 10-49 employees,Less than 3 years,10-49,Urban area,Mixed municipal waste,No,Operations department,3,5,3,3,3,4,3,3,3,4,3,3,2,,2,3,2,3,3,3,2,3,3,3,2,2,1,1,2,1,2,3,2,3,2,1,4,3,4,3,3,2,3,4,3,2,1,1,2,3,2,3,2,,3,5,4,2,,2,3,4,3.5,3.17,2.4,2.83,1.5,2.17,3.17,2.33,2.4,3.29,2.61
R1475,Healthcare,Small: 10-49 employees,6-10 years,50-99,Urban area,Plastic waste,Under development,Facility management team,4,4,3,3,4,3,3,4,3,3,3,3,3,3,3,3,3,3,3,2,4,3,3,4,3,3,3,4,3,2,3,3,3,5,,4,2,3,4,3,2,4,4,4,3,3,3,4,3,2,2,3,4,3,5,3,2,4,2,3,2,3,3.5,3.17,3.0,3.17,3.0,3.6,3.0,3.5,2.83,3.0,3.2
R1476,Retail,Small: 10-49 employees,6-10 years,10-49,Commercial area,Mixed municipal waste,Yes,Environmental or sustainability department,1,3,3,3,1,2,3,4,4,4,4,4,3,3,3,4,3,3,2,4,3,3,4,2,2,2,4,2,3,3,3,3,3,4,4,4,4,3,2,2,3,4,4,3,3,3,4,3,4,3,2,3,2,4,3,3,2,2,2,2,2,2,2.17,3.83,3.17,3.0,2.67,3.5,3.0,3.33,3.0,2.25,3.07
R1477,Information Technology,Large: 250 employees or more,11-20 years,250 or more,Semi-urban area,Paper and cardboard,Yes,Environmental or sustainability department,5,5,4,5,4,4,5,3,4,5,5,5,5,5,5,4,5,5,4,3,,5,5,4,4,4,5,4,4,5,5,4,4,4,3,4,,4,5,4,3,3,3,4,4,5,5,4,4,3,4,5,3,3,4,1,2,4,2,3,2,2,4.5,4.5,4.83,4.2,4.33,4.0,3.8,4.17,3.67,2.5,4.22
R1478,Retail,Small: 10-49 employees,3-5 years,50-99,Urban area,Plastic waste,No,External waste-management agency,4,3,3,3,3,4,3,4,3,3,2,4,4,3,3,3,3,3,3,4,3,3,3,2,2,2,1,3,2,2,3,3,3,3,3,3,3,3,3,3,2,2,2,4,3,2,3,3,3,3,3,4,4,3,3,4,4,3,5,4,4,2,3.33,3.17,3.17,3.0,2.0,3.0,2.67,2.83,3.33,3.62,2.94
R1479,Manufacturing,Micro: Fewer than 10 employees,6-10 years,Fewer than 10,Semi-urban area,Plastic waste,Under development,External waste-management agency,3,,4,3,4,4,3,2,4,1,3,3,2,3,5,3,3,2,4,3,5,2,5,3,3,2,2,5,3,2,3,3,3,3,4,3,4,3,2,3,4,3,3,3,4,2,3,2,2,4,4,3,4,3,4,3,3,4,3,3,2,3,3.6,2.67,3.0,3.67,2.83,3.17,3.17,2.83,3.33,3.12,3.14
R1480,Information Technology,Micro: Fewer than 10 employees,6-10 years,Fewer than 10,Industrial area,Paper and cardboard,Under development,Environmental or sustainability department,4,4,5,3,4,4,4,5,4,4,5,4,4,3,4,3,3,3,5,5,4,4,5,4,4,4,3,4,4,4,5,5,4,4,5,3,5,4,4,4,5,5,5,4,3,4,5,4,5,4,3,,4,4,1,1,1,2,1,1,1,1,4.0,4.33,3.33,4.5,3.83,4.33,4.5,4.17,4.0,1.12,4.11
R1481,Healthcare,Medium: 50-249 employees,3-5 years,50-99,Urban area,Mixed municipal waste,Under development,Operations department,4,3,4,3,3,4,5,4,4,3,4,4,4,5,4,5,4,3,5,4,4,5,4,4,2,3,2,3,3,3,5,4,5,5,4,4,,3,3,3,3,2,3,2,4,4,3,,4,3,4,3,3,4,4,4,4,4,5,5,4,5,3.5,4.0,4.17,4.33,2.67,4.5,2.8,3.2,3.5,4.38,3.63
R1482,Manufacturing,Large: 250 employees or more,6-10 years,250 or more,Industrial area,Paper and cardboard,Under development,External waste-management agency,3,4,3,3,3,4,3,3,3,2,4,3,4,3,4,4,3,3,4,4,5,4,4,3,3,3,2,4,3,4,4,4,5,5,4,5,4,3,4,3,3,5,5,5,5,4,3,5,4,3,4,4,4,4,3,3,3,2,4,2,3,2,3.33,3.0,3.5,4.0,3.17,4.5,3.67,4.5,3.83,2.75,3.72
R1483,Retail,Small: 10-49 employees,11-20 years,10-49,Industrial area,Mixed municipal waste,Not sure,Environmental or sustainability department,4,4,3,4,3,3,2,3,2,3,3,2,3,4,4,3,3,3,3,2,4,3,4,4,3,3,3,3,4,3,3,3,4,2,3,2,4,4,4,5,4,4,4,4,3,4,4,4,3,3,2,3,3,2,2,3,2,4,3,4,4,4,3.5,2.5,3.33,3.33,3.17,2.83,4.17,3.83,2.67,3.25,3.26
R1484,Healthcare,Micro: Fewer than 10 employees,3-5 years,Fewer than 10,Urban area,Food or organic waste,Not sure,External waste-management agency,4,3,3,4,5,4,5,5,5,2,4,4,4,4,4,4,3,3,3,2,3,3,2,2,2,3,3,3,3,4,3,3,4,4,5,5,4,3,3,3,5,3,2,3,3,3,2,4,3,3,3,4,3,4,4,3,3,3,3,4,4,,3.83,4.17,3.67,2.5,3.0,4.0,3.5,2.83,3.33,3.43,3.43
R1485,Retail,Medium: 50-249 employees,6-10 years,100-249,Semi-urban area,Mixed municipal waste,Under development,Facility management team,4,4,4,4,3,4,4,4,5,4,4,5,4,3,4,5,4,4,4,4,3,4,3,4,3,4,3,4,5,4,5,5,5,5,5,5,3,3,4,5,3,3,2,3,4,3,3,4,4,4,3,3,4,3,2,3,2,2,2,2,2,3,3.83,4.33,4.0,3.67,3.83,5.0,3.5,3.17,3.5,2.25,3.87
R1486,Manufacturing,Micro: Fewer than 10 employees,3-5 years,Fewer than 10,Urban area,Plastic waste,Under development,External waste-management agency,3,3,4,3,2,2,3,2,3,3,3,4,3,3,4,2,2,2,3,4,3,3,3,3,3,2,2,2,2,2,4,3,1,3,4,4,3,3,2,3,4,3,3,4,3,3,4,3,2,2,2,3,4,4,5,3,4,3,2,3,3,4,2.83,3.0,2.67,3.17,2.17,3.17,3.0,3.33,2.83,3.38,2.91
R1487,Healthcare,Small: 10-49 employees,11-20 years,10-49,Industrial area,Paper and cardboard,Yes,Environmental or sustainability department,4,2,3,2,4,4,5,3,4,3,4,3,4,4,4,4,4,4,4,3,4,3,3,,5,3,4,4,5,4,4,4,4,4,5,4,5,3,4,5,5,5,3,4,4,3,3,4,5,4,5,4,5,4,3,3,3,4,5,2,2,3,3.17,3.67,4.0,3.4,4.17,4.17,4.5,3.5,4.5,3.12,3.9
R1488,Healthcare,Micro: Fewer than 10 employees,Less than 3 years,Fewer than 10,Urban area,Mixed municipal waste,No,Operations department,5,3,4,4,3,4,1,4,2,2,3,3,3,4,2,3,2,4,3,3,4,4,4,3,3,4,4,4,3,4,3,3,4,3,3,3,1,2,4,1,2,1,3,2,3,2,1,3,3,3,2,3,3,2,,4,4,4,5,3,3,5,3.83,2.5,3.0,3.5,3.67,3.17,1.83,2.33,2.67,4.0,2.94
R1489,Manufacturing,Large: 250 employees or more,3-5 years,250 or more,Urban area,Paper and cardboard,Not sure,Facility management team,4,4,4,3,5,4,4,4,3,4,3,2,3,4,4,3,4,3,4,4,3,4,3,3,3,3,3,2,3,3,4,4,4,,4,3,4,3,2,3,3,,4,4,4,4,3,4,5,3,3,3,4,4,3,2,3,4,2,2,2,3,4.0,3.33,3.5,3.5,2.83,3.8,3.0,3.83,3.67,2.62,3.5
R1490,Retail,Small: 10-49 employees,11-20 years,10-49,Urban area,Mixed municipal waste,Not sure,Facility management team,4,3,4,3,5,4,4,4,4,3,4,5,4,3,5,4,5,4,4,3,3,4,2,3,2,3,3,2,3,2,4,3,3,4,4,3,3,4,4,4,3,2,4,4,3,4,3,3,4,4,4,3,4,3,5,3,4,4,3,3,3,2,3.83,4.0,4.17,3.17,2.5,3.5,3.33,3.5,3.67,3.38,3.52
R1491,Healthcare,Micro: Fewer than 10 employees,Less than 3 years,Fewer than 10,Urban area,Paper and cardboard,Not sure,External waste-management agency,2,2,2,2,2,2,2,2,2,2,2,2,2,2,2,2,2,2,2,2,2,2,2,2,2,2,2,2,2,2,2,2,2,2,2,2,2,2,2,2,2,2,2,2,2,2,2,2,2,2,2,2,2,2,2,2,2,2,2,2,2,2,2.0,2.0,2.0,2.0,2.0,2.0,2.0,2.0,2.0,2.0,2.0
R1492,Retail,Large: 250 employees or more,3-5 years,100-249,Semi-urban area,Mixed municipal waste,Not sure,Environmental or sustainability department,4,2,2,3,3,3,2,2,2,3,2,4,4,3,3,3,3,3,3,3,3,3,,3,3,4,3,5,4,2,4,2,2,2,3,3,3,3,3,,3,3,2,4,4,3,2,,3,3,,3,2,3,2,3,3,3,4,3,4,4,2.83,2.5,3.17,3.0,3.5,2.67,3.0,3.0,2.8,3.25,2.94
R1493,Retail,Small: 10-49 employees,Less than 3 years,10-49,Commercial area,Mixed municipal waste,Not sure,Operations department,2,3,3,2,2,2,3,3,3,,2,2,3,2,3,5,3,3,4,2,4,4,2,3,4,5,4,5,3,3,4,4,3,3,3,5,3,2,3,2,4,3,3,2,2,2,4,3,3,4,3,,5,3,3,4,1,3,3,4,2,4,2.33,2.6,3.17,3.17,4.0,3.67,2.83,2.67,3.6,3.0,3.12
R1494,Retail,Small: 10-49 employees,Less than 3 years,10-49,Urban area,Plastic waste,Not sure,External waste-management agency,1,2,3,3,3,3,3,1,2,3,2,2,4,2,4,2,3,4,3,3,3,4,3,3,2,3,2,3,3,3,3,3,2,2,2,2,3,2,2,4,2,3,2,3,3,2,3,3,3,2,3,3,3,2,4,4,4,2,5,4,4,3,2.5,2.17,3.17,3.17,2.67,2.33,2.67,2.67,2.67,3.75,2.67
R1495,Retail,Small: 10-49 employees,6-10 years,10-49,Semi-urban area,Mixed municipal waste,No,Operations department,3,4,3,3,2,3,4,4,5,4,4,4,2,3,2,2,2,3,4,3,3,4,4,5,3,4,4,2,4,4,3,3,3,3,4,3,4,3,3,,3,3,3,2,2,3,3,4,5,4,4,4,5,4,4,4,4,5,5,3,4,4,3.0,4.17,2.33,3.83,3.5,3.17,3.2,2.83,4.33,4.12,3.37
R1496,Information Technology,Micro: Fewer than 10 employees,3-5 years,Fewer than 10,Commercial area,Mixed municipal waste,No,External waste-management agency,4,4,3,4,2,3,3,3,3,2,4,4,3,1,2,3,3,2,3,4,3,3,3,3,2,2,2,3,3,3,3,3,3,4,3,3,,3,1,1,1,1,3,4,3,3,3,3,2,4,3,3,4,2,4,3,3,2,2,4,3,5,3.33,3.17,2.33,3.17,2.5,3.17,1.4,3.17,3.0,3.25,2.8
R1497,Retail,Micro: Fewer than 10 employees,11-20 years,10-49,Commercial area,Food or organic waste,Under development,External waste-management agency,2,3,4,4,4,3,3,3,3,4,3,4,5,4,3,4,4,4,3,3,3,2,3,3,3,4,3,3,3,4,3,5,3,2,5,3,5,3,4,4,3,3,3,3,4,4,4,3,3,4,3,3,3,2,2,2,3,3,1,2,1,3,3.33,3.33,4.0,2.83,3.33,3.5,3.67,3.5,3.0,2.12,3.39
R1498,Hospitality/Services,Medium: 50-249 employees,3-5 years,10-49,Urban area,Paper and cardboard,No,External waste-management agency,4,4,3,5,4,4,3,4,3,3,2,4,3,3,4,3,5,3,3,4,3,3,3,3,3,2,2,2,3,2,2,3,2,3,3,4,2,3,3,3,3,3,3,3,2,2,2,3,4,3,4,4,4,2,3,3,4,4,4,2,3,2,4.0,3.17,3.5,3.17,2.33,2.83,2.83,2.5,3.5,3.12,3.09
R1499,Retail,Large: 250 employees or more,11-20 years,250 or more,Commercial area,Mixed municipal waste,Under development,Facility management team,3,2,3,2,2,3,2,4,4,3,3,3,4,3,3,4,3,3,4,4,4,4,3,4,3,3,4,5,4,4,4,4,5,,4,4,4,4,5,5,4,3,3,2,3,3,4,4,3,,2,4,3,4,3,1,2,3,1,2,3,3,2.5,3.17,3.33,3.83,3.83,4.2,4.17,3.17,3.2,2.25,3.49
R1500,Healthcare,Micro: Fewer than 10 employees,Less than 3 years,10-49,Semi-urban area,Food or organic waste,Not sure,External waste-management agency,3,3,2,3,2,3,2,3,3,2,2,3,2,3,2,2,2,3,3,3,3,4,3,2,2,3,2,4,2,2,2,3,3,2,3,4,2,3,4,4,3,2,2,3,3,3,4,3,3,4,3,2,1,4,2,2,2,3,1,2,2,2,2.67,2.5,2.33,3.0,2.5,2.83,3.0,3.0,2.83,2.0,2.74
R1501,Healthcare,Small: 10-49 employees,Less than 3 years,10-49,Commercial area,Mixed municipal waste,No,External waste-management agency,4,4,3,2,2,4,4,3,4,4,4,5,4,3,4,4,4,3,3,4,3,2,4,3,2,4,3,3,3,2,4,3,3,3,4,3,2,3,3,3,3,4,3,4,2,4,3,3,3,2,5,4,3,3,3,3,3,3,4,3,4,2,3.17,4.0,3.67,3.17,2.83,3.33,3.0,3.17,3.33,3.12,3.3
R1502,Information Technology,Medium: 50-249 employees,Less than 3 years,100-249,Urban area,Paper and cardboard,Under development,External waste-management agency,2,3,4,4,3,3,4,3,2,4,3,4,4,3,4,3,4,2,4,3,5,3,3,4,4,1,3,4,2,2,3,4,3,4,3,4,4,4,3,3,3,3,3,2,4,4,4,2,3,2,2,1,4,3,3,3,2,2,2,2,2,3,3.17,3.33,3.33,3.67,2.67,3.5,3.33,3.17,2.5,2.38,3.19
R1503,Information Technology,Small: 10-49 employees,6-10 years,50-99,Urban area,Paper and cardboard,Yes,Operations department,3,4,3,4,3,3,4,5,5,3,4,4,4,4,4,4,4,5,5,4,4,5,5,5,3,3,2,3,3,3,4,4,3,4,5,4,2,3,4,4,3,4,4,4,4,4,4,4,5,5,3,4,4,4,3,3,2,3,2,4,3,4,3.33,4.17,4.17,4.67,2.83,4.0,3.33,4.0,4.17,3.0,3.85
R1504,Retail,Small: 10-49 employees,3-5 years,10-49,Semi-urban area,Mixed municipal waste,Under development,External waste-management agency,3,5,4,5,4,3,3,4,3,5,3,3,4,3,3,3,4,2,,4,4,4,3,3,3,4,4,4,4,4,4,4,3,3,3,3,3,4,5,4,4,3,4,5,3,4,2,3,5,4,3,5,4,4,2,2,3,2,3,2,2,1,4.0,3.5,3.17,3.6,3.83,3.33,3.83,3.5,4.17,2.12,3.66
R1505,Retail,Micro: Fewer than 10 employees,6-10 years,Fewer than 10,Urban area,Paper and cardboard,Under development,External waste-management agency,4,4,3,4,4,4,4,4,3,4,3,2,5,5,5,5,5,5,3,3,4,3,3,4,3,4,4,3,3,3,3,3,3,3,4,4,,3,3,4,4,5,3,3,3,4,4,3,3,3,3,3,3,3,2,3,3,4,3,3,4,3,3.83,3.33,5.0,3.33,3.33,3.33,3.8,3.33,3.0,3.12,3.59
R1506,Hospitality/Services,Large: 250 employees or more,11-20 years,250 or more,Semi-urban area,Food or organic waste,Not sure,Operations department,,4,5,4,4,3,4,3,3,3,4,3,3,3,4,3,4,4,3,3,3,4,2,3,4,4,4,3,2,4,4,3,4,3,3,4,3,3,3,3,2,4,5,4,5,2,4,3,4,5,4,4,5,3,1,2,3,3,2,1,2,2,4.0,3.33,3.5,3.0,3.5,3.5,3.0,3.83,4.17,2.0,3.54
R1507,Hospitality/Services,Small: 10-49 employees,3-5 years,10-49,Urban area,Food or organic waste,No,External waste-management agency,2,2,,,3,2,4,5,3,4,4,3,3,2,2,2,1,3,2,2,1,2,1,3,4,3,3,2,2,3,4,2,2,4,2,4,2,3,2,3,2,2,2,3,1,2,3,3,3,4,1,3,1,2,4,5,5,4,4,3,5,5,2.25,3.83,2.17,1.83,2.83,3.0,2.33,2.33,2.33,4.38,2.54
R1508,Hospitality/Services,Micro: Fewer than 10 employees,6-10 years,Fewer than 10,Urban area,Paper and cardboard,No,External waste-management agency,4,3,3,3,3,4,3,2,3,2,2,3,5,4,5,5,5,5,,3,3,4,3,3,3,3,3,3,3,2,4,3,3,3,3,5,2,3,3,3,3,3,2,3,3,2,2,3,4,3,3,3,4,3,4,5,4,3,3,3,4,2,3.33,2.5,4.83,3.2,2.83,3.5,2.83,2.5,3.33,3.5,3.21
R1509,Manufacturing,Small: 10-49 employees,11-20 years,10-49,Urban area,Mixed municipal waste,Yes,Environmental or sustainability department,3,4,4,4,5,3,4,5,5,5,5,5,5,3,5,5,5,5,5,5,4,4,5,5,5,5,4,3,3,5,3,4,4,4,5,3,4,4,4,5,4,4,5,4,5,5,5,5,4,4,5,5,5,4,2,2,1,3,3,2,2,3,3.83,4.83,4.67,4.67,4.17,3.83,4.17,4.83,4.5,2.25,4.39
R1510,Manufacturing,Small: 10-49 employees,3-5 years,10-49,Semi-urban area,Plastic waste,Under development,Environmental or sustainability department,5,4,4,2,3,3,3,4,4,4,3,4,4,3,3,3,3,3,4,4,3,4,4,5,4,2,4,5,4,3,4,4,2,4,3,3,3,3,3,3,4,3,3,3,5,5,4,3,4,2,2,3,3,2,3,3,5,4,3,4,3,4,3.5,3.67,3.17,4.0,3.67,3.33,3.17,3.83,2.67,3.62,3.45
R1511,Retail,Small: 10-49 employees,Less than 3 years,Fewer than 10,Commercial area,Plastic waste,Not sure,Operations department,4,5,4,4,4,3,4,3,4,3,3,3,4,4,4,4,3,3,3,3,4,4,4,3,5,4,5,,3,3,3,4,3,4,4,4,4,3,4,3,3,5,3,,3,4,3,3,4,4,2,3,4,4,3,2,3,4,2,3,2,3,4.0,3.33,3.67,3.5,4.0,3.67,3.67,3.2,3.5,2.75,3.62
R1512,Information Technology,Micro: Fewer than 10 employees,11-20 years,Fewer than 10,Urban area,Mixed municipal waste,Yes,Facility management team,4,3,4,5,4,3,4,4,3,4,,5,4,4,4,4,3,4,4,4,5,5,3,4,3,4,2,4,5,4,4,3,4,2,3,3,2,4,3,3,3,4,2,4,3,3,3,3,4,3,4,3,4,3,3,3,3,3,4,3,3,3,3.83,4.0,3.83,4.17,3.67,3.17,3.17,3.0,3.5,3.12,3.59
R1513,Manufacturing,Large: 250 employees or more,Less than 3 years,250 or more,Semi-urban area,Plastic waste,No,Environmental or sustainability department,5,5,4,5,4,4,3,3,2,4,3,4,3,4,4,3,4,4,3,4,4,4,4,4,4,3,3,4,2,2,4,4,3,5,4,4,3,3,5,3,2,5,5,5,5,4,5,,3,4,3,5,3,3,2,2,2,3,2,3,4,2,4.5,3.17,3.67,3.83,3.0,4.0,3.5,4.8,3.5,2.5,3.77
R1514,Retail,Micro: Fewer than 10 employees,Less than 3 years,Fewer than 10,Urban area,Mixed municipal waste,No,External waste-management agency,4,2,3,3,3,5,3,3,4,3,3,4,2,1,2,2,2,3,1,1,1,1,1,2,3,3,2,1,3,3,3,4,3,3,2,3,3,3,3,3,3,2,3,3,4,3,3,3,4,3,4,3,2,4,5,4,4,,4,2,4,5,3.33,3.33,2.0,1.17,2.5,3.0,2.83,3.17,3.33,4.0,2.74
R1515,Healthcare,Small: 10-49 employees,3-5 years,10-49,Semi-urban area,Mixed municipal waste,Not sure,External waste-management agency,3,2,3,3,4,4,3,2,3,4,4,3,3,2,3,2,3,2,4,3,4,4,5,3,2,3,2,3,3,2,2,2,2,3,2,2,3,2,4,2,2,3,4,3,4,4,3,3,4,3,3,4,3,3,5,3,5,4,4,3,4,5,3.17,3.17,2.5,3.83,2.5,2.17,2.67,3.5,3.33,4.12,2.98
R1516,Manufacturing,Small: 10-49 employees,6-10 years,10-49,Urban area,Food or organic waste,Not sure,Facility management team,2,2,2,2,2,2,2,2,2,2,2,2,2,2,2,2,2,2,2,2,2,2,2,2,2,2,2,2,2,2,2,2,,2,2,2,2,2,2,2,2,2,2,2,2,2,2,2,2,2,2,2,2,2,2,2,2,2,2,2,2,2,2.0,2.0,2.0,2.0,2.0,2.0,2.0,2.0,2.0,2.0,2.0
R1517,Information Technology,Medium: 50-249 employees,3-5 years,50-99,Urban area,Food or organic waste,No,External waste-management agency,5,4,4,4,4,3,3,4,4,5,2,2,4,3,3,3,3,3,1,2,1,2,1,1,3,3,3,3,3,4,3,4,3,3,3,3,3,3,4,3,3,3,3,3,3,3,3,2,1,2,3,4,2,2,5,3,3,3,2,2,2,2,4.0,3.33,3.17,1.33,3.17,3.17,3.17,2.83,2.33,2.75,2.94
R1518,Manufacturing,Medium: 50-249 employees,3-5 years,100-249,Semi-urban area,Mixed municipal waste,Under development,Operations department,4,3,4,4,5,4,5,4,4,5,5,4,3,3,2,3,3,3,5,4,5,5,3,3,5,4,5,5,5,5,4,5,3,4,4,4,4,4,3,4,2,2,3,2,4,3,3,4,5,4,3,4,4,4,2,1,3,2,3,4,3,3,4.0,4.5,2.83,4.17,4.83,4.0,3.17,3.17,4.0,2.62,3.85
R1519,Information Technology,Small: 10-49 employees,3-5 years,10-49,Semi-urban area,Mixed municipal waste,No,Operations department,4,4,4,4,4,4,4,4,4,4,4,4,4,4,4,4,4,4,4,4,4,4,4,4,4,4,4,4,4,4,4,4,4,4,4,4,4,4,4,4,4,4,4,4,4,4,4,4,4,4,4,4,4,4,4,4,4,4,4,4,4,4,4.0,4.0,4.0,4.0,4.0,4.0,4.0,4.0,4.0,4.0,4.0
R1520,Retail,Small: 10-49 employees,3-5 years,10-49,Urban area,Mixed municipal waste,No,External waste-management agency,4,2,2,3,2,4,2,3,2,2,2,2,3,,2,3,3,1,2,3,3,2,2,3,2,3,4,2,2,3,3,2,2,1,2,1,2,3,3,4,3,4,4,3,5,4,3,3,2,1,2,2,3,2,2,4,4,5,5,5,4,3,2.83,2.17,2.4,2.5,2.67,1.83,3.17,3.67,2.0,4.0,2.58
R1521,Healthcare,Micro: Fewer than 10 employees,Less than 3 years,Fewer than 10,Semi-urban area,Plastic waste,Not sure,External waste-management agency,2,2,3,3,2,3,4,4,4,3,2,4,3,3,3,4,4,4,4,3,4,4,4,4,4,2,3,3,3,2,3,3,3,2,3,4,4,4,4,3,2,4,2,3,3,2,3,3,2,3,3,4,3,3,3,4,4,4,4,3,3,3,2.5,3.5,3.5,3.83,2.83,3.0,3.5,2.67,3.0,3.5,3.15
R1522,Healthcare,Small: 10-49 employees,Less than 3 years,10-49,Urban area,Mixed municipal waste,No,External waste-management agency,1,1,1,1,2,1,3,3,2,3,1,2,3,1,2,1,3,1,3,3,2,3,2,3,3,3,3,4,3,3,2,2,2,2,3,2,3,2,4,2,2,2,3,2,2,1,3,3,,3,3,3,3,3,4,4,4,4,5,3,3,3,1.17,2.33,1.83,2.67,3.17,2.17,2.5,2.33,3.0,3.75,2.35
R1523,Manufacturing,Medium: 50-249 employees,Less than 3 years,50-99,Commercial area,Plastic waste,Not sure,Operations department,4,3,4,3,4,4,2,4,3,3,3,3,3,2,2,3,3,3,4,3,4,4,3,3,3,3,3,4,5,2,3,3,2,,2,2,3,3,3,2,3,3,3,4,4,5,4,4,3,4,3,3,3,3,3,3,4,4,4,4,2,3,3.67,3.0,2.67,3.5,3.33,2.4,2.83,4.0,3.17,3.38,3.17
R1524,Retail,Large: 250 employees or more,Less than 3 years,250 or more,Urban area,Mixed municipal waste,No,Operations department,3,3,4,4,4,2,3,3,3,4,5,4,5,4,4,4,,4,3,2,4,3,2,4,4,4,3,4,4,4,3,4,4,5,4,4,3,3,4,4,3,4,3,2,2,4,3,3,2,2,3,3,3,2,1,4,2,4,3,4,3,3,3.33,3.67,4.2,3.0,3.83,4.0,3.5,2.83,2.5,3.0,3.43
R1525,Information Technology,Micro: Fewer than 10 employees,6-10 years,Fewer than 10,Commercial area,Mixed municipal waste,No,Operations department,3,3,3,3,3,3,3,3,2,3,2,3,3,3,2,3,2,4,3,3,3,2,2,3,4,3,4,3,2,4,3,4,2,3,3,2,5,3,3,3,,3,3,,3,3,4,4,1,3,4,2,3,2,4,,4,5,4,4,4,4,3.0,2.67,2.83,2.67,3.33,2.83,3.4,3.4,2.5,4.14,2.96
R1526,Healthcare,Small: 10-49 employees,11-20 years,10-49,Commercial area,Mixed municipal waste,Yes,Operations department,5,5,4,5,4,4,4,4,4,4,4,4,4,5,3,4,3,5,4,3,4,3,4,5,4,3,4,4,4,4,3,4,4,4,4,4,3,4,3,2,5,3,4,3,3,5,4,5,5,4,5,4,5,5,1,3,2,3,2,2,2,2,4.5,4.0,4.0,3.83,3.83,3.83,3.33,4.0,4.67,2.12,4.0
R1527,Manufacturing,Small: 10-49 employees,6-10 years,10-49,Semi-urban area,Paper and cardboard,Yes,Operations department,3,4,4,5,4,4,4,4,4,3,4,4,4,3,4,3,4,3,4,3,4,3,4,3,5,5,5,4,4,3,5,3,3,5,4,4,5,3,4,4,4,4,4,4,5,5,5,5,5,3,5,4,4,3,4,3,3,4,2,2,3,4,4.0,3.83,3.5,3.5,4.33,4.0,4.0,4.67,4.0,3.12,3.98
R1528,Information Technology,Medium: 50-249 employees,Less than 3 years,50-99,Urban area,Food or organic waste,No,Operations department,4,4,4,5,5,5,4,4,5,5,5,5,4,,5,3,3,4,4,4,4,3,3,5,5,3,5,3,4,4,4,4,3,2,2,2,4,3,3,3,3,3,3,4,3,4,3,4,5,4,3,3,3,3,3,3,3,3,3,4,4,3,4.5,4.67,3.8,3.83,4.0,2.83,3.17,3.5,3.5,3.25,3.76
R1529,Manufacturing,Micro: Fewer than 10 employees,Less than 3 years,10-49,Semi-urban area,Paper and cardboard,No,External waste-management agency,4,2,2,2,1,2,3,2,3,3,3,3,3,3,3,2,3,3,3,3,3,3,2,3,3,2,4,2,3,3,3,3,3,4,2,3,3,3,4,3,3,2,3,3,2,4,3,3,4,4,3,4,5,4,4,4,4,4,4,4,5,3,2.17,2.83,2.83,2.83,2.83,3.0,3.0,3.0,4.0,4.0,2.94
R1530,Retail,Small: 10-49 employees,3-5 years,10-49,Semi-urban area,Plastic waste,Under development,Operations department,4,4,3,4,3,3,3,2,3,3,2,3,4,2,3,3,3,3,3,4,4,4,2,3,3,3,4,3,3,2,5,4,2,4,5,5,5,5,4,4,4,5,4,5,5,5,5,5,4,3,4,4,4,3,3,3,3,3,3,1,3,4,3.5,2.67,3.0,3.33,3.0,4.17,4.5,4.83,3.67,2.88,3.63
R1531,Retail,Small: 10-49 employees,11-20 years,50-99,Commercial area,Paper and cardboard,Not sure,External waste-management agency,3,3,3,3,3,1,3,3,3,2,2,3,3,4,3,4,3,4,4,4,5,3,4,3,4,2,3,4,4,3,3,5,5,4,5,3,3,2,3,4,3,3,4,3,4,4,2,4,5,4,4,5,4,5,3,3,2,2,3,2,3,4,2.67,2.67,3.5,3.83,3.33,4.17,3.0,3.5,4.5,2.75,3.46
R1532,Retail,Micro: Fewer than 10 employees,3-5 years,10-49,Commercial area,Plastic waste,No,Operations department,5,4,4,3,5,5,3,4,5,5,4,4,3,3,3,3,3,4,3,2,3,3,4,4,4,5,4,4,3,5,3,3,4,2,3,5,4,4,5,4,3,3,3,3,3,3,3,2,4,5,5,4,4,5,3,4,4,2,3,3,3,4,4.33,4.17,3.17,3.17,4.17,3.33,3.83,2.83,4.5,3.25,3.72
R1533,Manufacturing,Medium: 50-249 employees,3-5 years,10-49,Industrial area,Mixed municipal waste,Under development,Environmental or sustainability department,4,4,5,3,4,4,4,3,4,3,3,3,4,3,5,4,4,5,2,3,3,3,3,3,3,3,3,3,2,4,5,3,3,4,4,4,4,4,,4,4,3,4,4,4,3,3,5,4,4,4,4,4,,2,3,3,4,2,3,2,2,4.0,3.33,4.17,2.83,3.0,3.83,3.8,3.83,4.0,2.62,3.64
R1534,Manufacturing,Micro: Fewer than 10 employees,3-5 years,Fewer than 10,Semi-urban area,Mixed municipal waste,Not sure,External waste-management agency,3,,3,3,3,3,2,1,2,3,2,3,3,2,3,2,4,3,4,5,4,4,4,4,2,4,3,2,3,3,4,3,4,4,2,2,3,4,4,4,3,3,4,3,2,3,2,2,3,3,4,3,4,5,3,3,3,3,2,2,4,3,3.0,2.17,2.83,4.17,2.83,3.17,3.5,2.67,3.67,2.88,3.11
R1535,Manufacturing,Medium: 50-249 employees,11-20 years,50-99,Industrial area,Plastic waste,Yes,Environmental or sustainability department,5,3,3,4,3,5,4,3,4,3,3,5,5,5,4,5,5,5,4,5,4,4,4,3,4,5,4,5,4,5,4,4,3,4,3,3,3,4,4,4,3,4,3,5,4,4,4,3,4,3,3,4,5,4,2,1,2,1,1,1,1,2,3.83,3.67,4.83,4.0,4.5,3.5,3.67,3.83,3.83,1.38,3.96
R1536,Retail,Large: 250 employees or more,6-10 years,100-249,Semi-urban area,Plastic waste,Not sure,Operations department,4,3,4,4,3,3,3,4,4,4,5,3,3,4,2,2,4,3,4,3,3,3,2,2,4,4,2,2,3,2,4,3,2,3,3,3,3,3,4,3,2,3,3,3,3,3,3,3,4,3,3,3,4,3,2,3,2,3,4,4,2,3,3.5,3.83,3.0,2.83,2.83,3.0,3.0,3.0,3.33,2.88,3.15
R1537,Healthcare,Medium: 50-249 employees,6-10 years,50-99,Urban area,Paper and cardboard,Not sure,External waste-management agency,4,3,3,4,4,3,5,4,4,3,3,3,4,4,4,,5,5,3,3,4,3,5,2,3,3,3,3,4,3,5,4,3,5,,4,3,5,5,3,5,,3,4,3,3,3,3,4,3,2,3,3,3,2,2,1,3,2,3,1,3,3.5,3.67,4.4,3.33,3.17,4.2,4.2,3.17,3.0,2.12,3.63
R1538,Healthcare,Medium: 50-249 employees,Less than 3 years,50-99,Urban area,Paper and cardboard,No,External waste-management agency,3,4,3,4,4,4,4,3,4,4,3,2,3,3,3,3,3,3,2,1,2,4,3,2,2,2,2,3,2,2,3,2,3,2,4,3,,2,3,5,4,4,3,4,3,3,3,3,2,3,4,3,2,2,2,3,5,3,4,4,2,2,3.67,3.33,3.0,2.33,2.17,2.83,3.6,3.17,2.67,3.12,2.97
R1539,Manufacturing,Micro: Fewer than 10 employees,Less than 3 years,Fewer than 10,Industrial area,Paper and cardboard,No,External waste-management agency,4,3,2,3,3,4,3,3,3,3,3,4,2,3,2,,2,3,5,4,5,4,4,5,4,3,3,4,4,2,4,4,,4,2,3,3,3,3,2,3,2,3,3,3,3,3,2,3,3,3,3,2,3,3,3,2,2,3,3,3,3,3.17,3.17,2.4,4.5,3.33,3.4,2.67,2.83,2.83,2.75,3.14
R1540,Manufacturing,Large: 250 employees or more,6-10 years,250 or more,Industrial area,Plastic waste,Yes,Facility management team,4,5,5,4,,4,3,3,3,3,3,4,4,5,5,3,4,4,3,4,3,3,2,3,5,5,5,4,5,5,3,4,4,3,4,4,5,5,5,4,5,4,2,2,3,2,4,4,4,4,4,4,3,5,3,3,3,3,2,2,3,3,4.4,3.17,4.17,3.0,4.83,3.67,4.67,2.83,4.0,2.75,3.86
R1541,Healthcare,Small: 10-49 employees,Less than 3 years,10-49,Urban area,Mixed municipal waste,Not sure,Operations department,3,4,4,3,4,5,2,2,3,3,3,2,3,4,3,2,4,4,3,4,3,2,3,2,2,3,2,3,,3,3,3,4,3,4,3,3,4,4,4,4,3,3,2,3,4,3,2,3,3,4,4,4,,3,4,3,2,3,4,4,2,3.83,2.5,3.33,2.83,2.6,3.33,3.67,2.83,3.6,3.12,3.17
R1542,Retail,Micro: Fewer than 10 employees,11-20 years,Fewer than 10,Commercial area,Mixed municipal waste,Under development,Environmental or sustainability department,4,4,3,4,3,4,3,3,3,4,2,3,4,2,4,5,3,4,4,3,4,4,5,3,5,4,5,2,3,3,3,4,4,3,5,3,3,4,3,4,3,4,5,4,4,4,4,4,4,3,3,3,3,3,3,2,2,3,3,3,3,,3.67,3.0,3.67,3.83,3.67,3.67,3.5,4.17,3.17,2.71,3.59
R1543,Information Technology,Large: 250 employees or more,11-20 years,250 or more,Urban area,Paper and cardboard,No,External waste-management agency,4,4,4,4,4,4,4,4,4,4,4,4,4,4,4,4,4,4,4,4,4,4,4,4,4,4,4,4,4,4,4,4,4,,4,4,4,4,4,4,4,4,4,4,4,4,4,4,4,4,4,4,4,4,4,4,4,4,4,4,4,4,4.0,4.0,4.0,4.0,4.0,4.0,4.0,4.0,4.0,4.0,4.0
R1544,Manufacturing,Small: 10-49 employees,6-10 years,Fewer than 10,Commercial area,Food or organic waste,Under development,External waste-management agency,5,4,4,3,3,4,2,2,2,2,3,3,4,3,3,4,3,4,3,3,4,4,3,4,2,3,2,2,2,2,4,2,3,2,3,2,4,4,3,4,3,3,2,3,3,4,3,3,3,2,2,2,3,3,3,3,3,4,3,3,3,3,3.83,2.33,3.5,3.5,2.17,2.67,3.5,3.0,2.5,3.12,3.0
R1545,Manufacturing,Large: 250 employees or more,11-20 years,250 or more,Industrial area,Plastic waste,Yes,Facility management team,4,4,3,4,4,4,4,5,4,3,5,5,3,3,1,4,3,3,5,4,4,4,4,5,3,3,4,4,3,4,3,3,3,3,2,4,,4,4,3,5,3,4,3,4,5,4,5,3,3,4,2,2,3,3,3,4,3,2,3,2,1,3.83,4.33,2.83,4.33,3.5,3.0,3.8,4.17,2.83,2.62,3.62
R1546,Retail,Micro: Fewer than 10 employees,Less than 3 years,Fewer than 10,Industrial area,Plastic waste,No,External waste-management agency,4,5,5,5,5,5,3,3,3,4,3,3,4,3,3,3,4,4,3,3,4,4,4,4,4,4,4,4,3,4,3,3,4,4,3,3,4,4,5,4,4,4,3,3,4,4,4,3,4,4,3,4,4,3,,2,2,1,3,2,3,5,4.83,3.17,3.5,3.67,3.83,3.33,4.17,3.5,3.67,2.57,3.74
R1547,Healthcare,Micro: Fewer than 10 employees,Less than 3 years,10-49,Urban area,Plastic waste,No,External waste-management agency,1,,3,1,3,2,2,2,1,1,2,2,3,3,3,2,3,4,2,3,1,4,3,3,2,2,2,4,2,3,2,2,4,3,4,2,3,2,3,3,2,2,4,4,4,5,5,3,4,3,2,3,5,3,1,4,2,4,4,4,4,3,2.0,1.67,3.0,2.67,2.5,2.83,2.5,4.17,3.33,3.25,2.74
R1548,Retail,Micro: Fewer than 10 employees,11-20 years,Fewer than 10,Commercial area,Plastic waste,No,External waste-management agency,3,3,3,3,3,3,3,3,3,3,3,3,3,3,3,3,3,3,3,3,3,3,3,3,3,3,3,3,3,3,3,3,3,3,3,3,3,3,3,3,3,3,3,3,3,3,3,3,3,3,3,3,3,3,3,3,3,3,3,3,3,3,3.0,3.0,3.0,3.0,3.0,3.0,3.0,3.0,3.0,3.0,3.0
R1549,Manufacturing,Large: 250 employees or more,6-10 years,250 or more,Semi-urban area,Paper and cardboard,Under development,External waste-management agency,3,5,4,4,4,3,4,4,3,3,4,4,5,3,5,4,4,5,3,4,4,4,3,5,3,5,4,2,4,5,2,4,3,4,4,4,3,3,3,3,2,4,3,4,4,4,4,4,3,2,4,3,3,2,4,4,3,4,4,3,5,3,3.83,3.67,4.33,3.83,3.83,3.5,3.0,3.83,2.83,3.75,3.63
R1550,Manufacturing,Medium: 50-249 employees,3-5 years,50-99,Industrial area,Plastic waste,Not sure,Operations department,3,4,4,3,4,3,4,4,5,5,5,4,4,2,3,3,4,2,4,5,4,3,4,4,4,5,5,4,5,4,3,3,3,2,3,3,3,2,3,4,3,3,,4,4,3,5,5,3,4,3,1,,3,4,4,3,4,4,4,4,5,3.5,4.5,3.0,4.0,4.5,2.83,3.0,4.2,2.8,4.0,3.59
R1551,Healthcare,Small: 10-49 employees,Less than 3 years,10-49,Semi-urban area,Mixed municipal waste,No,External waste-management agency,3,4,4,2,4,4,2,2,2,3,1,2,,3,3,3,2,3,2,2,2,3,3,3,4,4,3,2,2,3,3,3,3,3,3,2,3,4,3,3,3,3,3,3,3,3,3,2,3,2,2,3,2,1,2,3,3,5,4,5,4,3,3.5,2.0,2.8,2.5,3.0,2.83,3.17,2.83,2.17,3.62,2.76
R1552,Manufacturing,Large: 250 employees or more,11-20 years,250 or more,Semi-urban area,Food or organic waste,No,Operations department,2,3,3,3,4,3,4,3,4,4,5,4,5,2,2,3,3,2,3,3,4,4,4,2,2,3,2,3,1,2,3,3,4,2,3,3,2,3,2,4,2,4,4,3,4,4,4,4,3,3,2,3,,2,3,3,3,5,3,3,3,4,3.0,4.0,2.83,3.33,2.17,3.0,2.83,3.83,2.6,3.38,3.07
R1553,Healthcare,Medium: 50-249 employees,3-5 years,100-249,Semi-urban area,Paper and cardboard,No,Facility management team,4,3,3,2,2,3,2,4,3,4,3,3,4,5,5,4,4,4,4,4,3,3,3,4,3,2,3,3,2,3,4,2,3,3,4,4,3,4,4,3,,3,4,3,2,4,4,2,4,4,3,5,4,4,5,5,5,4,5,5,5,5,2.83,3.17,4.33,3.5,2.67,3.33,3.4,3.17,4.0,4.88,3.38
R1554,Manufacturing,Medium: 50-249 employees,Less than 3 years,50-99,Industrial area,Mixed municipal waste,Under development,Operations department,3,3,3,2,2,2,3,3,3,3,3,4,2,4,4,2,,3,4,3,4,3,4,3,3,3,3,2,4,2,2,2,2,2,2,,1,3,2,2,2,2,3,2,2,3,4,3,2,,3,2,2,2,1,2,2,2,3,1,2,3,2.5,3.17,3.0,3.5,2.83,2.0,2.0,2.83,2.2,2.0,2.67
R1555,Retail,Micro: Fewer than 10 employees,Less than 3 years,Fewer than 10,Urban area,Plastic waste,No,External waste-management agency,1,2,2,2,2,,3,4,3,3,3,2,4,3,4,4,5,4,2,3,3,3,3,3,3,2,3,3,3,2,4,4,3,2,2,2,3,2,3,3,3,4,3,3,3,3,3,3,3,3,4,4,3,4,3,4,2,3,3,5,3,5,1.8,3.0,4.0,2.83,2.67,2.83,3.0,3.0,3.5,3.5,2.96
R1556,Manufacturing,Micro: Fewer than 10 employees,Less than 3 years,Fewer than 10,Urban area,Paper and cardboard,No,External waste-management agency,2,4,4,4,2,3,3,4,4,3,3,4,4,3,4,4,3,2,3,3,3,3,4,3,2,2,2,3,3,2,3,2,4,3,3,3,3,2,2,4,3,3,3,4,3,3,4,3,4,3,3,3,4,3,4,4,4,5,3,4,4,4,3.17,3.5,3.33,3.17,2.33,3.0,2.83,3.33,3.33,4.0,3.11
R1557,Hospitality/Services,Micro: Fewer than 10 employees,3-5 years,Fewer than 10,Urban area,Plastic waste,Not sure,External waste-management agency,3,3,2,2,2,3,2,3,1,3,2,2,3,3,2,3,3,2,3,4,3,2,3,4,2,3,4,3,3,4,3,4,4,5,3,4,3,3,3,4,4,3,4,4,4,4,5,4,3,4,2,3,4,3,2,2,5,4,5,4,4,5,2.5,2.17,2.67,3.17,3.17,3.83,3.33,4.17,3.17,3.88,3.13
R1558,Manufacturing,Large: 250 employees or more,6-10 years,250 or more,Industrial area,Mixed municipal waste,Under development,Environmental or sustainability department,3,4,2,3,3,5,4,4,3,3,3,3,4,4,5,5,4,4,3,3,4,3,5,3,4,4,5,3,3,4,5,4,5,4,5,4,4,3,3,2,3,4,4,5,5,4,4,3,4,5,5,4,3,4,2,2,2,3,2,2,1,3,3.33,3.33,4.33,3.5,3.83,4.5,3.17,4.17,4.17,2.12,3.81
R1559,Manufacturing,Medium: 50-249 employees,6-10 years,100-249,Semi-urban area,Plastic waste,Under development,Facility management team,2,2,2,2,2,2,2,2,2,2,2,2,2,2,2,2,2,2,2,2,2,2,2,2,2,2,2,2,2,2,2,2,2,2,2,2,2,2,2,2,2,2,2,2,2,2,2,2,2,2,2,2,2,2,2,2,2,2,2,2,2,2,2.0,2.0,2.0,2.0,2.0,2.0,2.0,2.0,2.0,2.0,2.0
R1560,Information Technology,Micro: Fewer than 10 employees,6-10 years,Fewer than 10,Semi-urban area,Plastic waste,Under development,External waste-management agency,4,2,3,3,3,3,4,5,4,3,4,4,3,3,4,3,2,2,4,5,4,4,3,4,4,3,3,4,3,2,3,2,2,3,2,2,3,3,4,3,3,3,3,3,4,4,3,3,4,5,5,4,5,5,3,3,2,2,2,3,4,2,3.0,4.0,2.83,4.0,3.17,2.33,3.17,3.33,4.67,2.62,3.39
R1561,Manufacturing,Small: 10-49 employees,3-5 years,10-49,Industrial area,Food or organic waste,No,Operations department,3,,3,1,3,3,4,4,3,5,5,4,3,4,4,5,3,3,3,3,3,4,2,3,3,4,3,3,4,5,4,3,3,3,3,3,3,3,1,4,4,3,3,4,2,1,3,3,3,2,3,3,3,2,3,3,3,3,3,4,2,2,2.6,4.17,3.67,3.0,3.67,3.17,3.0,2.67,2.67,2.88,3.18
R1562,Manufacturing,Micro: Fewer than 10 employees,11-20 years,Fewer than 10,Semi-urban area,Mixed municipal waste,Under development,External waste-management agency,4,3,5,4,3,4,3,3,4,4,4,4,,4,4,4,4,5,3,3,3,3,2,2,4,4,4,4,3,4,3,2,3,4,3,3,4,4,5,4,3,4,4,4,3,3,3,4,4,3,2,4,4,4,3,4,4,4,3,3,3,3,3.83,3.67,4.2,2.67,3.83,3.0,4.0,3.5,3.5,3.38,3.58
R1563,Manufacturing,Small: 10-49 employees,Less than 3 years,10-49,Industrial area,Plastic waste,No,External waste-management agency,3,2,2,3,2,3,2,4,2,2,3,2,3,3,3,2,3,2,3,5,4,3,3,4,3,4,3,4,4,5,4,4,5,3,4,3,4,4,3,3,4,4,3,2,3,3,3,3,3,3,3,3,3,2,3,3,1,3,2,2,2,3,2.5,2.5,2.67,3.67,3.83,3.83,3.67,2.83,2.83,2.38,3.15
R1564,Healthcare,Micro: Fewer than 10 employees,11-20 years,Fewer than 10,Urban area,Paper and cardboard,Not sure,External waste-management agency,3,3,4,3,5,2,3,4,4,3,2,3,3,3,3,4,3,2,4,3,3,3,4,3,2,4,3,3,2,3,2,3,4,4,3,3,3,3,3,3,4,2,5,3,4,3,4,3,4,4,3,4,4,3,2,4,3,3,3,3,3,4,3.33,3.17,3.0,3.33,2.83,3.17,3.0,3.67,3.67,3.12,3.24
R1565,Retail,Small: 10-49 employees,Less than 3 years,10-49,Urban area,Mixed municipal waste,Not sure,Operations department,2,3,3,3,4,3,3,4,3,3,2,4,3,,3,3,2,4,3,4,3,3,3,2,4,3,3,4,4,3,4,1,3,3,3,3,4,3,4,2,3,3,4,3,5,3,4,,3,2,2,4,3,4,3,3,4,4,4,3,4,5,3.0,3.17,3.0,3.0,3.5,2.83,3.17,3.8,3.0,3.75,3.16
R1566,Information Technology,Small: 10-49 employees,Less than 3 years,50-99,Urban area,Paper and cardboard,Not sure,Operations department,4,3,3,4,3,4,2,1,3,5,2,3,3,3,3,3,3,3,2,2,2,4,2,3,3,2,3,3,2,3,2,3,2,4,3,3,4,3,3,4,2,4,3,3,3,5,3,3,3,3,3,4,3,4,4,4,,4,4,4,3,4,3.5,2.67,3.0,2.5,2.67,2.83,3.33,3.33,3.33,3.86,3.02
R1567,Information Technology,Large: 250 employees or more,Less than 3 years,100-249,Semi-urban area,Plastic waste,No,Facility management team,4,3,4,3,4,4,4,3,3,3,2,3,2,3,2,2,2,3,3,2,3,3,2,3,3,4,2,5,4,4,5,4,4,4,4,3,3,3,3,5,2,4,2,2,3,2,1,1,3,3,3,4,2,4,4,3,4,4,2,4,4,3,3.67,3.0,2.33,2.67,3.67,4.0,3.33,1.83,3.17,3.5,3.07
R1568,Retail,Large: 250 employees or more,3-5 years,100-249,Industrial area,Food or organic waste,Not sure,Facility management team,2,4,4,4,4,4,4,4,3,3,4,4,2,3,2,2,2,3,4,4,3,3,3,4,2,4,2,4,3,3,4,3,2,4,3,3,3,4,3,5,4,3,4,4,5,4,5,4,4,3,3,3,4,4,4,4,4,5,4,4,5,4,3.67,3.67,2.33,3.5,3.0,3.17,3.67,4.33,3.5,4.25,3.43
R1569,Manufacturing,Medium: 50-249 employees,Less than 3 years,50-99,Industrial area,Paper and cardboard,Not sure,Operations department,4,4,3,4,5,4,3,3,4,4,4,4,5,4,,3,3,5,5,3,3,5,4,5,3,4,4,4,4,3,3,4,2,4,3,3,4,3,3,3,3,4,4,4,3,4,4,4,5,5,4,4,4,4,4,4,2,4,4,3,4,4,4.0,3.67,4.0,4.17,3.67,3.17,3.33,3.83,4.33,3.62,3.8
R1570,Information Technology,Small: 10-49 employees,Less than 3 years,50-99,Urban area,Mixed municipal waste,No,External waste-management agency,2,2,3,2,2,3,2,2,2,2,2,3,3,2,4,3,3,3,3,3,2,2,2,2,2,3,3,3,2,2,3,3,3,3,3,3,3,3,2,4,,3,3,3,3,3,3,3,2,4,3,2,3,2,4,3,4,2,3,3,3,5,2.33,2.17,3.0,2.33,2.5,3.0,3.0,3.0,2.67,3.38,2.67
R1571,Information Technology,Micro: Fewer than 10 employees,Less than 3 years,Fewer than 10,Urban area,Paper and cardboard,No,Facility management team,3,4,2,4,4,3,4,4,4,4,4,5,3,4,3,4,4,4,5,5,5,4,4,5,3,5,4,3,4,3,3,3,2,3,3,3,4,2,3,4,4,4,4,4,3,3,3,3,3,2,3,3,3,3,3,4,4,4,2,4,3,3,3.33,4.17,3.67,4.67,3.67,2.83,3.5,3.33,2.83,3.38,3.56
R1572,Information Technology,Micro: Fewer than 10 employees,6-10 years,Fewer than 10,Urban area,Mixed municipal waste,No,Operations department,4,5,3,3,2,3,4,3,3,4,5,4,3,3,4,4,4,4,4,4,4,5,4,4,4,3,4,4,4,5,4,4,3,2,3,5,4,3,5,4,3,4,3,3,2,3,4,3,4,3,3,2,4,4,3,2,3,1,3,3,3,4,3.33,3.83,3.67,4.17,4.0,3.5,3.83,3.0,3.33,2.75,3.63
R1573,Manufacturing,Medium: 50-249 employees,Less than 3 years,100-249,Industrial area,Plastic waste,Yes,Environmental or sustainability department,5,3,4,4,3,5,5,4,5,5,5,5,2,4,4,3,4,4,3,4,3,3,3,4,3,3,3,3,4,4,2,3,3,3,2,3,4,3,4,3,3,2,4,3,2,2,3,4,2,3,2,3,3,3,3,3,3,3,2,3,2,1,4.0,4.83,3.5,3.33,3.33,2.67,3.17,3.0,2.67,2.5,3.39
R1574,Healthcare,Micro: Fewer than 10 employees,3-5 years,Fewer than 10,Urban area,Mixed municipal waste,Under development,Facility management team,3,4,4,4,3,3,3,4,3,3,4,4,4,2,4,3,4,3,2,3,3,3,3,4,3,3,2,3,1,2,3,4,3,3,4,3,4,3,3,3,4,4,3,3,2,2,3,3,4,3,4,3,4,3,2,5,5,4,4,3,4,5,3.5,3.5,3.33,3.0,2.33,3.33,3.5,2.67,3.5,4.0,3.18
R1575,Information Technology,Micro: Fewer than 10 employees,3-5 years,Fewer than 10,Urban area,Plastic waste,No,External waste-management agency,4,4,3,4,4,3,3,4,3,3,3,3,2,2,2,2,3,3,3,3,4,2,3,3,4,2,3,3,2,3,3,4,3,4,3,3,2,3,3,3,3,4,3,4,3,3,4,3,1,4,3,3,2,3,3,3,2,4,5,4,3,3,3.67,3.17,2.33,3.0,2.83,3.33,3.0,3.33,2.67,3.38,3.04
R1576,Hospitality/Services,Micro: Fewer than 10 employees,11-20 years,Fewer than 10,Urban area,Paper and cardboard,No,External waste-management agency,3,3,,2,2,2,2,2,3,3,2,2,2,4,3,3,3,4,4,3,5,4,3,4,4,3,3,4,3,2,4,3,3,3,4,3,,2,2,2,2,3,1,3,2,3,3,3,2,2,2,3,3,3,2,3,4,3,4,4,,3,2.4,2.33,3.17,3.83,3.17,3.33,2.2,2.5,2.5,3.29,2.83
R1577,Manufacturing,Medium: 50-249 employees,Less than 3 years,50-99,Semi-urban area,Mixed municipal waste,No,External waste-management agency,2,4,3,2,3,3,3,2,3,3,,4,4,3,4,4,4,4,3,4,4,4,3,4,4,5,4,4,5,4,3,3,4,2,3,3,4,3,4,5,3,2,3,4,5,4,4,4,4,3,3,2,3,3,3,2,4,3,3,3,3,2,2.83,3.0,3.83,3.67,4.33,3.0,3.5,4.0,3.0,2.88,3.46
R1578,Information Technology,Small: 10-49 employees,6-10 years,10-49,Industrial area,Paper and cardboard,Yes,Environmental or sustainability department,4,5,5,5,4,3,4,5,5,4,5,5,5,4,5,5,4,4,4,4,5,4,4,4,3,3,4,3,4,5,5,4,5,4,5,5,4,4,4,4,5,4,3,3,3,4,3,3,3,3,4,3,3,3,3,2,4,3,3,2,3,3,4.33,4.67,4.5,4.17,3.67,4.67,4.17,3.17,3.17,2.88,4.06
R1579,Healthcare,Micro: Fewer than 10 employees,Less than 3 years,Fewer than 10,Urban area,Mixed municipal waste,No,External waste-management agency,3,2,3,2,2,2,2,1,2,1,2,2,3,3,4,3,3,4,4,3,3,4,3,3,2,3,3,2,3,3,2,1,2,2,2,3,3,2,3,3,4,3,1,2,2,1,1,2,3,3,2,4,3,2,3,3,3,2,3,4,3,3,2.33,1.67,3.33,3.33,2.67,2.0,3.0,1.5,2.83,3.0,2.52
R1580,Information Technology,Medium: 50-249 employees,3-5 years,50-99,Urban area,Mixed municipal waste,Yes,Operations department,5,3,4,5,3,4,4,4,3,4,4,3,5,3,4,4,4,3,3,2,2,3,3,3,4,4,5,3,3,5,4,4,4,4,4,3,4,3,3,4,3,4,3,2,3,3,2,3,3,4,5,4,3,4,2,3,4,1,3,3,2,4,4.0,3.67,3.83,2.67,4.0,3.83,3.5,2.67,3.83,2.75,3.56
R1581,Healthcare,Large: 250 employees or more,6-10 years,250 or more,Urban area,Paper and cardboard,Under development,Operations department,5,5,4,5,4,4,4,3,5,4,5,4,3,4,4,3,4,3,4,4,5,4,4,4,4,4,4,4,5,4,4,3,3,4,4,4,4,4,4,5,3,4,3,3,5,3,4,4,5,4,4,5,3,,3,4,3,5,3,2,4,2,4.5,4.17,3.5,4.17,4.17,3.67,4.0,3.67,4.2,3.25,4.01
R1582,Information Technology,Small: 10-49 employees,6-10 years,10-49,Urban area,Plastic waste,Not sure,Operations department,5,4,4,3,4,5,3,5,3,4,4,3,3,3,4,3,3,4,3,4,3,4,3,4,4,2,2,4,3,4,2,1,2,2,2,2,3,4,3,3,1,3,4,5,3,2,3,3,3,3,4,4,3,4,3,3,4,3,4,3,3,3,4.17,3.67,3.33,3.5,3.17,1.83,2.83,3.33,3.5,3.25,3.26
R1583,Retail,Small: 10-49 employees,6-10 years,10-49,Commercial area,Paper and cardboard,Not sure,Operations department,2,2,4,3,3,4,3,4,3,3,3,4,5,4,4,4,4,4,3,5,3,3,5,3,5,4,4,3,4,4,5,2,1,4,3,2,4,5,4,4,4,4,2,3,3,3,3,3,4,5,4,4,4,4,3,2,2,3,2,1,2,2,3.0,3.33,4.17,3.67,4.0,2.83,4.17,2.83,4.17,2.12,3.57
R1584,Manufacturing,Small: 10-49 employees,11-20 years,10-49,Urban area,Plastic waste,No,Operations department,1,2,2,2,2,2,3,2,3,3,3,3,2,3,3,2,3,2,3,2,3,1,2,2,3,1,3,3,3,1,5,5,5,5,4,5,3,3,3,1,3,2,4,3,3,3,3,3,3,4,3,4,2,3,3,4,3,4,5,4,3,3,1.83,2.83,2.5,2.17,2.33,4.83,2.5,3.17,3.17,3.62,2.81
R1585,Retail,Micro: Fewer than 10 employees,6-10 years,Fewer than 10,Urban area,Plastic waste,Not sure,Operations department,4,3,4,4,4,5,3,3,3,3,3,3,4,4,4,,5,3,3,3,3,4,4,3,3,3,3,4,4,3,3,5,5,3,4,4,3,4,4,3,3,2,4,4,4,3,3,2,3,5,4,3,3,4,2,3,3,2,2,2,2,1,4.0,3.0,4.0,3.33,3.33,4.0,3.17,3.33,3.67,2.12,3.54
R1586,Information Technology,Small: 10-49 employees,Less than 3 years,10-49,Commercial area,Paper and cardboard,No,External waste-management agency,4,3,2,2,3,3,4,4,4,4,4,3,3,1,4,3,2,2,4,2,3,3,3,3,2,2,2,2,4,3,2,2,3,5,3,3,4,4,4,4,3,3,3,3,2,3,3,3,3,3,3,3,3,2,5,5,4,4,5,5,4,5,2.83,3.83,2.5,3.0,2.5,3.0,3.67,2.83,2.83,4.62,3.0
R1587,Manufacturing,Micro: Fewer than 10 employees,Less than 3 years,Fewer than 10,Industrial area,Plastic waste,No,External waste-management agency,3,3,2,2,2,1,4,2,3,3,,5,3,4,3,2,3,3,2,3,2,2,3,3,1,2,3,3,2,3,3,3,2,3,2,2,3,2,2,4,2,3,3,3,3,3,3,2,3,3,3,2,3,4,4,4,5,3,4,5,4,5,2.17,3.4,3.0,2.5,2.33,2.5,2.67,2.83,3.0,4.25,2.71
R1588,Healthcare,Large: 250 employees or more,6-10 years,250 or more,Commercial area,Paper and cardboard,Yes,Environmental or sustainability department,3,4,3,2,3,3,4,4,4,5,4,4,4,4,4,4,3,3,3,4,4,5,4,3,4,4,5,3,4,2,4,3,5,4,5,4,4,3,4,4,3,4,5,3,2,3,3,4,4,4,4,4,4,3,2,2,3,4,2,3,2,4,3.0,4.17,3.67,3.83,3.67,4.17,3.67,3.33,3.83,2.75,3.7
R1589,Hospitality/Services,Micro: Fewer than 10 employees,6-10 years,Fewer than 10,Semi-urban area,Food or organic waste,Under development,Operations department,2,2,2,2,2,2,2,2,2,2,2,2,2,2,2,2,2,2,2,2,2,2,2,2,2,2,2,2,2,2,2,2,2,2,2,2,2,2,2,2,2,2,2,2,2,2,2,2,2,2,2,2,2,2,2,2,2,2,2,2,2,2,2.0,2.0,2.0,2.0,2.0,2.0,2.0,2.0,2.0,2.0,2.0
R1590,Information Technology,Small: 10-49 employees,Less than 3 years,Fewer than 10,Urban area,Plastic waste,Not sure,External waste-management agency,4,4,3,3,3,3,3,2,3,4,3,2,3,3,4,3,4,3,3,3,2,4,3,3,2,4,3,3,4,3,4,2,2,3,1,3,4,2,3,3,3,3,3,2,5,3,3,3,3,4,4,4,5,4,4,5,3,3,4,3,4,3,3.33,2.83,3.33,3.0,3.17,2.5,3.0,3.17,4.0,3.62,3.15
R1591,Healthcare,Micro: Fewer than 10 employees,Less than 3 years,Fewer than 10,Semi-urban area,Mixed municipal waste,Not sure,Operations department,4,3,2,3,2,3,4,4,4,4,3,3,4,4,3,3,3,3,2,4,2,2,3,2,4,,3,3,4,3,4,2,3,4,3,3,3,4,3,3,4,4,3,4,4,4,2,4,2,3,2,2,3,3,3,5,3,3,4,3,4,,2.83,3.67,3.33,2.5,3.4,3.17,3.5,3.5,2.5,3.57,3.16
R1592,Information Technology,Small: 10-49 employees,Less than 3 years,Fewer than 10,Urban area,Paper and cardboard,No,Operations department,1,3,3,2,3,1,3,3,2,2,4,2,4,4,3,3,4,5,3,3,2,3,3,2,2,2,3,4,3,3,3,3,4,3,2,3,2,2,3,2,3,2,3,4,4,5,3,3,3,1,2,2,1,1,4,2,2,3,2,3,2,3,2.17,2.67,3.83,2.67,2.83,3.0,2.33,3.67,1.67,2.62,2.76
R1593,Manufacturing,Medium: 50-249 employees,6-10 years,100-249,Industrial area,Plastic waste,Under development,Operations department,4,4,4,4,5,5,4,4,3,4,3,4,3,3,3,,4,3,3,4,3,4,4,4,3,2,4,4,3,3,3,4,3,4,3,3,3,3,2,3,2,4,4,5,3,3,3,2,3,3,2,2,3,3,5,4,4,3,5,4,4,3,4.33,3.67,3.2,3.67,3.17,3.33,2.83,3.33,2.67,4.0,3.36
R1594,Retail,Small: 10-49 employees,6-10 years,Fewer than 10,Semi-urban area,Plastic waste,No,Operations department,5,4,4,4,4,4,4,3,3,3,4,3,3,3,3,3,3,4,3,2,3,2,3,3,2,2,2,2,3,2,2,3,3,4,3,3,3,3,3,5,3,3,3,4,4,3,,4,3,2,4,3,2,2,3,3,4,4,4,3,2,3,4.17,3.33,3.17,2.67,2.17,3.0,3.33,3.6,2.67,3.25,3.12
R1595,Retail,Large: 250 employees or more,11-20 years,250 or more,Semi-urban area,Plastic waste,Under development,Environmental or sustainability department,4,4,4,4,4,4,3,3,4,4,4,4,4,4,3,3,3,2,3,4,4,4,3,3,3,4,3,4,3,3,4,4,3,4,5,3,3,3,3,2,3,4,4,4,4,3,4,4,3,4,4,4,5,3,3,3,4,3,3,3,2,2,4.0,3.67,3.17,3.5,3.33,3.83,3.0,3.83,3.83,2.88,3.57
R1596,Information Technology,Small: 10-49 employees,11-20 years,10-49,Commercial area,Paper and cardboard,Under development,External waste-management agency,3,3,3,3,2,3,5,4,5,3,,3,4,4,4,,4,4,,3,4,4,3,3,5,5,5,5,4,5,3,4,4,5,4,5,3,4,4,3,4,3,4,3,4,4,4,3,4,4,4,4,4,5,3,1,,2,2,2,2,1,2.83,4.0,4.0,3.4,4.83,4.17,3.5,3.67,4.17,1.86,3.84
R1597,Manufacturing,Large: 250 employees or more,6-10 years,100-249,Industrial area,Plastic waste,Under development,Environmental or sustainability department,4,4,3,3,3,3,3,3,3,3,3,2,4,3,4,4,4,5,4,4,3,3,4,4,4,3,4,3,4,4,3,3,4,3,3,3,4,3,3,3,3,3,1,2,3,3,4,3,1,2,1,3,2,4,4,5,4,3,5,5,3,3,3.33,2.83,4.0,3.67,3.67,3.17,3.17,2.67,2.17,4.0,3.19
R1598,Manufacturing,Medium: 50-249 employees,11-20 years,100-249,Industrial area,Paper and cardboard,Under development,Operations department,3,3,4,3,4,3,3,3,4,4,4,4,3,4,2,4,4,3,5,5,4,4,4,3,5,4,5,3,5,5,2,3,3,3,3,3,3,4,4,3,3,3,4,4,4,4,5,3,2,2,4,4,4,3,2,2,4,4,3,3,3,4,3.33,3.67,3.33,4.17,4.5,2.83,3.33,4.0,3.17,3.12,3.59
R1599,Healthcare,Large: 250 employees or more,6-10 years,100-249,Urban area,Mixed municipal waste,Yes,Environmental or sustainability department,5,4,5,4,5,4,5,5,5,5,5,5,4,5,4,3,4,3,4,5,5,5,4,5,3,4,3,4,4,4,5,5,4,4,4,3,4,5,3,4,4,3,4,3,3,3,3,3,5,4,5,4,4,4,3,4,3,4,1,3,3,3,4.5,5.0,3.83,4.67,3.67,4.17,3.83,3.17,4.33,3.0,4.13
R1600,Retail,Micro: Fewer than 10 employees,Less than 3 years,Fewer than 10,Semi-urban area,Mixed municipal waste,Not sure,External waste-management agency,3,3,4,4,3,3,4,3,3,4,4,3,2,3,3,3,2,2,4,3,3,3,3,3,3,3,2,3,2,3,3,3,2,3,2,2,3,3,3,4,3,4,5,4,3,4,4,3,1,1,3,2,2,2,4,2,3,1,2,4,2,3,3.33,3.5,2.5,3.17,2.67,2.5,3.33,3.83,1.83,2.62,2.96
R1601,Information Technology,Large: 250 employees or more,6-10 years,100-249,Urban area,Food or organic waste,Not sure,Operations department,3,3,3,3,2,3,3,2,4,3,4,3,5,3,3,3,2,2,3,5,3,2,3,3,2,3,3,2,3,3,4,,4,4,5,3,4,3,4,4,3,3,4,4,3,3,4,4,4,4,4,5,3,4,3,3,2,4,2,3,2,4,2.83,3.17,3.0,3.17,2.67,4.0,3.5,3.67,4.0,2.88,3.33
R1602,Retail,Small: 10-49 employees,3-5 years,10-49,Urban area,Paper and cardboard,Yes,Operations department,3,4,3,4,4,4,3,4,5,4,4,4,3,3,4,5,5,5,5,5,5,5,5,5,3,5,4,4,3,3,3,4,5,3,3,4,4,4,5,4,4,3,5,4,4,3,4,4,4,5,3,4,4,3,3,3,5,3,2,,3,3,3.67,4.0,4.17,5.0,3.67,3.67,4.0,4.0,3.83,3.14,4.0
R1603,Information Technology,Large: 250 employees or more,11-20 years,250 or more,Commercial area,Mixed municipal waste,Yes,Environmental or sustainability department,4,4,4,3,3,5,4,3,3,4,4,5,4,4,4,3,5,3,2,4,2,3,3,3,4,5,3,4,4,4,5,4,4,5,3,4,4,4,4,5,4,4,5,5,5,5,5,5,4,3,,4,4,4,2,3,3,4,2,3,3,4,3.83,3.83,3.83,2.83,4.0,4.17,4.17,5.0,3.8,3.0,3.94
R1604,Retail,Micro: Fewer than 10 employees,Less than 3 years,Fewer than 10,Urban area,Plastic waste,No,External waste-management agency,,1,3,2,2,3,3,4,4,3,3,3,3,3,3,3,3,4,4,4,4,4,3,4,,3,3,3,4,4,3,3,1,2,2,2,4,4,4,5,4,4,3,3,3,3,3,3,3,3,4,3,3,5,3,3,4,4,3,4,3,3,2.2,3.33,3.17,3.83,3.4,2.17,4.17,3.0,3.5,3.38,3.2
R1605,Information Technology,Large: 250 employees or more,6-10 years,250 or more,Urban area,Food or organic waste,Not sure,Operations department,3,3,3,3,3,3,4,4,4,3,3,4,4,4,4,4,5,4,4,3,3,3,4,4,3,,3,3,4,3,2,2,1,2,3,2,4,3,3,5,4,4,3,3,2,2,3,2,4,2,4,4,4,4,2,4,4,5,4,3,3,4,3.0,3.67,4.17,3.5,3.2,2.0,3.83,2.5,3.67,3.62,3.28
R1606,Information Technology,Large: 250 employees or more,11-20 years,250 or more,Commercial area,Mixed municipal waste,Yes,Facility management team,4,,5,5,5,4,3,4,3,3,4,3,3,4,3,3,5,4,4,4,3,5,2,5,4,4,3,4,5,4,4,5,4,4,4,4,3,3,4,4,3,4,4,3,4,4,4,3,5,5,4,3,4,4,4,2,3,,1,2,4,2,4.6,3.33,3.67,3.83,4.0,4.17,3.5,3.67,4.17,2.57,3.88
R1607,Manufacturing,Small: 10-49 employees,11-20 years,50-99,Industrial area,Mixed municipal waste,Not sure,Facility management team,4,4,3,3,3,4,4,4,4,3,4,3,3,3,3,3,4,3,3,3,2,2,2,4,2,4,3,4,3,3,4,3,2,3,2,3,4,3,2,3,3,3,3,3,4,4,3,4,3,4,4,4,3,3,3,2,2,,1,2,2,3,3.5,3.67,3.17,2.67,3.17,2.83,3.0,3.5,3.5,2.14,3.22
R1608,Retail,Medium: 50-249 employees,6-10 years,50-99,Urban area,Plastic waste,Under development,Environmental or sustainability department,2,4,4,3,4,3,4,3,4,3,4,4,4,3,3,4,4,4,,4,4,3,4,4,3,2,3,3,3,3,2,3,2,3,3,2,3,4,3,4,3,4,3,3,3,2,2,3,3,4,3,2,3,3,2,2,2,4,2,3,2,3,3.33,3.67,3.67,3.8,2.83,2.5,3.5,2.67,3.0,2.5,3.22
R1609,Information Technology,Medium: 50-249 employees,3-5 years,50-99,Urban area,Mixed municipal waste,Not sure,External waste-management agency,4,3,4,3,4,4,4,3,4,4,4,4,2,2,4,3,3,3,4,3,3,3,3,4,5,3,3,3,2,3,,3,3,3,,3,4,3,1,3,4,3,3,4,4,,3,4,3,3,3,3,4,3,3,2,3,3,3,3,3,3,3.67,3.83,2.83,3.33,3.17,3.0,3.0,3.6,3.17,2.88,3.29
R1610,Manufacturing,Small: 10-49 employees,3-5 years,10-49,Industrial area,Plastic waste,No,Environmental or sustainability department,5,3,5,4,2,4,3,3,5,3,4,4,3,4,3,3,4,3,2,3,2,3,3,2,4,4,5,4,4,5,4,3,5,4,4,5,3,3,4,4,4,4,3,3,3,3,2,3,3,3,2,2,3,3,3,2,3,4,,3,3,1,3.83,3.67,3.33,2.5,4.33,4.17,3.67,2.83,2.67,2.71,3.44
R1611,Healthcare,Large: 250 employees or more,3-5 years,100-249,Urban area,Food or organic waste,Under development,Facility management team,4,3,4,3,4,5,4,4,4,3,4,4,5,4,5,4,3,2,3,2,3,4,3,3,3,4,4,4,4,4,3,3,4,4,4,3,4,4,4,5,4,5,4,3,4,4,5,5,4,4,3,5,3,4,3,4,2,2,3,3,2,3,3.83,3.83,3.83,3.0,3.83,3.5,4.33,4.17,3.83,2.75,3.79
R1612,Manufacturing,Medium: 50-249 employees,3-5 years,50-99,Urban area,Plastic waste,No,Operations department,3,4,2,3,3,3,4,,4,3,4,3,4,2,3,3,3,4,3,2,3,4,4,3,4,4,3,2,3,3,4,3,2,3,4,4,3,4,4,3,3,,3,4,3,4,3,3,3,,4,3,4,4,3,3,4,3,3,3,4,3,3.0,3.6,3.17,3.17,3.17,3.33,3.4,3.33,3.6,3.25,3.31
R1613,Information Technology,Medium: 50-249 employees,11-20 years,50-99,Urban area,Paper and cardboard,Not sure,Operations department,4,3,4,3,2,3,3,3,3,2,3,2,4,4,5,3,3,5,3,3,3,4,3,2,3,2,3,3,4,4,4,2,4,3,3,3,4,4,3,4,4,4,3,3,3,3,3,3,3,4,3,3,3,3,5,5,2,4,4,3,4,4,3.17,2.67,4.0,3.0,3.17,3.17,3.83,3.0,3.17,3.88,3.24
R1614,Manufacturing,Medium: 50-249 employees,6-10 years,50-99,Industrial area,Plastic waste,Under development,Operations department,5,4,3,4,3,4,4,3,3,3,3,4,3,4,4,3,2,2,2,3,2,3,2,4,4,5,5,4,4,4,,4,5,5,4,5,3,4,4,3,3,3,4,4,4,4,3,4,3,4,4,3,4,4,4,2,3,3,3,3,3,2,3.83,3.33,3.0,2.67,4.33,4.6,3.33,3.83,3.67,2.88,3.62
R1615,Healthcare,Small: 10-49 employees,6-10 years,10-49,Industrial area,Paper and cardboard,No,Operations department,3,2,2,2,2,2,3,3,3,4,4,3,3,2,3,4,3,4,3,3,4,3,3,4,3,3,3,3,3,4,3,2,2,3,2,1,3,3,4,5,3,4,4,4,3,4,3,3,3,4,2,4,4,3,5,3,4,4,4,3,4,3,2.17,3.33,3.17,3.33,3.17,2.17,3.67,3.5,3.33,3.75,3.09
R1616,Healthcare,Medium: 50-249 employees,3-5 years,100-249,Industrial area,Mixed municipal waste,Under development,Operations department,4,5,5,5,4,5,3,3,3,3,3,3,3,3,4,4,4,4,5,4,5,5,4,4,3,3,4,5,4,4,3,5,4,4,3,2,4,3,4,2,5,4,5,3,4,3,2,2,4,4,4,4,4,4,3,3,3,3,3,3,3,3,4.67,3.0,3.67,4.5,3.83,3.5,3.67,3.17,4.0,3.0,3.78
R1617,Manufacturing,Large: 250 employees or more,11-20 years,250 or more,Industrial area,Mixed municipal waste,Yes,Environmental or sustainability department,5,4,5,4,5,5,4,4,4,4,4,4,4,5,4,5,5,4,5,5,4,4,4,5,5,4,4,5,5,5,4,5,5,5,5,5,5,5,3,5,5,5,4,3,5,5,3,4,4,4,4,4,4,4,1,3,2,2,1,3,2,4,4.67,4.0,4.5,4.5,4.67,4.83,4.67,4.0,4.0,2.25,4.43
R1618,Retail,Micro: Fewer than 10 employees,3-5 years,Fewer than 10,Commercial area,Plastic waste,No,External waste-management agency,3,3,3,2,3,4,3,3,3,,4,3,3,3,3,2,2,2,2,2,2,2,2,3,2,2,4,4,4,4,3,2,3,2,2,3,2,2,2,3,2,,2,2,3,2,2,1,3,3,4,3,2,2,4,3,4,4,4,4,4,5,3.0,3.2,2.5,2.17,3.33,2.5,2.2,2.0,2.83,4.0,2.64
R1619,Information Technology,Large: 250 employees or more,11-20 years,250 or more,Commercial area,Mixed municipal waste,Under development,External waste-management agency,3,3,4,3,3,4,3,4,3,3,2,3,2,4,3,3,3,4,4,2,3,4,5,4,3,4,3,4,3,3,3,5,2,5,4,4,4,3,3,4,3,4,3,4,4,4,2,4,4,5,5,4,4,3,3,3,5,3,3,3,3,3,3.33,3.0,3.17,3.67,3.33,3.83,3.5,3.5,4.17,3.25,3.5
R1620,Healthcare,Micro: Fewer than 10 employees,3-5 years,Fewer than 10,Commercial area,Paper and cardboard,No,External waste-management agency,4,4,3,3,1,4,2,3,2,2,3,3,4,4,5,3,4,4,2,2,2,2,1,2,4,3,5,4,4,4,3,4,3,4,4,3,4,4,4,2,4,4,2,3,3,2,3,3,4,3,4,3,3,4,4,3,3,2,2,4,4,4,3.17,2.5,4.0,1.83,4.0,3.5,3.67,2.67,3.5,3.25,3.2
R1621,Hospitality/Services,Large: 250 employees or more,11-20 years,100-249,Semi-urban area,Plastic waste,Yes,Operations department,3,3,4,2,3,3,5,4,5,3,4,5,3,4,4,2,4,3,5,4,,4,3,4,4,3,3,3,3,3,4,4,3,4,4,4,3,2,3,2,3,3,5,3,5,4,4,5,3,4,4,4,3,3,1,3,2,1,1,3,2,2,3.0,4.33,3.33,4.0,3.17,3.83,2.67,4.33,3.5,1.88,3.57
R1622,Information Technology,Small: 10-49 employees,11-20 years,10-49,Urban area,Mixed municipal waste,Not sure,External waste-management agency,3,3,3,4,4,4,2,3,4,3,3,4,4,3,3,3,3,2,3,2,4,4,2,3,3,4,3,2,1,4,4,4,4,3,4,3,4,4,4,3,4,4,4,2,4,2,5,4,4,4,4,4,3,4,2,3,3,1,4,3,3,3,3.5,3.17,3.0,3.0,2.83,3.67,3.83,3.5,3.83,2.75,3.37
R1623,Healthcare,Large: 250 employees or more,11-20 years,250 or more,Urban area,Plastic waste,Not sure,Environmental or sustainability department,4,3,5,4,4,4,4,5,5,3,4,4,3,3,4,3,3,4,4,4,4,4,5,3,3,4,4,5,2,3,5,3,3,4,4,4,4,4,5,4,4,3,4,4,5,4,4,3,3,3,5,3,4,4,3,3,2,2,2,4,3,2,4.0,4.17,3.33,4.0,3.5,3.83,4.0,4.0,3.67,2.62,3.83
R1624,Healthcare,Small: 10-49 employees,6-10 years,10-49,Urban area,Plastic waste,Under development,Operations department,4,3,2,2,3,3,4,4,4,4,5,5,3,3,4,3,3,4,4,3,4,4,3,4,4,5,4,4,4,5,3,4,3,,4,5,5,4,2,4,3,3,3,5,4,5,4,3,4,4,4,4,5,3,3,3,1,3,2,2,2,2,2.83,4.33,3.33,3.67,4.33,3.8,3.5,4.0,4.0,2.25,3.75
R1625,Hospitality/Services,Small: 10-49 employees,11-20 years,10-49,Urban area,Food or organic waste,Yes,External waste-management agency,4,3,3,3,2,4,3,2,3,3,3,3,4,4,5,4,4,4,4,4,4,4,4,4,2,4,4,4,3,3,3,4,3,4,3,2,,4,5,4,4,5,4,2,5,4,4,4,3,4,4,5,5,5,3,3,2,3,4,3,3,3,3.17,2.83,4.17,4.0,3.33,3.17,4.4,3.83,4.33,3.0,3.69
R1626,Retail,Small: 10-49 employees,6-10 years,50-99,Commercial area,Plastic waste,Under development,Operations department,4,5,4,4,4,3,3,4,3,4,5,4,3,3,3,2,3,2,4,5,5,5,5,5,4,4,4,4,4,5,2,4,2,3,3,3,3,4,4,5,5,3,4,3,3,3,3,3,3,4,3,3,3,4,3,2,3,3,3,2,2,2,4.0,3.83,2.67,4.83,4.17,2.83,4.0,3.17,3.33,2.5,3.65
R1627,Retail,Micro: Fewer than 10 employees,Less than 3 years,Fewer than 10,Urban area,Food or organic waste,No,External waste-management agency,4,3,2,3,2,3,1,2,3,4,2,2,3,2,2,2,3,3,1,2,2,1,3,2,3,3,3,3,2,4,3,3,3,2,3,4,2,3,3,4,3,2,3,2,3,3,3,2,3,4,3,3,3,3,4,2,4,4,3,3,4,3,2.83,2.33,2.5,1.83,3.0,3.0,2.83,2.67,3.17,3.38,2.68
R1628,Information Technology,Small: 10-49 employees,11-20 years,10-49,Urban area,Paper and cardboard,Yes,Facility management team,4,5,4,5,4,4,4,3,3,4,4,4,4,3,4,4,4,5,4,4,4,3,3,5,3,5,3,2,4,5,4,5,4,2,3,4,5,5,4,4,4,4,4,4,4,,4,5,4,5,3,5,3,4,3,2,2,1,1,1,2,2,4.33,3.67,4.0,3.83,3.67,3.67,4.33,4.2,4.0,1.75,3.97
R1629,Hospitality/Services,Small: 10-49 employees,Less than 3 years,10-49,Urban area,Food or organic waste,Not sure,Operations department,4,3,3,3,3,4,4,2,3,2,2,4,2,3,3,3,3,3,4,3,4,3,,3,3,4,4,2,3,4,2,3,2,3,3,2,4,4,3,3,4,4,,4,3,2,4,2,3,4,3,4,3,4,3,3,2,2,3,3,3,2,3.33,2.83,2.83,3.4,3.33,2.5,3.67,3.0,3.5,2.62,3.15
R1630,Retail,Micro: Fewer than 10 employees,11-20 years,Fewer than 10,Urban area,Paper and cardboard,Yes,Operations department,4,5,4,4,5,3,3,4,4,4,3,3,4,4,4,4,5,5,3,4,3,3,4,2,4,4,5,3,4,4,2,3,2,3,3,3,4,3,,4,4,4,5,4,3,4,4,4,4,4,4,4,4,4,3,3,3,4,4,3,3,3,4.17,3.5,4.33,3.17,4.0,2.67,3.8,4.0,4.0,3.25,3.74
R1631,Manufacturing,Small: 10-49 employees,Less than 3 years,50-99,Urban area,Paper and cardboard,Not sure,External waste-management agency,2,2,2,2,2,2,3,3,3,4,3,3,2,3,4,3,4,3,2,2,4,3,3,2,2,3,3,2,3,3,3,4,3,4,2,3,5,3,3,3,3,4,4,4,5,4,3,5,4,4,4,4,3,4,4,2,5,3,5,2,4,4,2.0,3.17,3.17,2.67,2.67,3.17,3.5,4.17,3.83,3.62,3.15
R1632,Healthcare,Micro: Fewer than 10 employees,Less than 3 years,Fewer than 10,Urban area,Paper and cardboard,Not sure,External waste-management agency,4,2,4,,4,3,2,3,3,,4,3,3,2,3,2,3,2,4,4,4,5,5,4,3,4,3,3,2,3,2,4,3,3,2,3,3,3,3,3,2,2,3,2,3,2,3,2,4,4,4,3,3,4,3,4,5,5,5,3,4,4,3.4,3.0,2.5,4.33,3.0,2.83,2.67,2.5,3.67,4.12,3.1
R1633,Information Technology,Micro: Fewer than 10 employees,3-5 years,Fewer than 10,Urban area,Paper and cardboard,Yes,Operations department,3,2,4,3,3,1,3,4,3,4,3,2,3,4,3,4,3,4,4,3,3,3,5,3,2,3,,4,4,3,4,3,4,3,4,3,4,3,3,4,5,3,3,4,4,2,3,3,2,3,5,2,2,3,2,4,2,3,2,2,3,3,2.67,3.17,3.5,3.5,3.2,3.5,3.67,3.17,2.83,2.62,3.25
R1634,Retail,Large: 250 employees or more,6-10 years,250 or more,Semi-urban area,Paper and cardboard,No,Operations department,,3,4,3,4,4,2,2,2,3,,3,4,2,4,5,3,3,3,3,4,3,4,3,3,2,4,3,4,3,3,4,4,4,3,5,2,,2,2,3,3,3,4,2,3,2,3,4,2,2,2,4,3,5,3,3,3,3,4,4,3,3.6,2.4,3.5,3.33,3.17,3.83,2.4,2.83,2.83,3.5,3.1
R1635,Information Technology,Micro: Fewer than 10 employees,3-5 years,Fewer than 10,Urban area,Mixed municipal waste,Not sure,External waste-management agency,2,2,3,2,4,2,3,2,3,4,3,3,2,5,4,4,4,3,3,4,4,3,4,5,3,5,3,4,3,4,3,4,3,3,2,3,3,3,4,4,3,4,3,2,3,3,4,3,4,3,3,3,2,3,3,3,2,3,4,4,4,3,2.5,3.0,3.67,3.83,3.67,3.0,3.5,3.0,3.0,3.25,3.24
R1636,Retail,Large: 250 employees or more,6-10 years,100-249,Urban area,Mixed municipal waste,Under development,Environmental or sustainability department,5,4,3,4,4,3,4,3,5,4,4,5,3,3,3,3,4,4,3,3,3,4,4,4,5,4,5,5,5,5,4,3,4,3,3,2,5,5,4,4,4,5,3,4,4,4,4,4,5,5,5,4,5,5,2,3,,3,3,2,2,4,3.83,4.17,3.33,3.5,4.83,3.17,4.5,3.83,4.83,2.71,4.0
R1637,Retail,Micro: Fewer than 10 employees,Less than 3 years,10-49,Commercial area,Mixed municipal waste,Under development,External waste-management agency,4,4,4,4,4,4,4,4,4,4,4,4,4,4,4,4,4,4,4,4,4,4,4,4,4,4,4,4,4,4,4,4,4,4,4,4,4,4,4,4,4,4,4,4,4,4,4,4,4,4,4,4,4,4,4,4,4,4,4,4,4,4,4.0,4.0,4.0,4.0,4.0,4.0,4.0,4.0,4.0,4.0,4.0
R1638,Healthcare,Large: 250 employees or more,6-10 years,100-249,Semi-urban area,Mixed municipal waste,Yes,Environmental or sustainability department,4,4,4,3,4,3,5,4,5,3,4,4,5,4,4,3,4,4,4,4,3,4,5,3,4,2,4,4,3,3,4,5,4,5,5,3,4,4,3,3,3,4,4,2,3,3,3,3,3,3,4,4,3,4,3,3,3,3,2,3,2,4,3.67,4.17,4.0,3.83,3.33,4.33,3.5,3.0,3.5,2.88,3.7
R1639,Retail,Medium: 50-249 employees,3-5 years,50-99,Semi-urban area,Paper and cardboard,Yes,Environmental or sustainability department,3,4,4,5,4,4,3,3,3,5,4,2,3,4,4,3,2,3,2,2,4,3,2,3,3,4,3,4,3,4,3,3,4,3,4,3,4,5,4,4,3,4,3,3,3,4,4,4,4,4,4,4,4,4,3,3,2,3,3,3,3,2,4.0,3.33,3.17,2.67,3.5,3.33,4.0,3.5,4.0,2.75,3.5
R1640,Information Technology,Micro: Fewer than 10 employees,11-20 years,Fewer than 10,Urban area,Mixed municipal waste,No,Facility management team,3,2,2,3,2,3,4,4,4,5,3,3,4,2,4,4,2,3,3,4,3,3,4,3,2,2,2,3,3,3,4,4,4,4,4,5,3,4,3,2,3,3,3,3,3,4,3,5,3,4,4,4,4,3,3,4,3,4,3,5,4,2,2.5,3.83,3.17,3.33,2.5,4.17,3.0,3.5,3.67,3.5,3.3
R1641,Manufacturing,Micro: Fewer than 10 employees,Less than 3 years,10-49,Industrial area,Paper and cardboard,No,External waste-management agency,3,3,3,3,3,4,4,3,4,5,3,2,3,4,4,3,4,4,3,3,3,2,4,4,3,4,4,2,,2,4,4,4,4,3,3,3,2,2,2,4,3,2,3,2,3,3,3,3,3,3,3,4,3,3,4,5,3,4,3,3,4,3.17,3.5,3.67,3.17,3.0,3.67,2.67,2.67,3.17,3.62,3.19
R1642,Information Technology,Large: 250 employees or more,6-10 years,250 or more,Urban area,Mixed municipal waste,Not sure,Facility management team,3,3,4,,3,3,3,5,,2,3,4,3,3,3,3,2,2,5,4,5,5,5,4,4,3,5,4,4,5,3,4,4,4,4,3,5,3,3,4,4,4,2,3,3,3,3,3,4,5,4,4,4,4,1,2,1,3,2,2,3,1,3.2,3.4,2.67,4.67,4.17,3.67,3.83,2.83,4.17,1.88,3.62
R1643,Retail,Micro: Fewer than 10 employees,Less than 3 years,Fewer than 10,Commercial area,Paper and cardboard,No,External waste-management agency,3,3,2,4,3,3,1,2,2,3,3,2,3,4,2,3,3,3,3,4,4,4,3,3,3,3,2,2,3,3,2,1,1,3,2,3,4,2,3,2,1,3,2,4,3,3,3,3,3,3,3,,2,1,4,3,4,4,5,4,4,4,3.0,2.17,3.0,3.5,2.67,2.0,2.5,3.0,2.4,4.0,2.69
R1644,Hospitality/Services,Medium: 50-249 employees,11-20 years,100-249,Urban area,Food or organic waste,Yes,Operations department,4,3,4,4,3,3,3,3,3,4,3,3,5,4,5,5,4,5,5,4,3,4,4,5,4,5,3,4,4,4,3,5,4,4,2,3,3,4,4,3,5,4,4,3,3,4,4,5,2,2,3,3,3,2,3,3,3,3,3,4,3,3,3.5,3.17,4.67,4.17,4.0,3.5,3.83,3.83,2.5,3.12,3.69
R1645,Information Technology,Medium: 50-249 employees,Less than 3 years,50-99,Urban area,Plastic waste,No,External waste-management agency,3,4,3,4,4,4,1,1,2,2,2,3,4,2,4,3,4,4,2,3,3,2,3,3,4,3,2,3,2,3,3,3,3,4,2,3,4,2,2,3,2,4,3,2,3,4,3,3,3,3,2,3,3,4,4,3,4,3,3,4,5,4,3.67,1.83,3.5,2.67,2.83,3.0,2.83,3.0,3.0,3.75,2.93
R1646,Manufacturing,Small: 10-49 employees,3-5 years,10-49,Semi-urban area,Plastic waste,Not sure,Operations department,4,3,3,3,2,4,3,3,3,4,3,4,4,4,4,4,5,5,4,4,3,3,4,4,3,4,4,3,3,4,3,4,4,3,4,3,4,3,3,3,3,4,3,5,4,3,3,3,4,4,4,4,4,4,2,4,3,3,3,3,4,4,3.17,3.33,4.33,3.67,3.5,3.5,3.33,3.5,4.0,3.25,3.59
R1647,Hospitality/Services,Medium: 50-249 employees,3-5 years,50-99,Industrial area,Paper and cardboard,Under development,Operations department,1,1,1,2,1,3,4,3,3,2,3,5,3,3,3,3,4,4,4,3,3,4,4,3,3,3,2,3,2,2,5,5,4,5,4,4,4,5,5,3,5,4,3,3,5,3,4,2,3,3,,2,3,4,4,4,5,4,3,4,4,4,1.5,3.33,3.33,3.5,2.5,4.5,4.33,3.33,3.0,4.0,3.26
R1648,Retail,Large: 250 employees or more,11-20 years,250 or more,Urban area,Mixed municipal waste,Not sure,Environmental or sustainability department,,3,3,3,3,3,2,3,3,4,3,3,4,5,3,5,4,4,3,3,4,3,3,3,3,2,4,3,3,3,4,4,4,4,4,5,3,4,4,5,4,4,5,4,5,5,4,4,4,4,4,5,5,4,3,3,3,3,3,2,3,2,3.0,3.0,4.17,3.17,3.0,4.17,4.0,4.5,4.33,2.75,3.7
R1649,Retail,Medium: 50-249 employees,6-10 years,50-99,Commercial area,Paper and cardboard,Not sure,Operations department,4,4,4,5,4,4,3,3,3,2,3,3,2,3,2,2,3,2,3,4,3,3,2,3,5,3,4,3,3,3,3,2,1,,3,4,4,2,4,4,4,2,4,3,3,4,5,3,4,3,4,3,4,4,3,3,4,4,3,3,3,4,4.17,2.83,2.33,3.0,3.5,2.6,3.33,3.67,3.67,3.38,3.23
R1650,Hospitality/Services,Small: 10-49 employees,Less than 3 years,10-49,Urban area,Food or organic waste,No,Operations department,4,3,3,3,2,4,5,4,3,4,4,4,4,2,4,4,2,3,3,3,3,2,4,3,4,4,5,3,3,3,4,4,5,3,3,3,3,3,3,4,4,3,3,2,3,3,2,2,2,3,3,3,4,2,2,5,5,4,4,3,4,2,3.17,4.0,3.17,3.0,3.67,3.67,3.33,2.5,2.83,3.62,3.26
R1651,Hospitality/Services,Small: 10-49 employees,3-5 years,50-99,Industrial area,Food or organic waste,No,External waste-management agency,3,3,3,3,2,3,4,4,4,4,4,5,4,4,4,4,3,3,4,4,3,4,4,4,4,4,3,3,3,4,3,3,2,,3,3,2,3,4,2,4,3,3,3,4,,3,4,4,5,4,2,3,3,4,3,3,3,3,2,3,3,2.83,4.17,3.67,3.83,3.5,2.8,3.0,3.4,3.5,3.0,3.41
R1652,Healthcare,Micro: Fewer than 10 employees,11-20 years,10-49,Urban area,Plastic waste,Under development,External waste-management agency,4,4,5,3,4,4,3,4,4,3,3,3,3,3,3,4,5,4,4,3,5,4,3,3,4,4,2,4,3,5,4,3,3,5,3,4,4,4,3,3,3,3,5,4,4,5,3,4,3,4,4,4,4,4,3,3,3,4,3,2,2,4,4.0,3.33,3.67,3.67,3.67,3.67,3.33,4.17,3.83,3.0,3.7
R1653,Hospitality/Services,Small: 10-49 employees,3-5 years,10-49,Urban area,Food or organic waste,Not sure,External waste-management agency,3,4,4,3,4,4,5,5,4,5,5,4,3,4,,3,3,4,3,4,4,4,2,4,5,3,4,5,5,5,4,5,4,5,4,5,3,3,2,4,3,2,5,4,3,4,4,4,3,4,3,4,5,3,3,2,3,4,4,2,3,3,3.67,4.67,3.4,3.5,4.5,4.5,2.83,4.0,3.67,3.0,3.86
R1654,Retail,Medium: 50-249 employees,3-5 years,10-49,Commercial area,Mixed municipal waste,Not sure,Operations department,2,3,3,2,1,3,2,3,1,2,4,1,3,3,4,3,4,3,3,3,3,3,3,3,5,4,3,4,3,4,4,3,3,4,4,2,4,4,3,3,3,4,3,2,3,3,2,3,4,3,3,3,3,3,2,3,2,4,3,2,2,2,2.33,2.17,3.33,3.0,3.83,3.33,3.5,2.67,3.17,2.5,3.04
R1655,Manufacturing,Small: 10-49 employees,3-5 years,10-49,Urban area,Paper and cardboard,Not sure,External waste-management agency,3,3,3,3,3,3,1,3,2,3,2,1,3,2,3,2,2,2,3,3,3,3,3,2,3,4,3,3,3,3,3,3,3,3,3,2,3,4,3,3,3,3,4,4,3,4,3,4,2,3,4,4,4,3,4,4,4,4,3,3,3,3,3.0,2.0,2.33,2.83,3.17,2.83,3.17,3.67,3.33,3.5,2.93
R1656,Manufacturing,Micro: Fewer than 10 employees,Less than 3 years,10-49,Industrial area,Paper and cardboard,No,External waste-management agency,3,3,3,3,3,3,3,3,3,3,3,3,3,3,3,3,3,3,3,3,3,3,3,3,3,3,3,3,3,3,3,3,3,3,3,3,3,3,3,3,3,3,3,3,3,3,3,3,3,3,3,3,3,3,3,3,3,3,3,3,3,3,3.0,3.0,3.0,3.0,3.0,3.0,3.0,3.0,3.0,3.0,3.0
R1657,Retail,Large: 250 employees or more,11-20 years,250 or more,Commercial area,Mixed municipal waste,Under development,Facility management team,5,5,4,4,4,4,4,3,3,3,4,3,4,4,3,4,4,4,3,4,3,3,3,3,2,3,4,3,3,3,2,3,3,2,3,4,2,3,2,4,3,2,5,3,5,3,4,4,3,4,3,5,4,4,5,4,4,4,4,3,3,4,4.33,3.33,3.83,3.17,3.0,2.83,2.67,4.0,3.83,3.88,3.44
R1658,Healthcare,Micro: Fewer than 10 employees,Less than 3 years,10-49,Semi-urban area,Mixed municipal waste,No,External waste-management agency,3,3,2,3,3,2,4,4,3,3,5,3,3,2,3,3,3,3,3,3,3,2,3,2,3,4,3,3,4,3,2,2,3,1,2,3,4,3,1,2,3,3,2,3,2,1,2,3,3,2,3,2,2,3,3,3,4,3,3,4,3,3,2.67,3.67,2.83,2.67,3.33,2.17,2.67,2.17,2.5,3.25,2.74
R1659,Retail,Medium: 50-249 employees,11-20 years,50-99,Commercial area,Paper and cardboard,Yes,External waste-management agency,3,3,3,3,3,3,3,3,3,,3,3,3,3,3,3,3,3,3,3,3,3,3,3,3,3,3,3,3,3,3,3,3,3,3,3,3,3,3,3,3,3,3,3,3,3,3,3,3,3,3,3,3,3,3,3,3,3,3,3,3,3,3.0,3.0,3.0,3.0,3.0,3.0,3.0,3.0,3.0,3.0,3.0
R1660,Healthcare,Medium: 50-249 employees,3-5 years,100-249,Urban area,Food or organic waste,Not sure,Environmental or sustainability department,3,4,3,2,3,3,3,4,3,4,4,5,4,3,3,4,4,4,4,3,2,3,3,4,3,4,3,3,4,3,4,5,4,5,4,4,4,4,4,3,4,5,4,3,3,4,2,3,3,4,4,4,4,4,3,3,3,2,4,3,3,3,3.0,3.83,3.67,3.17,3.33,4.33,4.0,3.17,3.83,3.0,3.59
R1661,Manufacturing,Large: 250 employees or more,11-20 years,250 or more,Industrial area,Paper and cardboard,Yes,Environmental or sustainability department,4,4,4,4,4,4,4,4,3,3,4,4,,4,5,5,4,5,5,4,4,4,3,4,5,5,5,5,4,5,3,4,3,3,3,4,2,4,3,5,4,3,,3,4,5,4,3,4,5,3,5,4,4,2,2,2,1,1,3,2,4,4.0,3.67,4.6,4.0,4.83,3.33,3.5,3.8,4.17,2.12,3.99
R1662,Retail,Medium: 50-249 employees,6-10 years,100-249,Semi-urban area,Paper and cardboard,No,External waste-management agency,3,,4,4,4,4,4,4,4,3,3,5,3,2,3,2,3,3,3,3,4,3,3,3,4,4,3,1,3,4,2,2,3,3,4,3,3,2,4,3,4,4,3,3,3,3,2,2,2,2,3,1,3,2,4,3,5,4,4,3,4,4,3.8,3.83,2.67,3.17,3.17,2.83,3.33,2.67,2.17,3.88,3.07
R1663,Information Technology,Large: 250 employees or more,3-5 years,250 or more,Commercial area,Mixed municipal waste,Not sure,Operations department,4,4,4,2,4,4,4,4,4,4,4,3,2,3,,2,2,3,4,4,3,4,4,3,4,2,2,3,3,2,3,2,2,3,3,3,2,4,4,3,,3,2,3,3,3,4,3,3,4,4,4,4,4,3,5,3,3,5,3,4,5,3.67,3.83,2.4,3.67,2.67,2.67,3.2,3.0,3.83,3.88,3.22
R1664,Manufacturing,Large: 250 employees or more,11-20 years,250 or more,Semi-urban area,Paper and cardboard,Yes,Environmental or sustainability department,4,5,5,4,4,3,4,5,4,4,4,5,4,4,3,4,3,4,4,4,3,5,4,2,3,3,3,3,4,4,3,4,3,4,4,3,5,5,4,5,5,4,4,5,4,3,4,3,3,4,4,3,4,3,2,2,3,2,1,1,2,3,4.17,4.33,3.67,3.67,3.33,3.5,4.67,3.83,3.5,2.0,3.85
R1665,Information Technology,Large: 250 employees or more,6-10 years,250 or more,Commercial area,Plastic waste,Yes,Environmental or sustainability department,3,4,5,3,4,5,3,4,3,4,3,3,3,4,5,4,5,4,3,4,4,3,3,3,2,3,4,3,2,4,3,3,4,2,4,5,4,4,5,4,4,4,4,3,3,3,3,3,5,5,4,5,4,5,2,2,3,3,2,2,2,2,4.0,3.33,4.17,3.33,3.0,3.5,4.17,3.17,4.67,2.25,3.7
R1666,Information Technology,Micro: Fewer than 10 employees,Less than 3 years,Fewer than 10,Commercial area,Mixed municipal waste,No,Operations department,3,4,4,3,3,4,4,3,4,4,3,3,5,4,4,5,4,4,3,2,2,3,2,4,3,3,3,1,3,3,5,3,3,3,4,3,4,3,3,2,3,3,3,3,4,3,3,5,3,4,3,5,4,3,4,4,2,4,4,4,4,4,3.5,3.5,4.33,2.67,2.67,3.5,3.0,3.5,3.67,3.75,3.37
R1667,Healthcare,Medium: 50-249 employees,11-20 years,50-99,Semi-urban area,Paper and cardboard,Under development,Operations department,4,2,3,3,,4,3,3,3,2,4,3,3,3,3,3,4,4,3,3,3,4,3,4,4,5,4,4,4,4,3,2,1,3,3,4,,4,4,5,3,4,3,3,3,3,4,2,3,3,3,3,2,3,1,3,1,2,2,1,3,4,3.2,3.0,3.33,3.33,4.17,2.67,4.0,3.0,2.83,2.12,3.28
R1668,Information Technology,Medium: 50-249 employees,3-5 years,50-99,Urban area,Food or organic waste,Not sure,Environmental or sustainability department,4,3,3,4,3,5,4,4,4,5,3,4,3,4,3,3,4,,3,2,3,3,4,4,3,3,4,3,4,4,4,3,3,3,3,4,4,4,5,4,4,5,4,3,4,4,4,3,3,3,4,2,2,3,3,3,4,2,2,2,2,3,3.67,4.0,3.4,3.17,3.5,3.33,4.33,3.67,2.83,2.62,3.54
R1669,Hospitality/Services,Small: 10-49 employees,Less than 3 years,Fewer than 10,Semi-urban area,Mixed municipal waste,Under development,Operations department,5,5,4,4,4,3,4,3,4,3,3,4,4,2,2,3,2,4,3,3,3,2,4,3,3,4,3,4,3,3,3,4,4,4,3,4,3,4,4,3,4,3,2,3,2,2,2,2,3,4,5,3,4,3,3,2,3,3,2,3,3,3,4.17,3.5,2.83,3.0,3.33,3.67,3.5,2.17,3.67,2.75,3.32
R1670,Manufacturing,Small: 10-49 employees,11-20 years,Fewer than 10,Industrial area,Food or organic waste,No,Operations department,4,3,2,2,3,,3,3,3,3,2,3,3,3,4,5,3,3,3,2,2,4,3,2,3,4,4,3,3,3,4,3,3,3,3,3,3,4,3,4,3,2,3,4,2,2,3,2,3,4,3,4,4,5,3,3,3,4,2,1,3,2,2.8,2.83,3.5,2.67,3.33,3.17,3.17,2.67,3.83,2.62,3.11
R1671,Healthcare,Micro: Fewer than 10 employees,3-5 years,Fewer than 10,Urban area,Mixed municipal waste,Under development,Operations department,3,4,5,4,4,4,2,2,2,3,1,3,4,3,3,4,3,2,3,3,2,3,3,2,2,4,3,2,4,3,4,4,2,4,2,4,4,3,4,5,3,5,3,3,4,4,4,5,3,4,5,2,4,,3,4,3,2,3,3,3,3,4.0,2.17,3.17,2.67,3.0,3.33,4.0,3.83,3.6,3.0,3.31
R1672,Manufacturing,Small: 10-49 employees,Less than 3 years,10-49,Urban area,Paper and cardboard,No,Operations department,4,4,4,3,3,4,2,1,1,1,3,2,2,3,2,4,2,2,2,2,2,2,3,4,3,4,2,3,2,3,1,2,2,2,2,1,3,3,3,3,4,4,3,3,3,2,3,4,3,4,3,4,3,3,2,3,2,1,3,2,3,3,3.67,1.67,2.5,2.5,2.83,1.67,3.33,3.0,3.33,2.38,2.72
R1673,Retail,Large: 250 employees or more,11-20 years,100-249,Urban area,Mixed municipal waste,Yes,Environmental or sustainability department,3,,4,3,2,4,4,5,4,3,4,4,2,4,3,2,2,2,3,3,3,3,4,4,3,2,3,4,5,4,3,3,4,3,4,4,3,3,3,4,1,2,5,5,5,3,5,4,4,4,3,5,4,3,3,4,3,3,5,3,3,5,3.2,4.0,2.5,3.33,3.5,3.5,2.67,4.5,3.83,3.62,3.45
R1674,Healthcare,Medium: 50-249 employees,6-10 years,100-249,Industrial area,Mixed municipal waste,Not sure,Operations department,3,3,3,,3,3,3,4,3,4,5,3,3,3,2,3,3,3,2,3,3,5,2,3,3,2,2,4,4,4,4,5,4,3,4,2,3,4,4,4,4,4,3,5,4,4,5,4,4,3,2,4,4,3,2,3,3,4,3,2,3,3,3.0,3.67,2.83,3.0,3.17,3.67,3.83,4.17,3.33,2.88,3.41
R1675,Information Technology,Micro: Fewer than 10 employees,3-5 years,Fewer than 10,Urban area,Mixed municipal waste,Not sure,External waste-management agency,3,3,3,3,3,3,4,4,4,4,4,5,4,,3,3,4,2,4,3,4,3,3,5,,3,2,3,3,2,3,2,4,3,3,4,4,2,3,4,2,3,3,3,3,3,1,2,2,1,2,2,2,2,3,2,3,2,3,5,2,3,3.0,4.17,3.2,3.67,2.6,3.17,3.0,2.5,1.83,2.88,3.02
R1676,Information Technology,Micro: Fewer than 10 employees,Less than 3 years,Fewer than 10,Urban area,Mixed municipal waste,Not sure,External waste-management agency,3,2,3,3,3,4,3,3,3,2,4,3,1,2,1,2,2,2,3,3,3,3,2,3,2,4,3,3,3,2,2,3,3,3,1,3,3,3,3,3,3,3,2,3,2,3,2,2,2,3,2,4,4,3,3,3,5,2,3,4,4,2,3.0,3.0,1.67,2.83,2.83,2.5,3.0,2.33,3.0,3.25,2.68
R1677,Information Technology,Large: 250 employees or more,3-5 years,250 or more,Urban area,Paper and cardboard,Yes,Facility management team,3,4,4,3,3,3,3,3,2,3,3,3,4,4,4,4,4,3,5,3,3,3,3,3,3,4,4,3,3,4,4,3,4,3,3,4,3,3,2,3,2,3,4,3,3,4,4,4,3,3,3,3,3,3,3,3,3,4,4,3,4,4,3.33,2.83,3.83,3.33,3.5,3.5,2.67,3.67,3.0,3.5,3.3
R1678,Information Technology,Medium: 50-249 employees,6-10 years,10-49,Urban area,Mixed municipal waste,Yes,Facility management team,3,4,4,4,3,4,3,3,3,4,3,3,4,3,4,5,5,3,3,3,3,4,3,2,,3,3,4,3,3,5,4,3,4,5,4,3,4,4,4,3,4,3,2,2,2,3,2,5,5,4,4,4,3,1,3,3,3,2,2,2,3,3.67,3.17,4.0,3.0,3.2,4.17,3.67,2.33,4.17,2.38,3.49
R1679,Healthcare,Micro: Fewer than 10 employees,3-5 years,Fewer than 10,Urban area,Plastic waste,No,External waste-management agency,3,3,4,3,2,3,5,4,4,4,4,4,3,2,3,2,3,3,4,4,2,3,4,4,4,3,3,4,3,4,,4,4,3,4,3,3,3,5,3,4,2,2,3,2,3,,3,5,4,5,5,5,5,3,3,4,3,3,3,4,4,3.0,4.17,2.67,3.5,3.5,3.6,3.33,2.6,4.83,3.38,3.47
R1680,Manufacturing,Large: 250 employees or more,6-10 years,100-249,Industrial area,Plastic waste,Not sure,Operations department,5,3,3,4,3,3,,3,3,3,3,2,3,4,3,4,4,3,3,3,3,2,4,3,4,2,3,3,2,3,4,4,4,3,3,4,3,2,2,4,3,3,3,3,3,3,4,4,4,4,5,4,5,3,4,4,2,5,3,4,3,5,3.5,2.8,3.5,3.0,2.83,3.67,2.83,3.33,4.17,3.75,3.29
R1681,Manufacturing,Micro: Fewer than 10 employees,Less than 3 years,10-49,Industrial area,Mixed municipal waste,Under development,Operations department,2,1,1,4,3,3,3,4,3,2,4,4,3,2,1,3,2,3,2,2,3,2,4,3,3,2,3,2,2,3,2,2,2,4,3,3,2,3,3,3,3,5,3,3,4,4,2,3,3,4,3,3,3,3,4,5,3,4,3,5,4,3,2.33,3.33,2.33,2.67,2.5,2.67,3.17,3.17,3.17,3.88,2.82
R1682,Retail,Micro: Fewer than 10 employees,3-5 years,Fewer than 10,Semi-urban area,Paper and cardboard,No,External waste-management agency,3,3,2,2,2,4,1,2,2,2,2,1,4,3,3,3,4,3,5,3,3,4,3,3,3,3,3,2,4,3,3,3,3,2,3,2,3,4,3,3,3,3,3,4,3,3,4,3,3,4,3,3,4,3,,3,3,3,3,3,3,4,2.67,1.67,3.33,3.5,3.0,2.67,3.17,3.33,3.33,3.14,2.96
R1683,Information Technology,Medium: 50-249 employees,Less than 3 years,50-99,Commercial area,Food or organic waste,No,External waste-management agency,3,3,4,3,3,4,3,3,3,3,3,3,5,5,4,5,5,4,2,2,3,3,3,3,3,2,3,2,3,3,2,1,1,2,3,3,4,2,3,2,4,2,2,2,2,3,3,3,3,5,3,4,4,3,3,3,2,3,2,4,4,3,3.33,3.0,4.67,2.67,2.67,2.0,2.83,2.5,3.67,3.0,3.04
R1684,Manufacturing,Medium: 50-249 employees,11-20 years,100-249,Industrial area,Paper and cardboard,Under development,Operations department,2,2,2,2,2,2,2,2,2,2,2,2,2,2,2,2,2,2,2,2,2,2,2,2,2,2,2,2,2,2,2,2,2,2,2,2,2,2,2,2,2,2,2,2,2,2,2,2,2,2,2,2,2,2,2,2,2,2,2,2,2,2,2.0,2.0,2.0,2.0,2.0,2.0,2.0,2.0,2.0,2.0,2.0
R1685,Retail,Micro: Fewer than 10 employees,3-5 years,Fewer than 10,Commercial area,Plastic waste,Under development,External waste-management agency,2,4,4,4,4,5,4,3,3,4,3,2,4,3,4,,4,3,3,3,3,3,4,4,3,4,4,3,4,3,5,4,3,3,3,3,2,3,3,2,3,3,3,3,2,4,3,5,3,3,4,2,3,3,4,3,,3,3,3,3,2,3.83,3.17,3.6,3.33,3.5,3.5,2.67,3.33,3.0,3.0,3.33
R1686,Manufacturing,Large: 250 employees or more,11-20 years,100-249,Industrial area,Paper and cardboard,No,Facility management team,4,4,3,3,4,4,3,4,3,3,4,4,3,4,4,4,5,4,3,3,3,5,3,3,3,3,4,3,3,4,4,4,3,4,5,5,3,3,3,3,3,2,3,3,4,3,3,3,4,3,4,4,3,3,3,2,1,3,1,3,2,3,3.67,3.5,4.0,3.33,3.33,4.17,2.83,3.17,3.5,2.25,3.5
R1687,Healthcare,Large: 250 employees or more,3-5 years,250 or more,Semi-urban area,Paper and cardboard,Not sure,Operations department,2,3,3,4,3,3,,2,2,3,3,2,3,4,3,4,3,3,4,3,4,4,3,3,3,3,2,3,2,3,2,3,3,3,3,4,3,4,3,2,3,3,3,3,2,2,2,3,3,3,4,2,3,3,4,3,3,3,3,4,4,3,3.0,2.4,3.33,3.5,2.67,3.0,3.0,2.5,3.0,3.38,2.93
R1688,Retail,Large: 250 employees or more,3-5 years,250 or more,Commercial area,Paper and cardboard,Under development,Facility management team,4,3,3,5,3,4,4,4,3,4,3,3,3,4,4,4,4,4,5,5,5,5,,4,4,3,4,3,5,4,3,3,2,4,3,3,4,3,4,3,3,4,4,3,3,3,4,2,3,2,4,3,3,2,3,4,4,2,5,5,3,3,3.67,3.5,3.83,4.8,3.83,3.0,3.5,3.17,2.83,3.62,3.57
R1689,Manufacturing,Medium: 50-249 employees,3-5 years,50-99,Industrial area,Mixed municipal waste,Yes,Operations department,5,3,4,3,4,4,3,4,4,4,3,3,3,4,3,3,3,3,2,2,3,4,4,3,2,4,3,2,3,2,2,4,4,3,3,3,4,4,5,3,5,4,3,3,3,2,3,3,3,3,4,3,4,3,1,3,3,4,2,3,2,4,3.83,3.5,3.17,3.0,2.67,3.17,4.17,2.83,3.33,2.75,3.3
R1690,Manufacturing,Large: 250 employees or more,6-10 years,100-249,Industrial area,Plastic waste,Yes,Facility management team,3,5,5,3,3,5,3,3,3,4,3,2,3,3,3,2,4,3,3,3,,4,4,4,2,2,2,2,3,4,4,4,5,3,,4,4,3,4,3,3,4,3,3,3,3,3,3,3,4,5,3,5,5,3,3,3,4,,4,3,3,4.0,3.0,3.0,3.6,2.5,4.0,3.5,3.0,4.17,3.29,3.42
R1691,Retail,Medium: 50-249 employees,6-10 years,50-99,Semi-urban area,Food or organic waste,Not sure,External waste-management agency,4,4,5,4,4,4,3,3,2,4,2,3,2,,4,3,4,3,4,3,3,3,3,4,2,3,3,4,3,3,3,3,4,,3,3,3,3,3,3,4,3,3,3,5,3,2,3,4,2,,2,1,3,5,2,3,2,3,3,2,4,4.17,2.83,3.2,3.33,3.0,3.2,3.17,3.17,2.4,3.0,3.16
R1692,Retail,Micro: Fewer than 10 employees,Less than 3 years,Fewer than 10,Commercial area,Mixed municipal waste,Not sure,External waste-management agency,3,3,2,4,4,4,3,3,3,4,3,3,3,3,3,3,4,4,3,2,3,3,4,5,2,2,3,2,3,2,4,3,3,3,2,2,1,2,2,3,3,3,3,3,3,3,3,3,2,2,3,4,3,,3,3,2,4,2,3,4,3,3.33,3.17,3.33,3.33,2.33,2.83,2.33,3.0,2.8,3.0,2.94
R1693,Hospitality/Services,Small: 10-49 employees,Less than 3 years,Fewer than 10,Commercial area,Plastic waste,No,External waste-management agency,2,5,4,3,4,4,3,3,2,2,3,2,2,2,3,3,3,3,4,4,4,4,4,3,3,1,3,3,3,2,4,3,2,3,4,3,3,3,4,3,4,3,2,4,2,3,2,3,2,3,3,3,3,3,4,3,3,3,4,2,4,3,3.67,2.5,2.67,3.83,2.5,3.17,3.33,2.67,2.83,3.25,3.02
R1694,Manufacturing,Micro: Fewer than 10 employees,Less than 3 years,Fewer than 10,Urban area,Food or organic waste,No,External waste-management agency,3,3,3,5,3,4,2,3,3,4,3,3,3,2,3,3,3,3,3,3,3,4,2,3,3,4,4,5,5,3,2,3,4,4,3,3,2,3,4,4,2,3,3,3,4,4,3,3,3,2,4,2,3,2,4,3,4,1,2,3,2,4,3.5,3.0,2.83,3.0,4.0,3.17,3.0,3.33,2.67,2.88,3.17
R1695,Retail,Small: 10-49 employees,3-5 years,50-99,Urban area,Food or organic waste,No,External waste-management agency,3,3,3,1,2,2,3,3,2,3,4,3,3,3,2,1,2,3,2,2,3,3,2,2,4,2,1,1,2,1,2,3,2,3,2,2,3,3,3,3,4,3,2,2,2,2,1,2,3,3,2,2,4,1,3,5,4,4,3,3,4,3,2.33,3.0,2.33,2.33,1.83,2.33,3.17,1.83,2.5,3.62,2.41
R1696,Healthcare,Medium: 50-249 employees,11-20 years,50-99,Urban area,Mixed municipal waste,Not sure,Operations department,3,3,3,2,2,3,3,3,2,2,4,3,5,3,4,4,3,4,3,4,3,3,4,3,3,3,4,4,4,5,3,2,2,2,3,3,2,2,2,3,4,2,4,3,3,4,4,4,,,2,5,5,4,3,2,2,4,3,2,2,1,2.67,2.83,3.83,3.33,3.83,2.5,2.5,3.67,4.0,2.38,3.24
R1697,Healthcare,Medium: 50-249 employees,3-5 years,100-249,Semi-urban area,Mixed municipal waste,Not sure,Environmental or sustainability department,4,4,4,4,4,4,4,4,4,4,4,4,4,4,4,4,,4,4,4,4,4,4,4,4,4,4,4,4,4,4,4,4,4,4,4,4,4,4,4,4,4,4,4,4,4,4,4,4,4,4,4,4,4,4,4,4,4,4,4,4,4,4.0,4.0,4.0,4.0,4.0,4.0,4.0,4.0,4.0,4.0,4.0
R1698,Retail,Large: 250 employees or more,11-20 years,250 or more,Urban area,Paper and cardboard,Yes,Facility management team,4,4,5,4,4,3,4,4,4,5,5,3,3,3,3,3,5,3,4,4,4,3,5,4,3,3,4,4,,3,5,3,4,4,5,4,4,5,5,4,4,5,4,3,4,4,4,4,5,5,5,5,4,5,2,2,3,3,2,3,2,2,4.0,4.17,3.33,4.0,3.4,4.17,4.5,3.83,4.83,2.38,4.03
R1699,Manufacturing,Micro: Fewer than 10 employees,3-5 years,Fewer than 10,Semi-urban area,Plastic waste,No,External waste-management agency,4,2,3,3,2,3,4,3,4,4,4,4,2,3,3,3,3,3,3,3,3,3,3,2,2,2,2,3,3,2,3,3,2,2,2,4,3,3,2,2,5,4,2,4,3,3,2,2,4,3,3,5,3,2,3,2,3,3,3,3,2,2,2.83,3.83,2.83,2.83,2.33,2.67,3.17,2.67,3.33,2.62,2.94
R1700,Hospitality/Services,Medium: 50-249 employees,6-10 years,50-99,Semi-urban area,Plastic waste,Not sure,External waste-management agency,5,3,4,4,5,4,3,3,3,4,3,3,2,2,3,3,2,3,4,2,5,3,5,4,3,3,2,4,,3,4,4,3,5,4,5,2,4,3,3,3,3,3,4,4,4,3,3,4,4,3,3,4,3,3,2,3,2,3,2,4,4,4.17,3.17,2.5,3.83,3.0,4.17,3.0,3.5,3.5,2.88,3.43
R1701,Hospitality/Services,Small: 10-49 employees,Less than 3 years,Fewer than 10,Semi-urban area,Mixed municipal waste,No,External waste-management agency,3,4,4,4,4,4,3,3,3,3,3,3,3,3,2,4,4,4,2,2,2,3,2,3,2,4,3,3,2,3,3,4,2,2,3,3,4,3,3,3,4,3,3,2,4,4,3,4,2,3,2,3,3,3,3,3,3,5,3,4,3,3,3.83,3.0,3.33,2.33,2.83,2.83,3.33,3.33,2.67,3.38,3.05
R1702,Retail,Medium: 50-249 employees,3-5 years,100-249,Industrial area,Plastic waste,Not sure,Operations department,3,3,3,4,2,3,4,3,3,4,5,4,3,3,3,4,3,4,2,2,2,3,2,2,3,4,4,5,3,4,3,4,4,3,2,4,3,4,5,3,4,4,4,3,3,4,4,4,3,3,4,3,3,3,1,2,3,3,3,2,3,2,3.0,3.83,3.33,2.17,3.83,3.33,3.83,3.67,3.17,2.38,3.35
R1703,Healthcare,Medium: 50-249 employees,11-20 years,50-99,Semi-urban area,Mixed municipal waste,Yes,Operations department,2,2,2,2,2,2,2,2,2,2,2,2,,2,2,2,2,2,2,2,2,2,2,2,2,2,2,2,2,2,2,2,2,2,2,2,2,2,2,2,2,2,2,2,2,2,2,2,2,2,2,2,2,2,2,2,2,2,2,2,2,2,2.0,2.0,2.0,2.0,2.0,2.0,2.0,2.0,2.0,2.0,2.0
R1704,Manufacturing,Medium: 50-249 employees,Less than 3 years,50-99,Industrial area,Mixed municipal waste,No,External waste-management agency,3,3,4,2,2,2,3,3,2,2,2,2,2,1,2,2,1,1,2,3,1,4,3,2,2,2,4,2,3,2,3,2,4,4,3,4,3,2,3,3,3,2,3,2,,2,4,2,2,2,2,3,2,2,2,3,3,3,4,3,3,2,2.67,2.33,1.5,2.5,2.5,3.33,2.67,2.6,2.17,2.88,2.47
R1705,Manufacturing,Medium: 50-249 employees,11-20 years,50-99,Industrial area,Paper and cardboard,Not sure,Facility management team,4,3,2,4,4,4,4,4,3,4,3,4,4,2,4,4,4,3,3,4,4,4,4,4,5,4,4,5,3,4,4,3,2,3,5,3,4,3,4,3,4,4,5,4,3,4,4,4,3,3,4,4,3,3,4,2,2,,4,4,3,3,3.5,3.67,3.5,3.83,4.17,3.33,3.67,4.0,3.33,3.14,3.67
R1706,Manufacturing,Large: 250 employees or more,11-20 years,250 or more,Urban area,Paper and cardboard,Under development,Facility management team,4,4,4,4,4,5,5,4,5,4,5,,4,3,4,4,5,4,5,4,4,3,4,5,5,5,5,4,5,,5,,5,5,5,5,5,4,5,4,3,5,4,4,3,4,4,3,3,5,3,3,4,4,3,3,3,3,3,5,3,4,4.17,4.6,4.0,4.17,4.8,5.0,4.33,3.67,3.67,3.38,4.27
R1707,Information Technology,Medium: 50-249 employees,3-5 years,100-249,Semi-urban area,Paper and cardboard,Under development,Facility management team,3,4,3,4,3,4,3,4,3,3,5,4,2,4,3,4,4,3,4,5,3,4,3,3,2,4,3,3,2,3,2,4,3,3,3,2,3,4,4,2,3,5,2,1,2,3,3,2,4,3,4,3,5,3,3,1,3,2,2,3,2,1,3.5,3.67,3.33,3.67,2.83,2.83,3.5,2.17,3.67,2.12,3.24
R1708,Manufacturing,Medium: 50-249 employees,6-10 years,50-99,Industrial area,Mixed municipal waste,Not sure,Operations department,3,4,3,3,3,2,5,5,4,4,4,3,3,5,3,5,4,2,4,4,3,3,4,3,3,4,4,4,5,5,4,4,4,3,2,2,4,4,4,5,4,3,4,5,4,4,4,4,3,4,3,4,3,3,3,4,3,4,3,4,2,3,3.0,4.17,3.67,3.5,4.17,3.17,4.0,4.17,3.33,3.25,3.69
R1709,Manufacturing,Small: 10-49 employees,6-10 years,10-49,Industrial area,Paper and cardboard,Yes,Operations department,3,4,4,4,5,4,5,3,4,4,5,5,2,3,4,3,2,4,3,5,4,4,4,4,4,3,4,4,4,3,3,4,3,3,3,3,3,3,3,3,3,4,4,4,2,4,5,4,4,3,3,3,4,3,3,3,3,3,4,4,4,3,4.0,4.33,3.0,4.0,3.67,3.17,3.17,3.83,3.33,3.38,3.61
R1710,Manufacturing,Micro: Fewer than 10 employees,11-20 years,Fewer than 10,Industrial area,Plastic waste,Yes,External waste-management agency,4,4,4,4,4,4,4,4,4,4,4,4,4,4,4,4,4,4,4,4,4,4,4,4,4,4,4,4,4,4,4,4,4,4,4,4,4,4,4,4,4,4,4,4,4,4,4,4,4,4,4,4,4,4,4,4,4,4,4,4,4,4,4.0,4.0,4.0,4.0,4.0,4.0,4.0,4.0,4.0,4.0,4.0
R1711,Manufacturing,Micro: Fewer than 10 employees,Less than 3 years,Fewer than 10,Commercial area,Paper and cardboard,No,Operations department,3,4,3,4,4,4,3,4,4,3,3,3,5,4,3,3,3,4,3,4,4,5,4,4,3,4,4,4,3,4,2,3,3,2,3,3,3,4,4,3,4,4,3,3,4,3,3,4,3,3,3,2,4,4,4,3,2,2,4,3,4,4,3.67,3.33,3.67,4.0,3.67,2.67,3.67,3.33,3.17,3.25,3.46
R1712,Retail,Small: 10-49 employees,Less than 3 years,10-49,Semi-urban area,Food or organic waste,No,External waste-management agency,2,3,,3,1,3,2,1,2,3,3,2,2,4,3,3,3,3,4,3,4,4,3,4,3,3,4,3,3,3,2,2,3,2,4,3,3,3,3,3,3,2,1,3,1,2,3,2,2,2,2,1,1,2,3,4,2,4,4,4,3,3,2.4,2.17,3.0,3.67,3.17,2.67,2.83,2.0,1.67,3.38,2.62
R1713,Healthcare,Medium: 50-249 employees,6-10 years,100-249,Urban area,Mixed municipal waste,Yes,Facility management team,4,4,3,4,4,4,4,3,4,5,4,4,4,5,,3,4,3,3,4,4,3,5,4,3,3,4,3,3,4,4,4,3,5,4,2,4,3,3,3,4,5,4,4,4,4,5,4,3,4,3,3,3,3,3,4,2,3,5,4,2,2,3.83,4.0,3.8,3.83,3.33,3.67,3.67,4.17,3.17,3.12,3.72
R1714,Healthcare,Medium: 50-249 employees,Less than 3 years,50-99,Urban area,Paper and cardboard,Under development,Facility management team,3,3,3,4,2,3,3,3,4,4,4,4,3,3,5,4,3,5,4,4,4,4,3,4,4,3,3,4,3,3,4,2,4,3,3,3,3,5,5,4,3,,3,2,3,3,3,3,5,3,4,4,4,4,4,4,2,3,4,3,4,3,3.0,3.67,3.83,3.83,3.33,3.17,4.0,2.83,4.0,3.38,3.52
R1715,Retail,Small: 10-49 employees,3-5 years,50-99,Urban area,Paper and cardboard,No,External waste-management agency,3,2,2,2,3,2,4,3,4,4,4,4,3,3,1,3,3,3,3,3,4,2,3,3,3,2,2,3,3,3,2,2,4,2,3,2,3,4,4,3,5,3,3,3,3,3,4,4,3,1,3,3,2,3,4,4,4,4,4,4,4,4,2.33,3.83,2.67,3.0,2.67,2.5,3.67,3.33,2.5,4.0,2.94
R1716,Retail,Large: 250 employees or more,3-5 years,100-249,Commercial area,Mixed municipal waste,Not sure,Operations department,4,2,2,3,2,2,4,4,4,2,3,3,3,4,5,,2,3,4,5,5,4,4,5,,4,4,3,4,4,2,4,4,4,4,4,3,4,3,2,4,4,,4,2,3,2,3,3,3,3,3,3,2,2,4,3,4,3,3,3,2,2.5,3.33,3.4,4.5,3.8,3.67,3.33,2.8,2.83,3.0,3.35
R1717,Information Technology,Small: 10-49 employees,3-5 years,10-49,Urban area,Paper and cardboard,No,External waste-management agency,3,4,3,3,3,4,3,4,3,5,3,,2,3,3,1,2,3,3,4,3,3,4,4,3,3,,4,4,5,4,3,3,2,2,4,4,5,5,5,5,5,4,4,4,4,4,4,4,4,3,4,3,5,3,4,3,2,3,3,4,4,3.33,3.6,2.33,3.5,3.8,3.0,4.83,4.0,3.83,3.25,3.58
R1718,Manufacturing,Medium: 50-249 employees,11-20 years,10-49,Industrial area,Plastic waste,Not sure,External waste-management agency,3,4,3,3,3,3,2,3,2,2,3,2,4,4,2,4,4,4,3,3,4,2,3,4,2,4,4,4,4,4,4,3,5,4,2,4,3,3,4,4,3,3,3,3,3,3,3,3,4,4,5,4,3,4,2,3,3,5,4,2,3,4,3.17,2.33,3.67,3.17,3.67,3.67,3.33,3.0,4.0,3.25,3.33
R1719,Manufacturing,Large: 250 employees or more,11-20 years,250 or more,Industrial area,Food or organic waste,Under development,Environmental or sustainability department,3,3,2,3,4,4,4,4,4,4,5,4,4,3,5,4,4,3,4,3,3,4,3,2,4,3,2,2,3,3,2,4,4,4,4,3,3,2,2,3,3,3,4,,3,4,4,4,2,3,3,1,3,1,2,2,2,1,2,2,2,2,3.17,4.17,3.83,3.17,2.83,3.5,2.67,3.8,2.17,1.88,3.26
R1720,Information Technology,Medium: 50-249 employees,3-5 years,50-99,Urban area,Food or organic waste,No,External waste-management agency,2,3,3,4,1,2,3,3,3,4,4,3,3,3,1,3,2,3,2,3,3,3,2,2,4,4,3,4,4,3,2,1,3,2,2,2,4,3,2,,2,2,1,3,2,1,2,3,3,3,3,4,4,4,4,4,3,3,4,4,4,4,2.5,3.33,2.5,2.5,3.67,2.0,2.6,2.0,3.5,3.75,2.73
R1721,Healthcare,Micro: Fewer than 10 employees,11-20 years,Fewer than 10,Urban area,Mixed municipal waste,Under development,Environmental or sustainability department,4,4,4,4,4,4,4,4,4,3,4,3,4,3,2,,4,4,3,4,4,5,4,4,4,3,4,4,4,3,4,5,5,4,4,4,3,3,3,3,2,3,5,3,5,5,5,,4,3,4,5,5,4,2,2,3,3,3,2,2,3,4.0,3.67,3.4,4.0,3.67,4.33,2.83,4.6,4.17,2.5,3.85
R1722,Retail,Micro: Fewer than 10 employees,Less than 3 years,Fewer than 10,Semi-urban area,Food or organic waste,Not sure,External waste-management agency,3,3,3,3,4,4,5,4,4,4,5,4,2,2,2,3,3,2,3,4,5,3,3,3,,3,3,3,3,3,3,4,2,2,3,4,3,3,4,3,4,2,4,4,4,3,4,3,2,2,3,2,3,3,3,1,2,3,3,3,3,3,3.33,4.33,2.33,3.5,3.0,3.0,3.17,3.67,2.5,2.62,3.2
R1723,Manufacturing,Medium: 50-249 employees,11-20 years,50-99,Industrial area,Plastic waste,Not sure,Facility management team,3,5,3,3,4,4,4,4,3,3,4,4,2,4,3,4,3,3,2,3,3,2,2,2,3,3,3,3,3,3,4,2,3,4,5,4,4,3,5,3,4,4,3,3,3,3,4,2,2,3,2,3,3,3,3,2,2,3,3,5,3,4,3.67,3.67,3.17,2.33,3.0,3.67,3.83,3.0,2.67,3.12,3.22
R1724,Manufacturing,Large: 250 employees or more,11-20 years,250 or more,Urban area,Plastic waste,Yes,Operations department,5,3,4,5,4,4,4,4,4,3,3,,4,5,5,4,4,5,5,4,5,5,5,5,3,4,4,4,3,4,4,3,4,4,3,3,4,4,4,3,4,3,4,3,3,4,5,2,3,3,4,3,4,4,3,2,2,3,3,3,2,2,4.17,3.6,4.5,4.83,3.67,3.5,3.67,3.5,3.5,2.5,3.88
R1725,Manufacturing,Large: 250 employees or more,6-10 years,100-249,Industrial area,Paper and cardboard,Under development,Facility management team,2,2,2,2,2,2,2,2,2,2,2,2,2,2,2,2,2,2,2,2,2,2,2,2,2,2,2,2,2,2,2,2,2,2,2,2,2,2,2,2,2,2,2,2,2,2,2,2,2,2,2,2,2,2,2,2,2,2,2,2,2,2,2.0,2.0,2.0,2.0,2.0,2.0,2.0,2.0,2.0,2.0,2.0
R1726,Information Technology,Small: 10-49 employees,Less than 3 years,Fewer than 10,Urban area,Paper and cardboard,No,Facility management team,4,4,4,5,4,4,3,3,3,2,4,3,3,3,3,4,3,3,3,3,3,3,3,4,2,4,4,4,4,2,3,5,3,5,5,4,3,4,3,3,3,3,3,3,3,2,3,3,4,4,4,3,5,3,3,2,3,3,2,2,3,1,4.17,3.0,3.17,3.17,3.33,4.17,3.17,2.83,3.83,2.38,3.43
R1727,Healthcare,Medium: 50-249 employees,3-5 years,50-99,Urban area,Plastic waste,No,Operations department,3,2,3,3,3,4,3,3,3,3,3,3,3,3,3,4,4,3,2,3,4,4,3,5,4,3,3,2,2,3,3,1,3,3,2,3,3,2,3,3,3,4,3,4,3,3,3,4,3,3,3,3,3,3,2,3,4,4,3,2,3,1,3.0,3.0,3.33,3.5,2.83,2.5,3.0,3.33,3.0,2.75,3.05
R1728,Manufacturing,Medium: 50-249 employees,3-5 years,100-249,Industrial area,Plastic waste,Not sure,Operations department,2,2,4,4,3,3,3,1,2,3,2,3,2,2,2,2,3,2,4,3,3,3,3,3,5,2,2,3,3,4,3,4,4,3,3,3,3,2,3,4,4,3,2,2,3,3,3,3,3,3,3,5,3,2,2,2,3,2,2,2,2,2,3.0,2.33,2.17,3.17,3.17,3.33,3.17,2.67,3.17,2.12,2.91
R1729,Manufacturing,Small: 10-49 employees,Less than 3 years,Fewer than 10,Industrial area,Mixed municipal waste,Under development,External waste-management agency,4,4,4,3,5,4,,3,4,3,3,4,5,5,5,4,4,4,3,3,3,1,4,1,4,3,4,,3,4,2,3,4,5,4,4,2,3,4,3,3,3,2,3,3,3,4,4,4,3,4,3,3,4,3,3,3,2,3,3,3,2,4.0,3.4,4.5,2.5,3.6,3.67,3.0,3.17,3.5,2.75,3.48
R1730,Manufacturing,Medium: 50-249 employees,6-10 years,100-249,Commercial area,Paper and cardboard,Under development,External waste-management agency,4,2,3,3,2,3,3,2,2,5,2,2,2,3,4,3,4,4,2,3,3,3,2,3,3,5,5,5,3,5,5,2,3,3,3,,4,5,3,3,4,4,3,2,2,3,3,3,4,4,4,4,3,4,5,4,4,2,4,3,3,4,2.83,2.67,3.33,2.67,4.33,3.2,3.83,2.67,3.83,3.62,3.26
R1731,Manufacturing,Large: 250 employees or more,3-5 years,100-249,Industrial area,Plastic waste,Not sure,Environmental or sustainability department,3,4,4,4,4,4,4,4,4,4,4,4,2,3,3,3,3,2,3,4,4,4,3,3,3,3,3,3,4,3,3,3,3,4,4,4,4,3,4,3,3,3,4,3,3,4,3,2,3,3,3,3,1,3,4,4,3,3,2,4,3,2,3.83,4.0,2.67,3.5,3.17,3.5,3.33,3.17,2.67,3.12,3.32
R1732,Healthcare,Large: 250 employees or more,6-10 years,250 or more,Semi-urban area,Plastic waste,Under development,Operations department,2,3,4,4,3,3,4,3,4,3,4,4,4,4,3,4,3,3,4,4,5,4,3,3,2,2,3,3,2,3,4,4,5,3,3,3,5,4,3,3,2,3,2,2,4,2,2,3,4,,4,3,3,3,3,3,3,4,4,3,2,2,3.17,3.67,3.5,3.83,2.5,3.67,3.33,2.5,3.4,3.0,3.29
R1733,Retail,Medium: 50-249 employees,6-10 years,100-249,Semi-urban area,Paper and cardboard,Not sure,Operations department,3,3,3,2,3,4,4,4,4,4,5,4,2,3,2,3,2,3,2,4,3,3,2,3,4,4,5,3,4,4,4,3,3,4,5,,4,4,3,3,4,4,2,3,4,4,4,4,3,3,3,3,1,3,3,4,3,4,3,4,3,4,3.0,4.17,2.5,2.83,4.0,3.8,3.67,3.5,2.67,3.5,3.35
R1734,Information Technology,Micro: Fewer than 10 employees,Less than 3 years,Fewer than 10,Urban area,Paper and cardboard,No,External waste-management agency,3,2,3,4,2,4,2,3,3,2,3,4,2,3,3,2,3,3,3,2,2,3,1,3,3,3,2,3,4,3,3,3,3,3,3,2,3,2,2,3,2,3,4,3,4,3,3,,4,4,4,3,3,5,4,4,3,3,3,4,2,2,3.0,2.83,2.67,2.33,3.0,2.83,2.5,3.4,3.83,3.12,2.93
R1735,Information Technology,Small: 10-49 employees,6-10 years,10-49,Urban area,Plastic waste,Not sure,External waste-management agency,4,4,3,4,2,4,3,3,2,4,2,3,4,3,3,2,1,4,2,2,3,2,3,3,2,1,3,3,3,2,1,,2,4,3,2,2,2,3,3,3,2,3,3,2,4,3,4,3,5,4,3,3,3,3,3,3,4,3,3,3,3,3.5,2.83,2.83,2.5,2.33,2.4,2.5,3.17,3.5,3.12,2.84
R1736,Hospitality/Services,Large: 250 employees or more,6-10 years,100-249,Commercial area,Mixed municipal waste,Under development,Facility management team,3,3,3,2,3,3,5,5,4,5,3,3,5,4,5,4,5,4,3,2,3,3,2,2,4,3,4,4,5,4,4,5,3,5,4,3,3,3,4,3,2,4,5,4,4,4,4,4,2,4,2,2,3,3,2,2,,3,2,1,3,2,2.83,4.17,4.5,2.5,4.0,4.0,3.17,4.17,2.67,2.14,3.56
R1737,Information Technology,Micro: Fewer than 10 employees,Less than 3 years,Fewer than 10,Commercial area,Paper and cardboard,No,External waste-management agency,,3,,4,3,4,3,3,3,3,3,3,5,4,5,4,5,4,2,2,3,2,3,3,3,2,2,3,2,2,2,3,2,2,3,3,2,4,3,2,3,3,3,3,2,3,3,3,2,3,2,2,2,3,2,1,3,2,2,3,2,3,3.5,3.0,4.5,2.5,2.33,2.5,2.83,2.83,2.33,2.25,2.92
R1738,Hospitality/Services,Medium: 50-249 employees,3-5 years,100-249,Urban area,Food or organic waste,No,Operations department,4,3,5,3,4,4,3,3,3,2,2,3,3,2,5,4,4,5,4,3,4,4,2,3,3,2,4,2,2,4,4,3,3,3,3,4,3,2,1,3,2,2,3,4,3,3,3,4,2,2,3,3,2,4,3,3,3,3,2,3,4,3,3.83,2.67,3.83,3.33,2.83,3.33,2.17,3.33,2.67,3.0,3.11
R1739,Hospitality/Services,Micro: Fewer than 10 employees,6-10 years,Fewer than 10,Urban area,Food or organic waste,Under development,External waste-management agency,5,2,2,3,3,4,4,3,3,3,3,2,4,2,3,3,4,4,2,1,1,1,1,1,3,3,3,2,4,3,3,3,4,3,3,4,4,4,3,3,3,3,3,4,2,4,4,3,2,3,2,3,2,2,3,4,5,3,4,5,4,5,3.17,3.0,3.33,1.17,3.0,3.33,3.33,3.33,2.33,4.12,2.89
R1740,Retail,Large: 250 employees or more,3-5 years,100-249,Urban area,Mixed municipal waste,Under development,External waste-management agency,3,4,3,2,4,3,4,3,3,4,3,4,2,3,3,2,,3,4,3,3,3,3,3,3,4,3,4,3,5,2,3,3,3,2,2,4,4,3,3,3,4,3,2,3,3,3,3,3,3,3,4,3,2,3,3,3,3,3,2,3,1,3.17,3.5,2.6,3.17,3.67,2.5,3.5,2.83,3.0,2.62,3.1
R1741,Manufacturing,Micro: Fewer than 10 employees,11-20 years,10-49,Industrial area,Plastic waste,Not sure,External waste-management agency,2,3,2,2,2,2,2,2,3,3,3,3,4,5,5,4,,3,4,4,3,4,3,3,3,3,2,4,,4,3,4,2,3,3,3,4,4,3,2,2,3,3,4,3,3,3,3,1,2,2,3,1,1,3,4,5,3,3,4,3,4,2.17,2.67,4.2,3.5,3.2,3.0,3.0,3.17,1.67,3.62,2.95
R1742,Manufacturing,Medium: 50-249 employees,11-20 years,50-99,Semi-urban area,Plastic waste,Under development,Environmental or sustainability department,4,4,4,3,3,3,2,4,3,3,3,3,2,3,4,3,4,3,4,4,4,5,4,4,5,4,4,4,5,3,4,4,3,3,5,5,4,4,3,3,4,4,4,4,4,5,3,3,4,4,4,3,4,4,2,3,2,2,2,2,1,3,3.5,3.0,3.17,4.17,4.17,4.0,3.67,3.83,3.83,2.12,3.7
R1743,Healthcare,Medium: 50-249 employees,3-5 years,100-249,Urban area,Mixed municipal waste,Yes,Facility management team,2,3,3,4,3,5,3,3,3,3,3,3,4,4,4,4,4,4,4,5,4,3,3,3,5,5,4,5,4,4,3,3,3,3,4,3,4,4,4,4,3,3,4,3,4,5,4,5,3,3,4,3,3,4,3,2,3,3,3,2,3,3,3.33,3.0,4.0,3.67,4.5,3.17,3.67,4.17,3.33,2.75,3.65
R1744,Healthcare,Large: 250 employees or more,Less than 3 years,250 or more,Urban area,Paper and cardboard,No,Operations department,3,3,1,3,3,2,3,3,3,5,4,4,3,3,4,3,2,2,4,3,2,4,3,3,3,2,2,4,2,2,3,2,2,3,2,2,3,4,4,4,3,3,3,4,4,4,2,3,3,3,5,3,4,3,4,5,4,4,5,5,4,5,2.5,3.67,2.83,3.17,2.5,2.33,3.5,3.33,3.5,4.5,3.04
R1745,Manufacturing,Medium: 50-249 employees,11-20 years,50-99,Commercial area,Plastic waste,Yes,Facility management team,4,3,3,4,3,4,4,4,3,3,4,5,3,3,3,3,3,4,4,5,3,4,3,5,2,4,5,4,4,4,4,4,4,4,4,4,3,3,3,3,4,4,3,5,2,2,4,4,4,4,4,4,4,3,3,3,4,3,3,2,4,2,3.5,3.83,3.17,4.0,3.83,4.0,3.33,3.33,3.83,3.0,3.65
R1746,Information Technology,Micro: Fewer than 10 employees,Less than 3 years,Fewer than 10,Urban area,Paper and cardboard,No,External waste-management agency,1,3,3,3,3,2,4,5,4,5,5,4,2,2,4,3,3,5,3,3,3,5,4,3,4,4,3,4,3,4,,3,3,3,2,2,2,4,4,2,3,3,4,3,5,4,3,4,3,,,3,4,3,2,2,1,2,1,2,1,3,2.5,4.5,3.17,3.5,3.67,2.6,3.0,3.83,3.25,1.75,3.34
R1747,Information Technology,Micro: Fewer than 10 employees,Less than 3 years,Fewer than 10,Urban area,Mixed municipal waste,Under development,External waste-management agency,2,3,2,3,4,3,3,3,3,4,4,3,3,3,2,4,2,3,3,3,3,2,2,4,3,5,4,4,3,3,,3,2,4,2,3,3,2,3,3,4,2,4,5,4,2,2,4,3,3,3,4,3,2,3,2,1,3,4,2,3,3,2.83,3.33,2.83,2.83,3.67,2.8,2.83,3.5,3.0,2.62,3.07
R1748,Healthcare,Large: 250 employees or more,3-5 years,250 or more,Urban area,Food or organic waste,Under development,Operations department,3,3,3,4,4,4,3,4,4,3,3,4,4,4,4,4,4,3,4,4,4,4,4,4,3,3,4,4,3,3,4,3,3,4,4,3,3,3,5,5,3,3,3,4,3,3,3,2,4,,4,3,3,4,3,3,2,4,4,3,4,2,3.5,3.5,3.83,4.0,3.33,3.5,3.67,3.0,3.6,3.12,3.55
R1749,Retail,Micro: Fewer than 10 employees,3-5 years,Fewer than 10,Urban area,Plastic waste,Under development,Operations department,4,4,5,4,,3,2,3,3,,2,2,2,3,2,3,3,3,2,3,3,3,3,3,4,3,4,3,2,3,3,3,3,3,4,2,4,4,5,4,4,4,4,3,4,4,4,4,3,3,2,4,3,2,4,3,3,4,3,4,3,5,4.0,2.4,2.67,2.83,3.17,3.0,4.17,3.83,2.83,3.62,3.21
R1750,Manufacturing,Small: 10-49 employees,11-20 years,50-99,Industrial area,Mixed municipal waste,Under development,Facility management team,4,5,4,4,5,5,4,3,4,3,4,5,4,3,4,4,4,4,3,5,3,4,4,4,3,4,4,4,3,4,3,3,4,3,2,4,5,5,4,5,5,4,4,4,5,4,4,3,4,4,2,4,3,3,4,2,3,3,4,2,2,3,4.5,3.83,3.83,3.83,3.67,3.17,4.67,4.0,3.33,2.88,3.87
R1751,Retail,Large: 250 employees or more,3-5 years,250 or more,Commercial area,Paper and cardboard,No,Operations department,4,3,4,4,3,3,4,3,3,4,3,2,3,4,3,4,2,3,3,3,3,4,2,3,3,3,,4,4,3,3,4,4,5,3,4,3,3,3,3,5,4,2,3,2,3,3,3,2,2,4,4,3,2,3,3,4,4,4,4,3,4,3.5,3.17,3.17,3.0,3.4,3.83,3.5,2.67,2.83,3.62,3.23
R1752,Manufacturing,Medium: 50-249 employees,6-10 years,100-249,Semi-urban area,Plastic waste,Under development,External waste-management agency,3,3,3,4,1,3,2,3,4,3,2,2,3,2,3,3,3,3,3,5,4,4,3,3,3,3,2,3,2,3,4,2,3,2,4,4,3,,4,3,5,3,,2,3,3,3,3,,3,3,3,2,3,1,2,2,4,2,4,3,2,2.83,2.67,2.83,3.67,2.67,3.17,3.6,2.8,2.8,2.5,3.0
R1753,Healthcare,Micro: Fewer than 10 employees,6-10 years,Fewer than 10,Urban area,Paper and cardboard,Not sure,Operations department,4,4,3,4,4,3,4,3,5,4,4,5,3,4,4,2,4,4,4,4,3,3,3,3,4,3,3,4,3,4,2,2,3,2,3,3,2,3,4,2,3,3,3,4,3,4,3,3,3,3,4,2,3,3,3,4,3,3,2,4,3,3,3.67,4.17,3.5,3.33,3.5,2.5,2.83,3.33,3.0,3.12,3.31
R1754,Retail,Small: 10-49 employees,3-5 years,50-99,Commercial area,Paper and cardboard,Under development,External waste-management agency,3,3,2,1,1,4,3,3,3,3,2,2,3,2,4,3,3,3,4,4,3,3,4,4,3,4,4,4,3,1,4,3,4,4,3,3,2,2,2,3,2,2,4,3,4,4,4,4,3,3,3,3,4,2,4,4,4,5,4,4,3,4,2.33,2.67,3.0,3.67,3.17,3.5,2.17,3.83,3.0,4.0,3.04
R1755,Manufacturing,Large: 250 employees or more,6-10 years,250 or more,Industrial area,Paper and cardboard,Under development,Facility management team,3,2,2,3,2,3,3,2,3,3,3,4,5,5,4,4,5,5,4,4,4,4,5,4,4,5,4,4,5,4,3,3,4,3,4,5,3,4,4,4,3,4,4,4,4,4,4,4,4,3,4,3,4,5,3,2,2,3,2,2,2,3,2.5,3.0,4.67,4.17,4.33,3.67,3.67,4.0,3.83,2.38,3.76
R1756,Retail,Large: 250 employees or more,11-20 years,250 or more,Urban area,Plastic waste,Under development,Environmental or sustainability department,3,3,3,4,3,3,3,2,3,4,4,4,4,5,4,5,4,4,4,4,3,5,4,3,4,,5,3,5,5,4,4,4,4,4,5,3,4,4,3,4,4,3,4,5,5,3,4,5,5,4,4,4,4,3,2,2,2,2,2,3,3,3.17,3.33,4.33,3.83,4.4,4.17,3.67,4.0,4.33,2.38,3.91
R1757,Healthcare,Large: 250 employees or more,11-20 years,250 or more,Urban area,Mixed municipal waste,Yes,Environmental or sustainability department,4,4,4,4,,5,5,5,3,4,4,4,3,4,5,4,5,4,4,3,4,,4,4,4,5,4,4,4,4,3,4,5,4,4,4,4,4,3,2,3,4,2,3,3,4,2,4,4,4,3,3,4,4,1,2,2,3,1,2,2,3,4.2,4.17,4.17,3.8,4.17,4.0,3.33,3.0,3.67,2.0,3.83
R1758,Retail,Large: 250 employees or more,11-20 years,250 or more,Commercial area,Plastic waste,Yes,Environmental or sustainability department,4,4,4,4,4,4,4,5,5,3,4,5,5,3,4,5,5,5,5,4,5,5,5,5,5,5,5,4,4,4,4,5,5,5,5,5,3,5,5,5,4,5,5,5,5,4,5,4,4,4,5,4,4,4,4,3,5,3,3,3,2,3,4.0,4.33,4.5,4.83,4.5,4.83,4.5,4.67,4.17,3.25,4.48
R1759,Hospitality/Services,Micro: Fewer than 10 employees,Less than 3 years,Fewer than 10,Commercial area,Paper and cardboard,Not sure,External waste-management agency,2,3,3,2,3,3,3,3,3,3,4,2,4,2,2,3,3,4,4,2,3,4,,3,3,4,4,3,3,3,2,2,2,1,3,2,3,3,3,4,2,2,4,4,4,4,5,4,4,4,4,3,3,3,4,3,3,3,4,3,3,3,2.67,3.0,3.0,3.2,3.33,2.0,2.83,4.17,3.5,3.25,3.08
R1760,Manufacturing,Large: 250 employees or more,6-10 years,250 or more,Industrial area,Mixed municipal waste,Not sure,Facility management team,3,2,4,2,3,3,3,3,2,2,3,2,3,3,3,2,3,2,4,2,3,4,3,3,4,3,3,4,4,4,5,4,4,4,3,5,3,3,2,3,3,3,3,3,4,4,3,3,4,4,3,3,2,3,2,4,5,4,4,4,4,4,2.83,2.5,2.67,3.17,3.67,4.17,2.83,3.33,3.17,3.88,3.15
R1761,Hospitality/Services,Micro: Fewer than 10 employees,3-5 years,Fewer than 10,Commercial area,Mixed municipal waste,No,External waste-management agency,4,3,4,2,2,2,4,3,5,4,3,4,2,3,2,1,2,3,4,4,5,3,3,4,3,3,2,2,2,3,4,3,3,2,2,3,2,4,3,3,3,4,3,2,3,3,3,3,4,4,4,3,3,3,2,3,4,4,3,3,3,4,2.83,3.83,2.17,3.83,2.5,2.83,3.17,2.83,3.5,3.25,3.05
R1762,Manufacturing,Micro: Fewer than 10 employees,Less than 3 years,Fewer than 10,Commercial area,Paper and cardboard,Not sure,External waste-management agency,2,3,3,2,3,2,4,4,4,4,4,4,2,2,3,3,2,3,3,3,3,4,3,3,3,2,3,3,4,3,4,5,4,3,4,4,2,2,3,3,3,3,3,3,4,2,3,2,3,3,3,3,4,3,3,2,4,2,3,3,3,3,2.5,4.0,2.5,3.17,3.0,4.0,2.67,2.83,3.17,2.88,3.09
R1763,Manufacturing,Micro: Fewer than 10 employees,Less than 3 years,Fewer than 10,Industrial area,Mixed municipal waste,No,Facility management team,5,4,4,4,5,3,4,3,3,4,4,4,5,4,4,4,3,4,4,4,4,5,3,4,3,3,4,3,4,4,4,3,3,3,2,3,4,2,3,3,4,3,3,4,3,3,4,3,3,3,3,3,3,4,3,4,3,3,5,3,4,5,4.17,3.67,4.0,4.0,3.5,3.0,3.17,3.33,3.17,3.75,3.56
R1764,Hospitality/Services,Micro: Fewer than 10 employees,Less than 3 years,Fewer than 10,Semi-urban area,Food or organic waste,No,External waste-management agency,3,4,3,4,2,3,2,1,2,3,2,3,4,3,4,3,3,3,2,2,3,3,2,3,3,3,4,3,3,3,3,2,3,4,3,3,2,2,4,2,4,4,4,3,3,3,4,4,3,2,3,2,3,4,4,3,3,2,3,3,2,2,3.17,2.17,3.33,2.5,3.17,3.0,3.0,3.5,2.83,2.75,2.96
R1765,Information Technology,Micro: Fewer than 10 employees,Less than 3 years,10-49,Industrial area,Paper and cardboard,No,External waste-management agency,4,3,3,3,5,3,,5,4,3,5,4,4,3,3,3,,3,3,3,3,2,3,4,,2,3,3,3,2,3,4,4,4,4,3,3,2,3,3,3,3,3,4,3,2,3,4,3,4,3,3,3,3,4,3,2,2,3,3,3,2,3.5,4.2,3.2,3.0,2.6,3.67,2.83,3.17,3.17,2.75,3.26
R1766,Healthcare,Micro: Fewer than 10 employees,6-10 years,Fewer than 10,Semi-urban area,Mixed municipal waste,Not sure,External waste-management agency,4,2,3,3,3,2,4,4,5,5,4,3,4,4,5,2,4,4,3,3,3,3,2,3,4,4,,4,5,4,3,3,4,3,3,3,3,3,4,3,,3,4,3,4,4,5,4,3,4,4,3,3,5,2,4,3,2,3,5,4,3,2.83,4.17,3.83,2.83,4.2,3.17,3.2,4.0,3.67,3.25,3.54
R1767,Information Technology,Small: 10-49 employees,6-10 years,10-49,Commercial area,Food or organic waste,Under development,Operations department,4,4,4,4,4,4,4,4,4,4,4,4,4,4,4,4,4,4,4,4,4,4,4,4,4,4,4,4,4,4,4,4,4,4,4,4,4,4,4,4,4,4,4,4,4,4,4,4,4,4,4,4,4,4,4,4,4,4,4,4,4,4,4.0,4.0,4.0,4.0,4.0,4.0,4.0,4.0,4.0,4.0,4.0
R1768,Retail,Small: 10-49 employees,3-5 years,10-49,Commercial area,Paper and cardboard,Yes,Operations department,3,4,4,4,3,4,4,4,4,3,4,4,4,3,4,4,3,4,3,5,3,3,4,4,4,4,3,3,4,3,5,5,5,4,5,3,3,4,4,3,4,4,3,4,4,5,5,5,4,4,4,5,5,4,3,2,4,3,2,2,3,3,3.67,3.83,3.67,3.67,3.5,4.5,3.67,4.33,4.33,2.75,3.91
R1769,Information Technology,Micro: Fewer than 10 employees,Less than 3 years,Fewer than 10,Commercial area,Paper and cardboard,Not sure,External waste-management agency,3,3,3,4,3,4,2,2,3,1,3,3,5,3,5,3,4,4,3,3,4,4,3,3,4,2,3,3,2,2,2,3,3,2,4,3,,4,4,4,3,5,2,2,3,2,2,2,4,4,4,4,4,4,3,3,4,3,4,1,3,3,3.33,2.33,4.0,3.33,2.67,2.83,4.0,2.17,4.0,3.0,3.18
R1770,Manufacturing,Large: 250 employees or more,11-20 years,250 or more,Industrial area,Paper and cardboard,Yes,Operations department,4,5,4,4,4,5,4,3,3,4,4,5,3,4,4,5,5,5,4,4,4,4,4,5,,5,5,4,4,5,5,5,5,5,5,5,4,5,5,5,4,5,5,4,5,3,4,4,4,3,4,4,2,5,1,3,2,2,2,1,2,2,4.33,3.83,4.33,4.17,4.6,5.0,4.67,4.17,3.67,1.88,4.31
R1771,Information Technology,Small: 10-49 employees,6-10 years,10-49,Urban area,Mixed municipal waste,No,Operations department,4,4,4,4,4,4,2,4,3,3,4,2,3,3,3,2,2,3,3,4,3,4,3,4,3,4,3,4,3,3,2,3,3,3,3,4,4,4,4,4,3,3,3,3,2,2,,2,3,3,3,3,3,3,1,3,2,3,3,3,2,2,4.0,3.0,2.67,3.5,3.33,3.0,3.67,2.4,3.0,2.38,3.17
R1772,Hospitality/Services,Small: 10-49 employees,3-5 years,10-49,Urban area,Food or organic waste,Yes,External waste-management agency,4,4,4,2,4,4,2,,2,2,2,3,3,2,2,2,2,4,4,4,3,3,3,3,4,4,3,3,3,3,5,3,4,4,3,3,4,3,3,4,5,4,5,3,4,4,4,4,4,3,4,4,3,2,4,2,2,4,3,3,3,4,3.67,2.2,2.5,3.33,3.33,3.67,3.83,4.0,3.33,3.12,3.32
R1773,Information Technology,Medium: 50-249 employees,Less than 3 years,100-249,Urban area,Paper and cardboard,No,Operations department,4,4,4,4,4,4,4,4,4,4,4,4,4,4,4,4,4,4,4,4,4,4,4,4,4,4,4,4,4,4,4,4,4,4,4,4,4,4,4,4,4,4,4,4,4,4,4,4,4,4,4,4,4,4,4,4,4,4,,4,4,4,4.0,4.0,4.0,4.0,4.0,4.0,4.0,4.0,4.0,4.0,4.0
R1774,Information Technology,Medium: 50-249 employees,3-5 years,50-99,Semi-urban area,Mixed municipal waste,Yes,Facility management team,5,5,4,4,5,5,4,4,4,,4,5,3,4,4,4,3,3,3,3,4,2,4,4,5,4,4,5,4,4,4,3,3,4,4,4,3,3,4,3,3,3,5,5,4,5,3,4,4,5,4,4,5,5,2,3,2,2,3,2,3,2,4.67,4.2,3.5,3.33,4.33,3.67,3.17,4.33,4.5,2.38,3.97
R1775,Healthcare,Large: 250 employees or more,11-20 years,250 or more,Urban area,Mixed municipal waste,Yes,Facility management team,4,4,3,3,4,4,4,4,4,3,4,4,4,4,3,5,4,4,4,2,4,1,4,4,4,4,4,5,3,4,4,4,3,4,4,4,4,5,4,5,5,4,4,3,5,4,4,4,5,4,4,5,4,5,3,2,3,2,2,3,2,2,3.67,3.83,4.0,3.17,4.0,3.83,4.5,4.0,4.5,2.38,3.94
R1776,Retail,Medium: 50-249 employees,6-10 years,100-249,Commercial area,Mixed municipal waste,Not sure,Operations department,3,4,,3,2,4,3,2,2,3,3,2,3,2,3,2,2,2,4,4,4,4,3,4,3,4,3,3,3,3,2,3,3,3,3,3,4,4,5,4,4,4,4,4,4,5,3,4,3,4,4,5,3,3,3,2,3,2,2,3,3,1,3.2,2.5,2.33,3.83,3.17,2.83,4.17,4.0,3.67,2.38,3.3
R1777,Retail,Micro: Fewer than 10 employees,Less than 3 years,Fewer than 10,Industrial area,Food or organic waste,No,External waste-management agency,4,3,4,4,3,3,1,4,2,2,3,4,3,2,1,3,4,3,2,3,1,2,3,3,4,2,3,3,3,2,3,3,3,5,4,3,3,2,4,3,4,3,,3,3,4,2,3,3,3,3,2,3,3,3,4,3,3,4,4,4,5,3.5,2.67,2.67,2.33,2.83,3.5,3.17,3.0,2.83,3.75,2.94
R1778,Information Technology,Small: 10-49 employees,3-5 years,10-49,Commercial area,Mixed municipal waste,Not sure,Facility management team,4,4,3,4,4,4,3,2,2,2,3,2,4,4,4,4,4,4,4,4,4,4,3,3,4,3,3,4,4,4,3,3,4,4,4,5,4,4,3,5,3,3,3,2,4,3,3,2,3,4,2,5,5,5,3,3,3,2,2,3,3,3,3.83,2.33,4.0,3.67,3.67,3.83,3.67,2.83,4.0,2.75,3.54
R1779,Healthcare,Small: 10-49 employees,6-10 years,10-49,Commercial area,Food or organic waste,No,External waste-management agency,4,3,3,4,2,3,3,2,1,2,2,3,3,3,4,3,4,3,3,2,2,2,3,2,3,3,2,3,4,3,4,3,3,2,3,2,3,3,3,3,3,4,3,4,2,3,2,2,1,2,2,2,2,2,4,4,4,3,3,2,4,3,3.17,2.17,3.33,2.33,3.0,2.83,3.17,2.67,1.83,3.38,2.72
R1780,Retail,Medium: 50-249 employees,6-10 years,100-249,Semi-urban area,Paper and cardboard,Under development,Facility management team,5,5,4,4,4,5,3,4,3,5,4,4,3,5,4,3,3,3,5,5,5,4,5,5,4,3,3,3,3,3,3,4,4,3,3,5,5,5,5,4,4,4,4,4,3,4,4,5,4,4,5,4,4,4,3,2,1,2,2,3,3,3,4.5,3.83,3.5,4.83,3.17,3.67,4.5,4.0,4.17,2.38,4.02
R1781,Information Technology,Medium: 50-249 employees,3-5 years,50-99,Commercial area,Mixed municipal waste,Yes,Facility management team,3,3,2,3,3,3,4,3,3,4,3,4,4,3,4,3,4,4,5,4,5,4,4,5,4,5,5,4,5,4,4,4,4,4,4,3,4,3,3,4,3,,5,3,5,5,3,4,4,3,4,3,4,2,4,2,2,5,4,4,4,4,2.83,3.5,3.67,4.5,4.5,3.83,3.4,4.17,3.33,3.62,3.75
R1782,Manufacturing,Small: 10-49 employees,11-20 years,10-49,Industrial area,Plastic waste,Not sure,Environmental or sustainability department,3,3,3,3,3,2,2,4,4,3,4,3,4,3,,4,4,4,4,3,3,4,4,,3,3,3,3,4,4,4,3,3,5,4,3,3,3,3,2,3,3,2,4,3,3,3,3,2,3,2,2,3,2,3,3,3,3,2,3,3,3,2.83,3.33,3.8,3.6,3.33,3.67,2.83,3.0,2.33,2.88,3.19
R1783,Information Technology,Micro: Fewer than 10 employees,Less than 3 years,Fewer than 10,Urban area,Plastic waste,No,External waste-management agency,1,3,2,2,2,3,,2,2,2,2,4,3,2,2,2,2,3,4,3,4,4,4,4,3,4,4,2,3,3,3,4,5,3,4,3,3,1,2,2,3,2,3,4,4,3,3,3,4,3,4,3,3,3,4,3,4,3,3,4,4,3,2.17,2.4,2.33,3.83,3.17,3.67,2.17,3.33,3.33,3.5,2.93
R1784,Information Technology,Medium: 50-249 employees,3-5 years,100-249,Semi-urban area,Plastic waste,No,External waste-management agency,3,3,4,4,4,3,3,3,3,3,3,2,3,2,3,2,2,2,3,2,2,3,4,4,3,2,3,2,4,3,3,3,3,4,3,2,4,4,3,3,5,,4,4,4,4,4,5,3,3,4,3,3,3,3,4,3,5,5,3,4,3,3.5,2.83,2.33,3.0,2.83,3.0,3.8,4.17,3.17,3.75,3.18
R1785,Manufacturing,Large: 250 employees or more,11-20 years,250 or more,Industrial area,Plastic waste,Yes,Facility management team,4,2,3,4,3,4,2,3,3,2,3,2,4,4,3,4,4,3,4,4,3,5,4,4,4,4,4,5,3,3,3,3,3,3,1,3,4,4,5,2,3,3,4,5,4,5,4,5,4,4,4,3,5,4,3,2,3,4,3,4,2,3,3.33,2.5,3.67,4.0,3.83,2.67,3.5,4.5,4.0,3.0,3.56
R1786,Manufacturing,Medium: 50-249 employees,11-20 years,50-99,Industrial area,Paper and cardboard,Under development,External waste-management agency,4,4,4,4,4,5,3,4,3,5,4,3,3,4,4,4,3,3,4,4,3,4,4,3,4,4,4,3,3,5,3,5,4,3,4,4,4,3,4,4,5,4,4,3,4,4,3,,4,3,3,4,5,3,3,3,3,2,2,3,3,4,4.17,3.67,3.5,3.67,3.83,3.83,4.0,3.6,3.67,2.88,3.77
R1787,Information Technology,Large: 250 employees or more,6-10 years,250 or more,Urban area,Paper and cardboard,Yes,Operations department,3,4,5,4,3,4,4,5,4,4,4,4,3,5,3,4,4,3,5,4,4,4,4,4,3,,3,3,3,3,3,4,3,5,4,4,4,4,3,4,4,5,4,3,5,4,4,5,5,5,4,4,5,4,2,3,2,2,2,2,3,2,3.83,4.17,3.67,4.17,3.0,3.83,4.0,4.17,4.5,2.25,3.93
R1788,Manufacturing,Micro: Fewer than 10 employees,3-5 years,Fewer than 10,Urban area,Mixed municipal waste,No,External waste-management agency,3,4,2,2,3,3,4,3,3,3,3,4,3,3,,3,3,1,3,4,2,3,4,4,4,2,3,2,2,3,3,2,3,3,3,2,3,3,4,2,3,,3,2,2,2,3,2,3,2,2,2,4,3,3,3,3,4,4,4,4,4,2.83,3.33,2.6,3.33,2.67,2.67,3.0,2.33,2.67,3.62,2.83
R1789,Hospitality/Services,Small: 10-49 employees,11-20 years,50-99,Urban area,Food or organic waste,Yes,External waste-management agency,4,3,,3,3,4,4,4,4,4,4,4,5,3,4,4,4,5,3,3,3,2,2,3,5,3,4,5,4,4,4,3,3,3,4,2,4,3,4,4,4,4,5,4,3,3,3,5,3,3,3,3,,,1,3,2,3,2,2,2,2,3.4,4.0,4.17,2.67,4.17,3.17,3.83,3.83,3.0,2.12,3.58
R1790,Manufacturing,Medium: 50-249 employees,11-20 years,10-49,Urban area,Plastic waste,Under development,External waste-management agency,4,4,4,4,5,5,5,3,5,5,4,,4,4,4,4,5,3,4,4,4,3,3,4,4,5,5,5,5,5,5,4,5,4,4,5,5,4,4,5,5,4,4,3,3,3,3,3,3,3,4,3,3,3,3,4,5,2,3,3,3,2,4.33,4.4,4.0,3.67,4.83,4.5,4.5,3.17,3.17,3.12,4.06
R1791,Manufacturing,Micro: Fewer than 10 employees,Less than 3 years,Fewer than 10,Commercial area,Plastic waste,No,External waste-management agency,3,3,2,3,3,3,5,4,4,4,5,4,3,1,3,3,3,3,4,3,3,4,3,2,3,4,2,3,3,2,2,3,3,1,4,2,3,3,3,3,3,3,4,3,4,4,3,3,3,2,3,3,3,2,4,4,5,5,3,4,4,4,2.83,4.33,2.67,3.17,2.83,2.5,3.0,3.5,2.67,4.12,3.06
R1792,Manufacturing,Micro: Fewer than 10 employees,11-20 years,Fewer than 10,Commercial area,Mixed municipal waste,Not sure,Operations department,4,3,4,4,2,3,3,3,3,3,2,3,4,3,5,2,3,3,3,3,3,4,4,3,4,2,4,4,2,3,4,4,4,3,4,4,4,4,4,5,3,3,2,2,2,3,2,2,4,4,4,4,4,3,1,3,2,2,3,3,3,4,3.33,2.83,3.33,3.33,3.17,3.83,3.83,2.17,3.83,2.62,3.29
R1793,Information Technology,Micro: Fewer than 10 employees,3-5 years,Fewer than 10,Urban area,Plastic waste,No,Operations department,4,3,3,3,3,2,4,5,3,4,4,4,5,4,4,4,5,4,5,4,5,3,5,5,4,2,3,5,4,4,5,5,4,4,5,3,3,4,4,3,4,5,5,4,3,4,4,5,3,4,2,4,4,3,2,2,3,2,3,3,2,3,3.0,4.0,4.33,4.5,3.67,4.33,3.83,4.17,3.33,2.5,3.91
R1794,Healthcare,Small: 10-49 employees,Less than 3 years,Fewer than 10,Semi-urban area,Plastic waste,No,External waste-management agency,5,4,4,3,3,3,4,3,4,4,4,4,4,4,4,4,4,5,3,3,2,2,3,2,2,3,3,2,2,4,3,3,3,4,3,4,4,4,4,4,3,4,3,2,2,3,4,2,4,4,4,4,3,4,4,3,4,4,4,4,4,3,3.67,3.83,4.17,2.5,2.67,3.33,3.83,2.67,3.83,3.75,3.39
R1795,Information Technology,Small: 10-49 employees,Less than 3 years,10-49,Urban area,Plastic waste,No,External waste-management agency,5,3,3,2,2,3,2,2,3,4,3,1,3,4,4,4,4,3,2,2,3,4,2,2,3,3,2,3,2,2,2,2,3,2,1,1,3,3,4,3,3,5,2,2,3,4,2,3,2,2,1,2,1,2,4,4,3,3,3,4,,5,3.0,2.5,3.67,2.5,2.5,1.83,3.5,2.67,1.67,3.71,2.65
R1796,Hospitality/Services,Micro: Fewer than 10 employees,6-10 years,10-49,Commercial area,Food or organic waste,Under development,Operations department,4,4,2,3,3,2,4,4,2,3,2,2,4,3,4,4,4,3,2,1,1,,3,1,3,4,3,3,3,4,3,4,2,3,3,3,3,3,4,3,3,2,3,4,4,3,4,4,2,2,2,3,3,4,3,2,3,2,2,1,2,2,3.0,2.83,3.67,1.6,3.33,3.0,3.0,3.67,2.67,2.12,2.97
R1797,Healthcare,Large: 250 employees or more,6-10 years,250 or more,Urban area,Mixed municipal waste,No,Operations department,3,3,4,3,4,4,3,3,4,4,4,3,2,3,3,2,2,3,4,4,,2,4,3,4,3,3,2,4,4,4,4,4,4,3,3,3,3,4,3,3,4,2,2,2,3,2,2,3,5,3,3,4,4,4,5,4,4,4,5,5,3,3.5,3.5,2.5,3.4,3.33,3.67,3.33,2.17,3.67,4.25,3.23
R1798,Manufacturing,Medium: 50-249 employees,3-5 years,50-99,Commercial area,Plastic waste,No,Facility management team,3,3,3,4,4,3,4,3,3,4,3,4,3,4,4,3,3,3,4,4,3,3,4,3,4,3,3,4,3,3,4,3,4,5,4,4,4,4,4,5,4,5,2,3,4,3,4,3,5,5,3,4,4,4,2,3,3,2,2,3,3,3,3.33,3.5,3.33,3.5,3.33,4.0,4.33,3.17,4.17,2.62,3.63
R1799,Manufacturing,Large: 250 employees or more,6-10 years,250 or more,Urban area,Plastic waste,No,External waste-management agency,5,4,3,3,4,4,2,4,3,1,3,2,3,4,4,3,4,4,4,5,3,3,,3,4,5,4,4,4,5,3,4,4,4,3,3,3,3,3,3,3,3,3,2,2,4,1,3,3,5,4,3,5,3,2,2,3,3,1,2,4,2,3.83,2.5,3.67,3.6,4.33,3.5,3.0,2.5,3.83,2.38,3.42
R1800,Information Technology,Medium: 50-249 employees,3-5 years,100-249,Urban area,Food or organic waste,No,Operations department,3,3,4,3,5,3,2,3,2,3,2,3,3,4,4,3,4,4,3,2,4,4,2,4,5,2,5,2,3,3,4,4,4,3,3,4,3,2,3,2,3,3,3,3,2,2,3,3,3,3,4,2,3,3,1,1,2,2,2,3,2,2,3.5,2.5,3.67,3.17,3.33,3.67,2.67,2.67,3.0,1.88,3.13
R1801,Manufacturing,Large: 250 employees or more,3-5 years,250 or more,Semi-urban area,Plastic waste,Not sure,Environmental or sustainability department,5,4,4,4,4,4,3,4,3,3,4,3,3,3,3,3,3,3,2,3,3,4,4,2,4,4,5,5,3,4,2,3,3,4,4,3,3,4,5,4,,4,3,5,5,3,3,4,3,3,4,4,3,4,4,2,3,2,4,4,4,5,4.17,3.33,3.0,3.0,4.17,3.17,4.0,3.83,3.5,3.5,3.57
R1802,Information Technology,Small: 10-49 employees,3-5 years,10-49,Urban area,Paper and cardboard,Under development,Facility management team,3,3,4,3,4,4,3,4,4,3,3,3,2,4,3,4,4,4,3,2,3,3,3,4,3,4,3,3,4,3,3,4,3,,4,3,5,4,3,3,4,5,4,4,3,3,3,4,3,4,4,4,3,4,2,1,3,1,1,2,1,2,3.5,3.33,3.5,3.0,3.33,3.4,4.0,3.5,3.67,1.62,3.47
R1803,Information Technology,Micro: Fewer than 10 employees,6-10 years,Fewer than 10,Urban area,Plastic waste,Under development,Operations department,3,4,4,2,3,3,4,4,4,4,3,3,4,3,5,3,4,4,3,4,4,3,4,4,4,3,2,3,4,4,4,4,3,4,4,3,4,4,5,4,4,4,2,3,2,3,3,3,3,3,2,4,2,4,2,2,4,3,2,,4,3,3.17,3.67,3.83,3.67,3.33,3.67,4.17,2.67,3.0,2.86,3.46
R1804,Healthcare,Small: 10-49 employees,3-5 years,10-49,Commercial area,Mixed municipal waste,Under development,Operations department,3,4,3,4,5,3,3,3,3,4,3,3,3,3,3,3,4,3,2,3,3,3,4,5,3,3,2,4,4,4,2,3,3,4,4,4,4,3,3,3,2,4,4,2,3,3,3,4,3,5,4,4,3,4,5,4,3,3,4,3,3,5,3.67,3.17,3.17,3.33,3.33,3.33,3.17,3.17,3.83,3.75,3.35
R1805,Healthcare,Medium: 50-249 employees,Less than 3 years,50-99,Semi-urban area,Food or organic waste,Yes,Operations department,2,3,4,4,3,3,4,4,3,2,3,3,4,3,4,4,5,4,3,4,3,,2,2,4,3,4,2,3,3,2,2,3,3,3,3,4,3,3,3,4,4,3,3,3,4,2,2,3,3,3,3,3,3,2,3,2,3,3,4,2,2,3.17,3.17,4.0,2.8,3.17,2.67,3.5,2.83,3.0,2.62,3.15
R1806,Hospitality/Services,Micro: Fewer than 10 employees,3-5 years,Fewer than 10,Industrial area,Food or organic waste,No,External waste-management agency,3,3,3,3,4,3,1,1,3,2,2,2,2,2,1,3,2,2,3,4,3,3,3,3,2,2,2,2,3,2,3,1,3,3,2,2,2,3,2,3,3,2,3,3,3,3,2,2,1,1,3,2,2,2,4,4,5,3,4,5,5,3,3.17,1.83,2.0,3.17,2.17,2.33,2.5,2.67,1.83,4.12,2.41
R1807,Information Technology,Medium: 50-249 employees,3-5 years,100-249,Semi-urban area,Plastic waste,Not sure,External waste-management agency,5,5,4,5,5,4,3,4,2,2,4,3,4,4,4,3,3,3,3,3,2,4,3,4,4,2,4,3,4,4,3,2,2,3,3,4,5,3,5,4,4,4,3,4,3,2,3,3,2,4,3,3,2,3,4,4,3,4,3,3,2,3,4.67,3.0,3.5,3.17,3.5,2.83,4.17,3.0,2.83,3.25,3.41
R1808,Healthcare,Large: 250 employees or more,11-20 years,250 or more,Semi-urban area,Paper and cardboard,Under development,External waste-management agency,3,4,2,3,2,3,3,3,3,3,3,4,4,4,5,4,4,2,3,4,3,4,4,3,2,4,4,3,4,4,4,4,4,3,3,4,4,5,4,3,3,4,3,4,4,3,4,4,4,3,3,5,3,3,4,4,3,4,4,3,3,3,2.83,3.17,3.83,3.5,3.5,3.67,3.83,3.67,3.5,3.5,3.5
R1809,Retail,Medium: 50-249 employees,Less than 3 years,50-99,Commercial area,Mixed municipal waste,Not sure,Operations department,5,5,4,3,5,5,3,4,2,2,3,3,4,4,3,3,4,3,1,3,3,2,2,2,3,2,2,3,3,4,3,3,4,4,2,2,3,3,3,2,3,2,2,4,4,3,4,3,4,5,4,5,3,4,3,4,3,4,3,2,3,3,4.5,2.83,3.5,2.17,2.83,3.0,2.67,3.33,4.17,3.12,3.22
R1810,Retail,Large: 250 employees or more,6-10 years,250 or more,Semi-urban area,Mixed municipal waste,Yes,Facility management team,3,4,4,,4,4,,4,3,5,4,3,4,4,4,3,3,3,3,2,4,4,4,4,4,4,4,3,4,5,5,5,3,4,4,3,4,4,4,4,,4,4,3,4,2,3,4,3,3,3,3,4,3,3,1,3,3,1,2,1,2,3.8,3.8,3.5,3.5,4.0,4.0,4.0,3.33,3.17,2.0,3.68
R1811,Retail,Micro: Fewer than 10 employees,Less than 3 years,Fewer than 10,Urban area,Plastic waste,No,External waste-management agency,3,3,3,4,3,3,4,2,2,4,3,3,1,,1,2,2,1,2,3,3,3,3,3,4,2,3,3,3,3,4,3,3,3,2,2,3,4,4,3,4,4,3,3,2,2,3,1,4,2,3,4,3,4,3,3,3,4,5,3,4,4,3.17,3.0,1.4,2.83,3.0,2.83,3.67,2.33,3.33,3.62,2.84
R1812,Hospitality/Services,Micro: Fewer than 10 employees,Less than 3 years,Fewer than 10,Urban area,Paper and cardboard,Not sure,External waste-management agency,3,4,3,4,3,2,2,2,1,2,2,,1,2,1,1,2,2,3,3,4,3,5,4,4,3,3,1,3,2,2,2,3,3,1,2,3,2,4,3,4,4,3,3,3,2,3,2,2,2,2,3,3,3,3,5,4,3,2,4,3,4,3.17,1.8,1.5,3.67,2.67,2.17,3.33,2.67,2.5,3.5,2.61
R1813,Healthcare,Large: 250 employees or more,3-5 years,100-249,Urban area,Plastic waste,Yes,Operations department,4,5,4,4,4,4,,3,3,3,4,3,4,2,3,3,4,3,4,3,4,3,3,3,3,4,5,3,4,4,2,3,3,4,2,3,4,5,3,4,4,3,,4,3,,3,4,3,4,5,4,3,4,4,4,3,2,2,3,4,5,4.17,3.2,3.17,3.33,3.83,2.83,3.83,3.5,3.83,3.38,3.52
R1814,Information Technology,Medium: 50-249 employees,11-20 years,50-99,Semi-urban area,Plastic waste,Under development,Facility management team,3,3,3,4,4,3,3,2,3,3,4,3,4,5,3,3,4,4,1,2,1,2,1,1,2,2,3,2,2,2,4,4,5,3,4,5,3,4,3,3,4,3,4,4,5,4,4,4,3,3,3,4,2,4,5,4,3,5,4,5,4,3,3.33,3.0,3.83,1.33,2.17,4.17,3.33,4.17,3.17,4.12,3.17
R1815,Manufacturing,Small: 10-49 employees,6-10 years,10-49,Commercial area,Paper and cardboard,Not sure,External waste-management agency,3,3,4,3,4,3,3,3,3,3,3,3,4,3,3,5,3,4,3,2,3,4,2,3,3,4,3,3,4,4,5,3,4,4,3,4,4,3,5,4,5,5,3,3,2,3,3,3,3,3,2,2,2,3,5,3,5,3,3,4,3,4,3.33,3.0,3.67,2.83,3.5,3.83,4.33,2.83,2.5,3.75,3.31
R1816,Information Technology,Micro: Fewer than 10 employees,Less than 3 years,Fewer than 10,Urban area,Food or organic waste,Not sure,Operations department,4,4,3,3,3,2,3,3,4,3,4,4,4,3,3,3,3,3,3,2,3,3,3,2,3,3,3,3,3,3,4,4,4,4,3,4,4,4,5,2,5,3,2,3,3,3,1,2,2,3,3,3,3,3,4,3,4,4,2,3,4,5,3.17,3.5,3.17,2.67,3.0,3.83,3.83,2.33,2.83,3.62,3.15
R1817,Retail,Small: 10-49 employees,Less than 3 years,10-49,Semi-urban area,Mixed municipal waste,Under development,Facility management team,4,4,3,4,3,4,3,3,3,2,3,1,4,5,4,5,4,4,5,5,4,4,4,4,3,3,,3,3,3,3,3,4,3,3,4,4,3,4,2,4,5,3,3,2,3,4,3,4,3,2,4,4,3,2,2,3,2,3,3,1,2,3.67,2.5,4.33,4.33,3.0,3.33,3.67,3.0,3.33,2.25,3.46
R1818,Information Technology,Small: 10-49 employees,Less than 3 years,10-49,Semi-urban area,Paper and cardboard,Not sure,Environmental or sustainability department,3,3,3,3,4,3,3,3,4,3,3,3,3,4,4,3,4,3,4,3,4,3,3,4,4,5,5,4,4,3,4,3,4,3,4,4,4,3,4,3,3,4,3,4,4,3,4,3,4,3,3,3,5,3,3,1,2,2,2,2,3,4,3.17,3.17,3.5,3.5,4.17,3.67,3.5,3.5,3.5,2.38,3.52
R1819,Manufacturing,Micro: Fewer than 10 employees,3-5 years,Fewer than 10,Urban area,Mixed municipal waste,Yes,Operations department,3,4,4,4,2,4,3,4,3,5,4,3,4,5,4,2,,3,4,3,3,4,4,3,3,4,4,3,4,3,3,3,4,4,2,3,3,3,4,2,3,2,3,4,3,3,3,3,5,4,4,3,4,4,2,2,3,3,3,4,3,1,3.5,3.67,3.6,3.5,3.5,3.17,2.83,3.17,4.0,2.62,3.44
R1820,Information Technology,Micro: Fewer than 10 employees,3-5 years,Fewer than 10,Urban area,Plastic waste,Under development,Operations department,4,3,2,3,2,2,2,2,2,1,2,3,5,4,5,4,4,5,3,3,3,2,4,3,3,4,3,3,3,4,3,4,4,4,5,4,4,5,4,4,4,4,4,5,4,4,4,4,4,4,3,2,4,3,3,4,4,4,4,3,4,4,2.67,2.0,4.5,3.0,3.33,4.0,4.17,4.17,3.33,3.75,3.46
R1821,Healthcare,Micro: Fewer than 10 employees,Less than 3 years,Fewer than 10,Semi-urban area,Food or organic waste,No,External waste-management agency,2,2,2,3,3,3,3,2,3,4,4,2,3,3,2,1,1,3,5,3,5,5,3,5,4,5,4,4,4,3,2,3,4,4,3,4,3,4,3,3,3,3,3,3,3,3,2,3,3,3,3,4,2,3,3,4,3,4,5,4,4,5,2.5,3.0,2.17,4.33,4.0,3.33,3.17,2.83,3.0,4.0,3.15
R1822,Retail,Small: 10-49 employees,Less than 3 years,10-49,Semi-urban area,Paper and cardboard,Yes,Environmental or sustainability department,4,4,5,4,5,5,3,2,3,4,2,3,3,4,5,5,5,4,3,3,4,5,4,4,3,4,3,4,4,3,3,3,3,4,3,3,4,3,4,4,4,4,5,4,5,5,3,4,5,4,5,3,3,3,3,3,4,3,3,4,3,3,4.5,2.83,4.33,3.83,3.5,3.17,3.83,4.33,3.83,3.25,3.79
R1823,Retail,Large: 250 employees or more,11-20 years,100-249,Semi-urban area,Paper and cardboard,Under development,Environmental or sustainability department,5,5,4,5,5,4,4,5,4,3,3,4,4,4,5,5,5,5,3,3,4,3,2,3,3,4,5,2,3,5,4,5,5,3,5,4,4,5,3,4,5,5,3,4,4,4,3,5,4,3,2,3,2,3,3,2,2,3,2,1,1,,4.67,3.83,4.67,3.0,3.67,4.33,4.33,3.83,2.83,2.0,3.91
R1824,Retail,Medium: 50-249 employees,11-20 years,100-249,Commercial area,Paper and cardboard,No,Facility management team,5,3,3,5,4,4,4,5,4,5,5,5,4,3,3,4,4,3,4,2,4,4,4,5,4,4,4,2,4,4,4,4,3,2,4,3,5,2,4,3,3,4,3,3,3,3,4,1,3,3,3,2,5,4,3,4,4,4,4,2,3,4,4.0,4.67,3.5,3.83,3.67,3.33,3.5,2.83,3.33,3.5,3.63
R1825,Retail,Small: 10-49 employees,11-20 years,50-99,Semi-urban area,Plastic waste,Not sure,External waste-management agency,4,4,5,4,4,5,2,4,3,3,3,,2,2,2,2,2,2,2,2,3,3,2,3,4,2,3,2,3,2,3,3,2,4,2,4,3,3,5,3,3,3,4,4,4,3,3,4,2,2,3,3,3,4,5,4,4,2,4,3,3,3,4.33,3.0,2.0,2.5,2.67,3.0,3.33,3.67,2.83,3.5,3.04
R1826,Manufacturing,Small: 10-49 employees,Less than 3 years,50-99,Industrial area,Plastic waste,Not sure,Operations department,3,3,2,4,3,4,5,4,4,3,4,3,5,5,4,4,4,4,3,3,3,4,3,3,4,4,4,4,4,3,4,4,2,5,3,4,3,3,3,3,3,2,3,4,4,3,4,3,4,4,3,3,2,3,3,3,4,2,1,3,3,3,3.17,3.83,4.33,3.17,3.83,3.67,2.83,3.5,3.17,2.75,3.5
R1827,Retail,Medium: 50-249 employees,3-5 years,10-49,Urban area,Plastic waste,Under development,Environmental or sustainability department,4,3,4,4,4,3,4,3,4,3,3,3,5,5,4,4,4,4,3,4,3,2,3,3,4,5,3,2,4,5,4,4,4,4,5,4,4,4,5,4,4,4,4,3,4,4,3,3,4,4,3,4,4,3,4,4,2,4,4,3,5,3,3.67,3.33,4.33,3.0,3.83,4.17,4.17,3.5,3.67,3.62,3.74
R1828,Retail,Large: 250 employees or more,6-10 years,100-249,Commercial area,Paper and cardboard,Yes,Facility management team,3,4,3,3,3,3,4,3,4,4,4,5,2,4,4,4,3,3,2,3,2,3,3,4,3,4,4,4,5,5,4,5,4,4,4,4,5,5,4,4,4,5,3,4,4,4,4,4,4,4,4,4,4,5,4,3,4,2,2,2,3,4,3.17,4.0,3.33,2.83,4.17,4.17,4.5,3.83,4.17,3.0,3.8
R1829,Retail,Medium: 50-249 employees,3-5 years,100-249,Urban area,Plastic waste,Not sure,Operations department,3,2,3,3,3,3,4,4,4,5,4,3,5,3,3,5,4,4,3,2,4,3,3,3,4,4,4,3,3,2,3,2,3,4,2,2,3,2,3,2,4,3,4,4,4,4,3,2,3,4,4,4,3,5,2,4,3,3,5,4,3,2,2.83,4.0,4.0,3.0,3.33,2.67,2.83,3.5,3.83,3.25,3.33
R1830,Information Technology,Small: 10-49 employees,Less than 3 years,10-49,Urban area,Paper and cardboard,Under development,Operations department,4,4,4,4,5,5,3,5,3,3,4,5,3,2,2,3,2,3,2,2,4,3,4,2,3,3,2,3,3,2,4,5,4,3,3,3,3,3,2,4,4,3,,5,5,4,5,4,3,4,4,4,4,5,3,3,4,3,3,4,4,3,4.33,3.83,2.5,2.83,2.67,3.67,3.17,4.6,4.0,3.38,3.51
R1831,Retail,Large: 250 employees or more,11-20 years,250 or more,Urban area,Mixed municipal waste,Yes,Environmental or sustainability department,4,3,3,2,4,3,3,4,4,4,4,4,3,3,3,4,3,3,3,3,4,3,4,2,2,3,2,3,4,4,4,4,4,4,3,4,4,4,3,5,,5,3,3,3,3,3,4,,4,4,2,3,3,3,3,4,2,3,2,3,3,3.17,3.83,3.17,3.17,3.0,3.83,4.2,3.17,3.2,2.88,3.42
R1832,Manufacturing,Medium: 50-249 employees,6-10 years,50-99,Semi-urban area,Food or organic waste,Under development,Operations department,3,2,3,3,2,2,4,3,3,2,3,3,3,3,4,4,4,3,,3,4,4,2,3,3,3,4,4,4,3,3,3,4,4,4,4,3,3,4,4,5,4,3,3,3,3,4,3,4,4,4,3,5,5,3,4,3,3,5,3,4,3,2.5,3.0,3.5,3.2,3.5,3.67,3.83,3.17,4.17,3.5,3.39
R1833,Information Technology,Medium: 50-249 employees,Less than 3 years,100-249,Commercial area,Mixed municipal waste,No,External waste-management agency,4,4,3,3,2,3,2,2,2,2,,2,2,2,2,2,2,3,3,3,3,4,3,3,3,5,3,3,4,4,3,2,3,2,2,2,4,3,3,3,3,3,4,4,3,3,4,5,2,2,2,3,3,2,3,3,3,3,4,2,3,2,3.17,2.0,2.17,3.17,3.67,2.33,3.17,3.83,2.33,2.88,2.87
R1834,Retail,Small: 10-49 employees,11-20 years,10-49,Commercial area,Mixed municipal waste,Under development,Operations department,4,4,5,4,4,,3,3,1,2,4,3,4,4,4,3,5,3,4,4,5,4,5,5,3,4,4,4,4,3,4,,2,3,3,3,3,5,3,4,3,4,4,4,4,3,3,3,3,3,4,4,4,5,4,4,3,3,2,3,2,2,4.2,2.67,3.83,4.5,3.67,3.0,3.67,3.5,3.83,2.88,3.65
R1835,Healthcare,Micro: Fewer than 10 employees,6-10 years,10-49,Urban area,Mixed municipal waste,No,Environmental or sustainability department,4,4,4,,3,4,4,4,4,5,5,4,3,4,4,4,3,5,3,4,3,3,4,2,4,3,3,3,4,4,3,4,3,4,5,5,4,4,3,3,4,3,2,4,3,4,3,3,4,3,4,3,4,3,2,2,1,3,2,3,2,2,3.8,4.33,3.83,3.17,3.5,4.0,3.5,3.17,3.5,2.12,3.64
R1836,Hospitality/Services,Medium: 50-249 employees,6-10 years,100-249,Urban area,Food or organic waste,Yes,Facility management team,4,4,4,4,4,4,4,4,4,4,4,4,4,4,4,4,4,4,4,4,4,4,4,4,4,4,4,4,4,4,4,4,4,4,4,4,4,4,4,4,4,4,4,4,4,4,4,4,4,4,4,4,4,4,4,4,4,4,4,4,4,4,4.0,4.0,4.0,4.0,4.0,4.0,4.0,4.0,4.0,4.0,4.0
R1837,Information Technology,Large: 250 employees or more,3-5 years,250 or more,Urban area,Mixed municipal waste,No,Operations department,3,3,3,3,2,3,4,3,3,3,4,5,4,4,5,4,4,4,2,3,4,3,3,2,3,3,3,2,3,,5,3,3,3,3,4,4,4,4,3,5,4,4,2,4,3,3,3,3,3,3,5,4,4,5,3,4,3,,3,3,2,2.83,3.67,4.17,2.83,2.8,3.5,4.0,3.17,3.67,3.29,3.4
R1838,Retail,Medium: 50-249 employees,Less than 3 years,10-49,Commercial area,Food or organic waste,Not sure,Environmental or sustainability department,4,4,4,4,4,4,4,4,4,4,4,4,4,4,4,4,4,4,4,4,4,4,4,4,4,4,4,4,4,4,4,4,4,4,4,4,4,4,4,4,4,4,4,4,4,4,4,4,4,4,4,4,4,4,4,4,4,4,4,4,4,4,4.0,4.0,4.0,4.0,4.0,4.0,4.0,4.0,4.0,4.0,4.0
R1839,Healthcare,Large: 250 employees or more,6-10 years,100-249,Urban area,Mixed municipal waste,Under development,Environmental or sustainability department,4,5,4,4,5,3,4,4,3,3,3,3,3,4,4,3,3,3,2,2,3,3,3,2,4,4,4,5,5,5,3,3,4,4,3,3,5,3,4,4,4,4,4,5,5,5,5,5,4,3,3,4,3,3,4,2,3,2,3,3,4,3,4.17,3.33,3.33,2.5,4.5,3.33,4.0,4.83,3.33,3.0,3.7
R1840,Information Technology,Micro: Fewer than 10 employees,11-20 years,10-49,Urban area,Paper and cardboard,No,Operations department,4,3,4,3,5,3,3,3,2,3,2,2,3,4,3,3,3,4,4,4,5,3,4,4,4,3,3,2,3,3,4,4,3,4,3,4,4,4,2,5,4,5,4,,3,2,2,3,3,4,5,4,4,4,4,3,5,5,4,4,4,3,3.67,2.5,3.33,4.0,3.0,3.67,4.0,2.8,4.0,4.0,3.44
R1841,Information Technology,Micro: Fewer than 10 employees,6-10 years,10-49,Semi-urban area,Paper and cardboard,Not sure,Operations department,4,3,3,4,3,4,3,3,3,2,3,2,3,3,3,3,3,3,4,5,3,2,2,3,4,4,3,3,3,3,4,5,4,5,3,3,3,3,4,3,3,4,3,3,3,3,3,4,5,3,4,4,4,4,2,3,1,5,1,3,3,4,3.5,2.67,3.0,3.17,3.33,4.0,3.33,3.17,4.0,2.75,3.35
R1842,Manufacturing,Medium: 50-249 employees,6-10 years,10-49,Industrial area,Plastic waste,Not sure,Facility management team,4,3,3,3,4,3,4,3,2,3,3,4,1,3,2,2,2,2,3,3,4,2,2,3,3,4,4,5,4,4,3,3,4,3,3,3,4,5,3,3,,4,3,4,4,4,3,3,3,3,2,3,2,2,3,3,2,2,3,2,3,2,3.33,3.17,2.0,2.83,4.0,3.17,3.8,3.5,2.5,2.5,3.14
R1843,Healthcare,Large: 250 employees or more,3-5 years,250 or more,Urban area,Mixed municipal waste,Yes,Environmental or sustainability department,4,4,3,4,4,5,4,4,4,5,4,5,,3,4,4,3,4,3,4,4,4,3,3,5,3,5,4,5,3,3,3,4,3,5,5,4,4,4,3,3,5,4,3,4,4,3,3,2,2,3,4,5,3,3,2,2,4,2,3,1,3,4.0,4.33,3.6,3.5,4.17,3.83,3.83,3.5,3.17,2.5,3.77
R1844,Information Technology,Micro: Fewer than 10 employees,3-5 years,Fewer than 10,Urban area,Food or organic waste,No,External waste-management agency,4,2,3,3,3,2,3,3,4,3,3,4,4,4,4,3,3,2,3,2,4,5,2,3,3,3,2,2,2,3,3,4,2,2,2,4,4,3,3,1,3,2,3,3,3,4,4,3,2,1,1,2,3,1,4,5,4,3,4,5,5,4,2.83,3.33,3.33,3.17,2.5,2.83,2.67,3.33,1.67,4.25,2.85
R1845,Information Technology,Medium: 50-249 employees,Less than 3 years,10-49,Urban area,Mixed municipal waste,No,Operations department,3,3,2,3,3,1,4,4,3,3,3,3,3,2,3,2,3,3,3,2,3,3,2,4,4,2,3,3,3,3,4,3,5,4,3,2,4,4,4,3,4,3,4,3,4,4,3,4,3,4,3,2,3,3,2,4,3,3,4,3,3,3,2.5,3.33,2.67,2.83,3.0,3.5,3.67,3.67,3.0,3.12,3.13
R1846,Manufacturing,Micro: Fewer than 10 employees,Less than 3 years,Fewer than 10,Industrial area,Plastic waste,No,External waste-management agency,3,3,3,3,2,2,3,3,2,2,2,2,3,4,4,3,2,3,3,4,3,3,3,3,4,2,4,4,3,,2,2,2,2,1,1,3,2,4,3,2,2,4,5,4,4,2,3,2,3,2,3,3,,4,5,4,5,5,,5,5,2.67,2.33,3.17,3.17,3.4,1.67,2.67,3.67,2.6,4.71,2.82
R1847,Retail,Small: 10-49 employees,3-5 years,Fewer than 10,Commercial area,Food or organic waste,Yes,External waste-management agency,4,4,3,3,3,2,3,4,4,3,3,3,3,3,3,4,4,3,4,4,2,4,3,3,3,3,3,4,4,3,3,3,4,3,4,4,4,3,4,5,5,3,4,1,4,4,2,3,4,4,3,4,4,4,4,3,4,3,2,3,3,4,3.17,3.33,3.33,3.33,3.33,3.5,4.0,3.0,3.83,3.25,3.42
R1848,Retail,Large: 250 employees or more,11-20 years,100-249,Semi-urban area,Mixed municipal waste,Not sure,External waste-management agency,3,4,4,4,4,3,4,3,4,5,4,1,2,3,2,2,2,3,2,2,2,3,3,3,3,2,3,3,2,4,3,3,4,3,3,3,3,2,3,3,2,2,3,2,2,3,2,2,4,5,4,4,3,5,3,3,4,4,4,4,4,1,3.67,3.5,2.33,2.5,2.83,3.17,2.5,2.33,4.17,3.38,3.0
R1849,Manufacturing,Medium: 50-249 employees,11-20 years,100-249,Semi-urban area,Paper and cardboard,No,External waste-management agency,4,4,4,4,3,4,5,4,3,4,3,3,4,4,3,4,3,2,3,4,2,3,4,3,4,3,4,3,4,3,2,4,3,4,3,3,3,3,2,3,3,3,4,3,4,5,4,4,3,,3,2,2,2,,3,4,4,4,3,3,3,3.83,3.67,3.33,3.17,3.5,3.17,2.83,4.0,2.4,3.43,3.32
R1850,Healthcare,Medium: 50-249 employees,6-10 years,100-249,Urban area,Food or organic waste,Not sure,External waste-management agency,4,3,4,4,4,4,3,3,4,4,3,3,3,4,4,4,4,4,4,3,4,4,4,3,3,4,4,3,3,3,4,5,4,4,4,4,4,4,3,2,4,3,3,3,3,3,2,4,3,4,5,3,4,4,2,2,2,2,2,1,2,2,3.83,3.33,3.83,3.67,3.33,4.17,3.33,3.0,3.83,1.88,3.59
R1851,Retail,Small: 10-49 employees,Less than 3 years,10-49,Semi-urban area,Plastic waste,Not sure,Facility management team,3,2,2,3,3,3,3,4,2,3,3,4,3,3,4,3,4,4,3,4,5,4,4,3,4,5,3,3,4,4,2,3,3,4,3,3,4,2,2,3,2,3,2,2,4,2,2,2,4,4,4,3,3,5,2,3,4,3,3,3,4,4,2.67,3.17,3.5,3.83,3.83,3.0,2.67,2.33,3.83,3.25,3.2
R1852,Manufacturing,Medium: 50-249 employees,Less than 3 years,50-99,Industrial area,Paper and cardboard,Under development,Facility management team,4,4,3,3,4,3,3,4,4,4,4,3,3,3,4,3,3,2,3,4,4,3,3,4,5,3,,4,5,3,3,2,4,3,3,5,4,4,4,4,4,4,4,3,5,3,3,3,4,3,3,3,4,4,4,4,3,4,3,2,4,4,3.5,3.67,3.0,3.5,4.0,3.33,4.0,3.5,3.5,3.5,3.56
R1853,Retail,Micro: Fewer than 10 employees,3-5 years,Fewer than 10,Commercial area,Plastic waste,No,External waste-management agency,3,4,2,4,2,3,4,4,3,4,5,4,3,4,3,4,2,2,2,4,3,2,3,3,4,3,3,4,5,4,4,3,3,4,3,2,1,3,2,3,2,3,3,3,3,3,2,4,3,3,2,4,2,4,3,3,4,2,2,4,3,3,3.0,4.0,3.0,2.83,3.83,3.17,2.33,3.0,3.0,3.0,3.13
R1854,Information Technology,Small: 10-49 employees,6-10 years,50-99,Industrial area,Paper and cardboard,Yes,Operations department,4,3,3,3,3,3,3,5,4,4,5,3,4,4,4,4,3,3,3,3,2,4,3,3,4,3,5,3,5,3,4,5,4,4,4,4,4,4,4,4,5,5,4,4,4,4,5,5,3,4,3,3,3,3,3,2,4,3,4,3,3,3,3.17,4.0,3.67,3.0,3.83,4.17,4.33,4.33,3.17,3.12,3.74
R1855,Information Technology,Medium: 50-249 employees,11-20 years,50-99,Semi-urban area,Paper and cardboard,Not sure,Facility management team,3,3,4,4,4,4,4,5,5,4,4,5,3,5,3,2,4,3,4,4,4,2,5,4,3,4,3,3,3,4,3,3,3,4,3,3,5,3,4,4,3,3,4,3,3,3,3,3,3,4,4,4,3,4,2,2,2,1,2,2,3,2,3.67,4.5,3.33,3.83,3.33,3.17,3.67,3.17,3.67,2.0,3.59
R1856,Information Technology,Small: 10-49 employees,6-10 years,50-99,Urban area,Paper and cardboard,Under development,External waste-management agency,3,2,3,4,3,3,2,3,3,4,3,3,3,3,5,4,3,3,2,3,2,2,2,2,3,3,3,4,3,3,2,2,3,3,4,2,2,3,5,3,3,2,2,4,3,3,4,4,2,2,2,2,2,2,5,4,3,3,3,2,3,2,3.0,3.0,3.5,2.17,3.17,2.67,3.0,3.33,2.0,3.12,2.87
R1857,Hospitality/Services,Medium: 50-249 employees,3-5 years,100-249,Commercial area,Paper and cardboard,Under development,Facility management team,3,3,4,,3,2,3,3,3,3,3,3,3,3,4,4,4,4,2,4,3,3,4,4,4,5,4,3,5,4,3,3,3,4,2,3,3,2,4,2,3,3,3,4,3,4,4,4,3,3,2,3,3,4,4,2,3,2,2,3,2,3,3.0,3.0,3.67,3.33,4.17,3.0,2.83,3.67,3.0,2.62,3.3
R1858,Hospitality/Services,Large: 250 employees or more,11-20 years,100-249,Semi-urban area,Mixed municipal waste,Not sure,Environmental or sustainability department,4,4,4,3,4,,4,3,3,4,4,3,4,4,3,5,4,5,4,4,4,5,3,3,4,4,5,5,4,5,4,4,4,3,5,4,4,5,4,4,3,3,5,5,4,4,5,4,3,3,4,4,4,4,3,2,2,2,2,3,3,3,3.8,3.5,4.17,3.83,4.5,4.0,3.83,4.5,3.67,2.5,3.98
R1859,Retail,Small: 10-49 employees,3-5 years,10-49,Commercial area,Plastic waste,Not sure,External waste-management agency,3,4,4,3,3,4,3,3,3,3,4,3,3,3,4,4,4,4,5,4,4,4,4,4,3,3,3,4,4,4,2,3,1,2,3,3,4,3,3,3,4,3,3,4,3,4,3,3,3,3,3,3,4,4,4,4,3,3,4,3,3,3,3.5,3.17,3.67,4.17,3.5,2.33,3.33,3.33,3.33,3.38,3.37
R1860,Manufacturing,Micro: Fewer than 10 employees,3-5 years,10-49,Urban area,Plastic waste,No,External waste-management agency,3,3,3,3,3,3,3,3,3,3,3,3,3,3,3,3,3,3,3,3,3,3,3,3,3,3,3,3,3,3,3,3,3,3,3,3,3,3,3,3,3,3,3,3,3,3,3,3,3,3,3,3,3,3,3,3,3,3,3,3,3,3,3.0,3.0,3.0,3.0,3.0,3.0,3.0,3.0,3.0,3.0,3.0
R1861,Information Technology,Medium: 50-249 employees,6-10 years,50-99,Commercial area,Mixed municipal waste,Under development,Operations department,2,4,3,3,3,4,3,4,3,3,4,2,4,5,5,4,4,,5,4,4,4,4,4,4,4,4,4,4,3,2,2,3,3,3,4,4,4,4,4,4,3,4,4,5,4,5,5,5,4,5,3,4,4,4,3,3,3,3,2,3,3,3.17,3.17,4.4,4.17,3.83,2.83,3.83,4.5,4.17,3.0,3.79
R1862,Healthcare,Micro: Fewer than 10 employees,3-5 years,Fewer than 10,Semi-urban area,Food or organic waste,No,External waste-management agency,4,3,4,4,5,4,3,3,3,5,3,4,2,2,2,3,3,3,3,1,3,2,2,3,3,3,3,3,4,3,4,2,3,3,3,3,1,1,2,3,2,3,3,4,2,3,3,3,3,3,3,4,4,4,2,3,3,4,3,3,3,2,4.0,3.5,2.5,2.33,3.17,3.0,2.0,3.0,3.5,2.88,3.0
R1863,Retail,Large: 250 employees or more,11-20 years,250 or more,Urban area,Paper and cardboard,Under development,Operations department,3,4,4,4,3,3,4,4,4,,5,3,4,3,3,4,5,4,3,4,3,4,3,3,5,3,5,5,4,5,5,4,4,4,5,4,4,3,5,4,3,5,4,5,4,5,4,3,4,4,4,4,5,4,3,3,2,2,2,2,3,2,3.5,4.0,3.83,3.33,4.5,4.33,4.0,4.17,4.17,2.38,3.98
R1864,Hospitality/Services,Medium: 50-249 employees,11-20 years,100-249,Commercial area,Plastic waste,Not sure,Operations department,4,4,4,5,4,3,3,4,4,4,,4,3,3,4,3,3,2,4,4,3,3,3,4,4,4,4,4,4,3,3,4,4,4,3,3,4,4,3,4,4,5,3,3,4,4,4,2,2,2,3,3,3,3,2,2,2,2,2,2,1,1,4.0,3.8,3.0,3.5,3.83,3.5,4.0,3.33,2.67,1.75,3.51
R1865,Retail,Large: 250 employees or more,11-20 years,250 or more,Commercial area,Plastic waste,Under development,Operations department,3,2,4,3,3,3,4,3,3,4,3,3,3,5,3,5,4,4,3,3,3,3,3,4,3,2,2,,5,5,3,2,2,3,2,2,5,3,4,4,3,2,2,2,3,4,3,3,3,3,4,5,3,3,2,1,1,1,3,2,2,3,3.0,3.33,4.0,3.17,3.4,2.33,3.5,2.83,3.5,1.88,3.23
R1866,Hospitality/Services,Micro: Fewer than 10 employees,Less than 3 years,Fewer than 10,Semi-urban area,Mixed municipal waste,Under development,Operations department,3,4,3,4,2,4,5,4,5,4,4,4,3,2,2,2,2,3,4,4,4,4,3,4,4,4,2,4,3,4,4,2,4,3,3,3,5,5,3,4,4,5,3,3,2,3,3,4,4,3,3,4,4,3,3,3,4,4,3,4,3,4,3.33,4.33,2.33,3.83,3.5,3.17,4.33,3.0,3.5,3.5,3.48
R1867,Healthcare,Small: 10-49 employees,Less than 3 years,10-49,Urban area,Mixed municipal waste,Not sure,Facility management team,2,3,3,3,4,3,4,4,3,3,3,3,3,4,4,2,3,3,3,3,3,4,3,4,3,3,2,3,4,4,3,4,2,3,2,3,2,2,3,2,3,3,4,2,4,3,4,3,3,1,3,2,1,2,2,3,2,3,4,3,2,3,3.0,3.33,3.17,3.33,3.17,2.83,2.5,3.33,2.0,2.75,2.96
R1868,Manufacturing,Medium: 50-249 employees,6-10 years,100-249,Industrial area,Paper and cardboard,Under development,Facility management team,3,3,3,2,4,4,4,4,5,3,4,5,2,4,3,4,3,4,3,3,3,3,3,4,3,3,3,3,5,5,4,3,3,4,3,4,4,4,4,3,2,3,5,4,5,4,5,5,4,3,3,4,3,4,4,3,2,3,5,4,4,3,3.17,4.17,3.33,3.17,3.67,3.5,3.33,4.67,3.5,3.5,3.61
R1869,Information Technology,Micro: Fewer than 10 employees,Less than 3 years,Fewer than 10,Urban area,Paper and cardboard,No,Operations department,3,4,4,3,3,3,3,4,3,4,3,3,4,3,4,3,4,4,5,3,4,4,3,2,4,3,4,3,3,3,3,4,4,3,,3,3,2,3,2,2,2,5,4,4,4,4,3,3,3,3,4,3,3,2,3,2,1,3,2,2,3,3.33,3.33,3.67,3.5,3.33,3.4,2.33,4.0,3.17,2.25,3.34
R1870,Information Technology,Large: 250 employees or more,3-5 years,250 or more,Urban area,Mixed municipal waste,Under development,Operations department,3,3,3,3,4,3,4,5,3,3,5,4,4,5,5,5,,4,4,4,2,2,3,4,3,2,2,3,3,3,4,3,3,3,3,4,2,3,3,3,3,2,4,5,5,3,3,4,4,4,5,5,4,4,3,3,3,3,2,3,3,2,3.17,4.0,4.6,3.17,2.67,3.33,2.67,4.0,4.33,2.75,3.55
R1871,Healthcare,Large: 250 employees or more,6-10 years,250 or more,Urban area,Plastic waste,Yes,Environmental or sustainability department,4,3,3,4,4,4,3,3,4,1,4,,4,5,3,3,3,4,,5,4,3,4,4,3,5,3,4,5,4,4,4,4,4,4,5,3,4,2,3,3,3,3,3,2,4,2,,5,4,4,5,5,4,4,2,4,2,3,3,2,2,3.67,3.0,3.67,4.0,4.0,4.17,3.0,2.8,4.5,2.75,3.65
R1872,Healthcare,Small: 10-49 employees,11-20 years,10-49,Industrial area,Mixed municipal waste,Under development,External waste-management agency,4,4,4,3,4,4,4,3,4,4,4,4,4,4,4,3,3,5,3,5,4,3,5,4,3,3,3,4,4,2,4,4,5,4,4,4,3,2,3,2,3,3,4,3,4,4,4,5,3,2,2,2,3,3,3,2,1,1,3,4,3,4,3.83,3.83,3.83,4.0,3.17,4.17,2.67,4.0,2.5,2.62,3.56
R1873,Manufacturing,Small: 10-49 employees,3-5 years,10-49,Industrial area,Paper and cardboard,No,External waste-management agency,5,4,4,5,3,4,3,4,4,3,3,3,4,4,5,4,4,3,3,,3,3,4,3,3,2,2,3,2,2,3,2,1,3,4,3,1,3,3,1,3,3,3,2,3,3,3,2,1,2,1,3,2,2,4,4,2,4,3,3,3,2,4.17,3.33,4.0,3.2,2.33,2.67,2.33,2.67,1.83,3.12,2.95
R1874,Manufacturing,Micro: Fewer than 10 employees,6-10 years,Fewer than 10,Industrial area,Plastic waste,No,Facility management team,3,3,2,4,3,3,3,3,3,3,4,3,3,2,3,2,3,3,3,4,3,3,3,2,2,2,3,2,3,3,3,3,4,4,2,4,3,3,1,3,3,3,3,3,4,4,3,4,3,2,3,3,4,3,4,4,3,3,3,4,4,3,3.0,3.17,2.67,3.0,2.5,3.33,2.67,3.5,3.0,3.5,2.98
R1875,Manufacturing,Small: 10-49 employees,3-5 years,50-99,Industrial area,Plastic waste,No,External waste-management agency,2,3,3,2,3,3,3,,3,2,3,3,2,5,3,3,2,3,2,4,3,2,3,3,2,3,3,2,2,2,4,3,2,3,4,3,3,3,3,1,2,,3,3,3,4,3,2,3,3,3,3,3,3,4,3,3,3,3,5,4,4,2.67,2.8,3.0,2.83,2.33,3.17,2.4,3.0,3.0,3.62,2.8
R1876,Manufacturing,Micro: Fewer than 10 employees,Less than 3 years,10-49,Semi-urban area,Plastic waste,No,External waste-management agency,3,3,2,4,3,2,4,4,4,3,2,3,3,3,4,4,4,3,2,3,2,2,3,3,4,2,4,3,4,4,2,4,3,3,3,4,3,3,3,3,3,3,1,2,3,3,2,1,2,2,2,3,3,2,3,3,4,4,3,3,4,4,2.83,3.33,3.5,2.5,3.5,3.17,3.0,2.0,2.33,3.5,2.91
R1877,Retail,Medium: 50-249 employees,6-10 years,50-99,Commercial area,Plastic waste,Yes,Facility management team,4,3,4,3,3,3,4,4,5,4,5,5,3,4,3,4,4,5,4,4,3,4,3,3,5,4,5,5,5,4,4,3,3,3,4,2,4,3,2,5,3,3,4,4,4,3,3,5,4,4,4,4,3,4,1,3,3,2,2,2,2,3,3.33,4.5,3.83,3.5,4.67,3.17,3.33,3.83,3.83,2.25,3.78
R1878,Healthcare,Large: 250 employees or more,11-20 years,250 or more,Urban area,Mixed municipal waste,Yes,Environmental or sustainability department,4,5,4,5,4,4,4,5,5,4,4,2,3,4,3,3,4,5,4,3,3,3,4,4,5,5,3,5,4,5,4,4,,3,5,4,5,3,5,5,4,4,3,4,4,5,4,4,4,4,3,4,4,3,2,2,4,1,3,1,2,,4.33,4.0,3.67,3.5,4.5,4.0,4.33,4.0,3.67,2.14,4.0
R1879,Manufacturing,Large: 250 employees or more,11-20 years,100-249,Urban area,Mixed municipal waste,Under development,Operations department,4,3,5,4,4,4,4,4,4,5,3,5,4,4,4,4,4,5,4,5,4,5,4,5,4,5,5,5,5,5,3,4,3,3,4,,4,4,5,4,3,4,3,3,2,,4,2,5,4,4,4,4,5,1,2,3,,3,2,2,2,4.0,4.17,4.17,4.5,4.83,3.4,4.0,2.8,4.33,2.14,4.02
R1880,Healthcare,Micro: Fewer than 10 employees,Less than 3 years,Fewer than 10,Urban area,Plastic waste,No,External waste-management agency,5,3,3,3,3,4,3,4,4,3,4,2,2,3,4,2,3,3,3,3,,3,2,3,,3,2,2,3,2,3,3,3,3,2,4,1,2,3,3,3,3,2,1,2,2,1,3,2,3,2,2,2,2,5,5,3,3,5,5,5,3,3.5,3.33,2.83,2.8,2.4,3.0,2.5,1.83,2.17,4.25,2.71
R1881,Manufacturing,Small: 10-49 employees,Less than 3 years,10-49,Commercial area,Plastic waste,Yes,External waste-management agency,3,4,4,4,4,4,3,2,3,3,3,3,3,3,4,4,3,3,5,5,4,5,4,5,5,4,4,5,5,4,4,3,3,4,3,3,3,3,2,3,3,3,4,2,5,3,3,4,3,3,3,4,3,3,3,2,1,2,2,2,2,2,3.83,2.83,3.33,4.67,4.5,3.33,2.83,3.5,3.17,2.0,3.55
R1882,Manufacturing,Small: 10-49 employees,3-5 years,10-49,Industrial area,Paper and cardboard,Yes,Environmental or sustainability department,4,4,4,3,5,4,5,5,5,4,4,5,3,3,3,3,2,3,5,4,5,5,4,4,3,5,4,5,4,3,5,4,4,5,3,3,4,3,5,4,3,4,4,5,4,3,3,4,4,4,4,2,2,3,3,2,3,2,2,3,3,1,4.0,4.67,2.83,4.5,4.0,4.0,3.83,3.83,3.17,2.38,3.87
R1883,Hospitality/Services,Medium: 50-249 employees,3-5 years,50-99,Urban area,Food or organic waste,Under development,Facility management team,5,4,4,5,3,5,3,4,4,4,5,4,3,5,4,3,3,3,3,3,3,4,3,3,5,2,4,4,2,3,4,3,3,2,4,3,3,3,3,2,3,3,,3,2,3,3,4,3,3,4,3,3,4,2,1,3,2,3,1,3,2,4.33,4.0,3.5,3.17,3.33,3.17,2.83,3.0,3.33,2.12,3.41
R1884,Hospitality/Services,Medium: 50-249 employees,Less than 3 years,50-99,Urban area,Food or organic waste,Under development,Environmental or sustainability department,2,,3,2,3,2,2,3,4,2,3,2,4,3,4,4,3,4,2,2,2,3,3,3,3,3,4,3,4,3,2,4,4,3,4,4,3,4,4,5,4,4,5,4,4,4,5,5,2,3,2,3,3,2,5,4,3,4,4,4,4,5,2.4,2.67,3.67,2.5,3.33,3.5,4.0,4.5,2.5,4.12,3.23
R1885,Information Technology,Micro: Fewer than 10 employees,6-10 years,Fewer than 10,Urban area,Food or organic waste,No,External waste-management agency,3,2,3,2,3,2,1,1,1,2,1,2,2,3,3,3,3,3,3,2,3,3,4,3,3,5,3,3,4,4,3,3,2,1,2,2,2,2,3,4,3,3,2,2,2,2,2,2,2,3,3,2,3,2,4,3,3,4,3,4,4,4,2.5,1.33,2.83,3.0,3.67,2.17,2.83,2.0,2.5,3.62,2.54
R1886,Manufacturing,Micro: Fewer than 10 employees,6-10 years,Fewer than 10,Industrial area,Mixed municipal waste,Under development,External waste-management agency,3,4,4,3,3,4,4,3,3,4,3,4,5,4,5,,5,5,3,4,4,5,4,4,3,4,4,4,3,3,4,3,,4,4,3,4,3,3,4,4,4,4,3,4,4,3,4,4,3,4,3,2,3,3,3,3,4,4,3,4,3,3.5,3.5,4.8,4.0,3.5,3.6,3.67,3.67,3.17,3.38,3.71
R1887,Information Technology,Large: 250 employees or more,Less than 3 years,250 or more,Urban area,Mixed municipal waste,Not sure,External waste-management agency,4,4,4,3,4,4,3,2,2,2,2,3,2,2,3,3,3,4,3,2,2,1,2,2,3,4,3,4,4,4,3,3,3,4,2,3,,3,2,3,3,3,2,2,1,3,1,1,3,3,4,3,3,,4,4,1,3,3,3,3,4,3.83,2.33,2.83,2.0,3.67,3.0,2.8,1.67,3.2,3.12,2.81
R1888,Manufacturing,Small: 10-49 employees,Less than 3 years,10-49,Industrial area,Plastic waste,No,Facility management team,3,2,3,2,3,3,3,2,3,4,3,3,3,3,3,3,3,3,4,4,4,4,4,4,3,3,3,2,,2,4,5,4,5,4,3,3,3,4,2,4,3,2,3,3,3,3,2,4,3,3,3,3,3,2,2,4,4,3,3,2,3,2.67,3.0,3.0,4.0,2.6,4.17,3.17,2.67,3.17,2.88,3.16
R1889,Healthcare,Micro: Fewer than 10 employees,3-5 years,Fewer than 10,Urban area,Plastic waste,No,External waste-management agency,3,2,2,2,3,3,3,3,3,3,3,3,2,3,2,3,2,2,2,3,4,3,3,3,2,4,2,2,2,2,2,2,1,3,1,2,4,4,4,4,3,4,2,3,3,1,2,2,3,3,2,2,2,2,3,4,4,4,4,5,4,3,2.5,3.0,2.33,3.0,2.33,1.83,3.83,2.17,2.33,3.88,2.59
R1890,Information Technology,Large: 250 employees or more,3-5 years,250 or more,Commercial area,Mixed municipal waste,Under development,Facility management team,5,3,4,3,2,4,5,5,4,3,4,4,4,2,4,3,4,4,5,3,4,4,5,4,2,3,3,4,3,3,4,4,4,3,5,3,3,3,3,4,2,3,4,3,2,3,4,3,3,3,3,3,3,2,4,4,3,3,3,2,3,4,3.5,4.17,3.5,4.17,3.0,3.83,3.0,3.17,2.83,3.25,3.46
R1891,Retail,Small: 10-49 employees,3-5 years,10-49,Urban area,Paper and cardboard,Yes,Facility management team,3,4,3,2,4,2,4,4,3,4,3,4,4,5,3,3,4,3,4,4,5,4,4,5,4,5,4,3,4,4,3,4,4,3,4,4,4,4,5,4,3,3,4,4,3,4,3,4,3,4,5,5,3,5,1,2,1,2,2,2,2,1,3.0,3.67,3.67,4.33,4.0,3.67,3.83,3.67,4.17,1.62,3.78
R1892,Hospitality/Services,Micro: Fewer than 10 employees,Less than 3 years,Fewer than 10,Semi-urban area,Food or organic waste,Under development,External waste-management agency,4,3,3,4,3,3,4,4,3,5,4,4,3,4,3,3,3,3,3,5,3,2,3,4,3,2,4,4,4,3,2,3,2,3,4,4,4,3,3,3,2,4,3,4,3,2,3,2,2,2,2,2,2,2,5,3,4,4,4,3,4,5,3.33,4.0,3.17,3.33,3.33,3.0,3.17,2.83,2.0,4.0,3.13
R1893,Information Technology,Small: 10-49 employees,3-5 years,10-49,Industrial area,Plastic waste,No,External waste-management agency,4,4,3,3,4,3,3,4,3,3,3,3,4,2,3,2,1,3,3,4,3,1,4,3,3,2,2,2,2,2,3,3,2,3,2,3,3,4,3,5,5,3,4,3,4,4,3,3,3,3,4,3,2,3,4,4,5,4,4,3,4,3,3.5,3.17,2.5,3.0,2.17,2.67,3.83,3.5,3.0,3.88,3.04
R1894,Retail,Large: 250 employees or more,Less than 3 years,100-249,Urban area,Paper and cardboard,No,Operations department,3,3,3,3,4,4,1,2,2,3,2,3,3,1,2,2,2,2,3,2,3,,2,3,1,3,3,2,2,4,2,2,2,2,3,2,2,3,3,3,3,3,2,3,2,2,2,2,4,2,4,2,2,4,5,3,2,3,4,4,4,2,3.33,2.17,2.0,2.6,2.5,2.17,2.83,2.17,3.0,3.38,2.53
R1895,Manufacturing,Medium: 50-249 employees,11-20 years,50-99,Commercial area,Plastic waste,No,Operations department,4,3,3,4,2,4,3,2,3,3,4,3,2,2,3,2,2,2,4,4,4,3,3,4,3,4,3,3,3,3,3,3,3,2,2,3,4,4,3,4,4,4,4,3,4,3,4,3,3,3,3,4,4,4,2,2,3,1,2,3,3,3,3.33,3.0,2.17,3.67,3.17,2.67,3.83,3.5,3.5,2.38,3.2
R1896,Information Technology,Large: 250 employees or more,6-10 years,250 or more,Urban area,Food or organic waste,Under development,External waste-management agency,2,4,4,5,4,3,4,4,3,4,4,3,4,4,4,4,4,3,3,2,3,2,3,3,3,4,4,3,4,4,4,3,3,4,4,4,4,4,3,4,3,4,1,3,3,2,1,3,3,4,4,4,3,3,3,1,1,4,2,3,3,3,3.67,3.67,3.83,2.67,3.67,3.67,3.67,2.17,3.5,2.5,3.39
R1897,Retail,Medium: 50-249 employees,Less than 3 years,100-249,Urban area,Mixed municipal waste,No,Operations department,3,3,3,3,3,2,4,3,3,4,2,3,4,2,3,,3,4,3,4,3,2,4,4,4,4,3,4,5,4,3,2,3,3,3,3,4,3,4,3,3,4,2,3,2,2,3,2,4,3,3,3,4,4,3,3,2,2,3,4,4,4,2.83,3.17,3.2,3.33,4.0,2.83,3.5,2.33,3.5,3.12,3.19
R1898,Manufacturing,Medium: 50-249 employees,11-20 years,100-249,Industrial area,Mixed municipal waste,Yes,Operations department,3,4,4,4,4,4,4,5,5,4,4,4,3,4,5,4,4,3,4,5,5,4,3,5,4,3,4,3,4,3,3,2,2,4,3,3,2,2,3,3,4,2,3,3,4,4,4,3,4,3,5,3,3,4,2,3,4,4,2,3,3,3,3.83,4.33,3.83,4.33,3.5,2.83,2.67,3.5,3.67,3.0,3.61
R1899,Manufacturing,Micro: Fewer than 10 employees,Less than 3 years,10-49,Urban area,Paper and cardboard,No,Operations department,3,4,4,3,3,3,2,2,4,3,4,3,2,4,3,4,3,3,3,3,3,5,3,3,2,4,4,2,4,2,3,3,4,3,3,4,4,3,4,4,4,4,2,2,3,2,3,2,3,3,4,4,4,4,4,4,3,4,3,3,5,4,3.33,3.0,3.17,3.33,3.0,3.33,3.83,2.33,3.67,3.75,3.22
R1900,Hospitality/Services,Medium: 50-249 employees,Less than 3 years,100-249,Urban area,Food or organic waste,Under development,External waste-management agency,3,3,3,3,4,2,4,4,3,3,3,3,3,2,3,3,3,4,3,4,3,4,4,3,2,4,2,3,3,3,3,4,4,4,3,3,4,3,4,3,2,3,4,4,4,4,4,3,3,3,3,3,4,2,3,3,3,3,3,3,3,3,3.0,3.33,3.0,3.5,2.83,3.5,3.17,3.83,3.0,3.0,3.24
R1901,Manufacturing,Micro: Fewer than 10 employees,Less than 3 years,Fewer than 10,Industrial area,Plastic waste,Under development,Operations department,3,4,4,4,3,4,3,4,3,2,3,4,2,2,2,1,3,3,4,4,3,3,4,3,4,3,,4,4,5,4,3,4,4,3,4,3,4,4,3,3,4,4,4,4,4,4,3,3,3,4,4,4,3,3,3,5,5,4,4,5,2,3.67,3.17,2.17,3.5,4.0,3.67,3.5,3.83,3.5,3.88,3.45
R1902,Hospitality/Services,Large: 250 employees or more,6-10 years,250 or more,Urban area,Food or organic waste,Under development,Environmental or sustainability department,2,2,2,2,2,2,2,2,2,2,2,2,2,2,2,2,2,2,2,2,2,2,2,2,2,2,2,2,2,2,2,2,2,2,2,2,2,2,2,2,2,2,2,2,2,2,2,2,2,2,2,2,2,2,2,2,2,2,2,2,,2,2.0,2.0,2.0,2.0,2.0,2.0,2.0,2.0,2.0,2.0,2.0
R1903,Healthcare,Medium: 50-249 employees,3-5 years,50-99,Commercial area,Food or organic waste,Under development,Operations department,4,4,5,4,4,4,4,3,4,4,4,5,4,3,4,5,4,5,4,4,3,3,4,4,4,3,3,2,4,4,3,4,2,4,4,4,5,4,,5,4,5,3,3,4,3,3,4,4,5,4,4,4,4,1,3,1,3,2,2,1,1,4.17,4.0,4.17,3.67,3.33,3.5,4.6,3.33,4.17,1.75,3.88
R1904,Retail,Micro: Fewer than 10 employees,Less than 3 years,Fewer than 10,Commercial area,Paper and cardboard,Under development,External waste-management agency,4,3,3,4,4,3,2,2,2,2,3,3,4,4,3,2,4,4,4,4,4,4,3,4,3,4,3,4,3,5,3,,3,4,4,3,3,4,4,5,4,4,4,3,5,4,5,4,3,2,3,3,3,4,3,3,3,3,4,4,3,5,3.5,2.33,3.5,3.83,3.67,3.4,4.0,4.17,3.0,3.5,3.49
R1905,Retail,Medium: 50-249 employees,6-10 years,50-99,Semi-urban area,Plastic waste,Under development,Facility management team,4,,5,3,3,4,4,3,,1,3,3,3,4,4,3,3,2,4,5,4,3,4,4,4,2,4,4,2,4,3,4,3,4,3,3,3,4,3,4,4,3,2,4,4,3,3,3,4,4,4,3,4,4,4,3,4,4,4,5,5,5,3.8,2.8,3.17,4.0,3.33,3.33,3.5,3.17,3.83,4.25,3.44
R1906,Information Technology,Small: 10-49 employees,3-5 years,50-99,Urban area,Mixed municipal waste,Not sure,Operations department,3,2,2,2,2,2,3,3,2,3,2,2,4,3,2,3,3,5,3,4,3,4,3,,3,2,3,3,3,4,3,3,3,2,4,2,3,3,3,4,3,3,,3,3,4,2,3,2,3,4,3,4,2,3,4,3,2,3,3,2,3,2.17,2.5,3.33,3.4,3.0,2.83,3.17,3.0,3.0,2.88,2.93
R1907,Retail,Small: 10-49 employees,11-20 years,10-49,Commercial area,Paper and cardboard,Under development,Facility management team,4,3,3,4,4,4,4,2,4,3,4,4,3,2,3,4,3,4,4,3,,4,2,2,4,3,3,3,4,4,3,3,5,4,4,4,3,4,3,3,3,3,4,5,4,4,4,4,3,3,4,4,4,3,3,4,3,4,4,4,5,4,3.67,3.5,3.17,3.0,3.5,3.83,3.17,4.17,3.5,3.88,3.5
R1908,Manufacturing,Large: 250 employees or more,Less than 3 years,250 or more,Industrial area,Plastic waste,Under development,Operations department,3,4,3,4,5,5,4,3,3,2,2,4,4,4,4,4,4,4,4,3,3,3,3,2,3,3,2,2,3,3,5,3,4,4,4,4,3,5,4,4,3,4,2,2,3,4,3,4,3,4,3,3,2,4,3,3,4,3,4,3,3,2,4.0,3.0,4.0,3.0,2.67,4.0,3.83,3.0,3.17,3.12,3.41
R1909,Manufacturing,Micro: Fewer than 10 employees,Less than 3 years,Fewer than 10,Industrial area,Paper and cardboard,Not sure,Operations department,5,4,4,4,5,2,3,3,3,2,3,3,4,4,5,4,4,4,4,5,3,3,3,3,4,3,4,3,3,3,4,4,3,4,4,3,3,4,4,4,5,3,5,4,4,3,4,4,3,3,3,3,3,2,4,2,3,3,3,4,3,2,4.0,2.83,4.17,3.5,3.33,3.67,3.83,4.0,2.83,3.0,3.57
R1910,Information Technology,Micro: Fewer than 10 employees,3-5 years,Fewer than 10,Urban area,Mixed municipal waste,Not sure,External waste-management agency,4,3,3,4,4,4,4,3,3,2,4,4,3,3,4,4,3,2,4,4,2,3,4,3,,3,4,5,4,3,3,3,3,4,3,3,3,4,4,3,4,5,4,3,4,3,4,4,4,3,3,3,4,3,3,4,3,2,,2,3,2,3.67,3.33,3.17,3.33,3.8,3.17,3.83,3.67,3.33,2.71,3.48
R1911,Healthcare,Small: 10-49 employees,6-10 years,10-49,Semi-urban area,Mixed municipal waste,No,External waste-management agency,5,3,4,4,4,3,3,4,3,4,,4,3,3,4,3,3,3,3,4,3,4,2,2,3,3,3,3,3,5,4,4,3,2,4,4,3,2,3,3,4,4,4,3,4,3,4,4,3,2,4,2,3,3,3,3,3,3,2,2,3,3,3.83,3.6,3.17,3.0,3.33,3.5,3.17,3.67,2.83,2.75,3.34
R1912,Retail,Medium: 50-249 employees,6-10 years,100-249,Urban area,Paper and cardboard,Under development,Operations department,3,2,3,3,3,3,3,5,3,5,4,2,1,3,4,3,4,4,4,5,2,2,4,3,4,5,3,3,3,3,3,4,3,3,4,3,4,4,3,4,3,4,5,3,5,3,5,4,4,2,5,4,,5,3,4,3,5,3,3,4,4,2.83,3.67,3.17,3.33,3.5,3.33,3.67,4.17,4.0,3.62,3.52
R1913,Manufacturing,Medium: 50-249 employees,3-5 years,50-99,Commercial area,Plastic waste,No,Environmental or sustainability department,4,3,3,4,5,3,3,3,3,3,3,4,3,3,3,3,3,2,4,3,4,3,4,4,3,4,2,2,3,3,3,3,3,3,5,2,5,4,4,3,3,3,4,3,4,3,3,3,4,5,2,5,4,4,3,4,3,4,3,4,3,3,3.67,3.17,2.83,3.67,2.83,3.17,3.67,3.33,4.0,3.38,3.37
R1914,Retail,Small: 10-49 employees,Less than 3 years,10-49,Commercial area,Mixed municipal waste,No,External waste-management agency,1,2,1,1,2,1,3,2,2,3,1,3,3,3,2,2,3,2,1,2,3,2,3,2,2,2,2,3,2,3,2,2,2,3,2,2,3,2,3,2,3,4,2,2,2,1,2,2,4,3,3,3,2,3,5,4,5,4,4,4,4,4,1.33,2.33,2.5,2.17,2.33,2.17,2.83,1.83,3.0,4.25,2.28
R1915,Information Technology,Medium: 50-249 employees,11-20 years,50-99,Semi-urban area,Plastic waste,Yes,Facility management team,4,3,5,4,4,5,5,3,4,4,4,4,3,3,3,3,3,4,3,4,4,4,3,3,5,4,4,3,3,4,2,4,3,3,4,3,3,3,3,3,3,4,2,2,2,3,3,4,3,3,4,2,3,3,1,2,5,3,4,3,2,2,4.17,4.0,3.17,3.5,3.83,3.17,3.17,2.67,3.0,2.75,3.41
R1916,Manufacturing,Micro: Fewer than 10 employees,Less than 3 years,Fewer than 10,Industrial area,Plastic waste,No,External waste-management agency,2,2,2,2,3,3,2,2,2,3,2,1,2,2,2,2,2,2,2,1,2,2,2,1,2,1,2,2,2,4,2,2,3,3,1,2,2,,2,3,2,2,2,3,1,2,2,1,2,2,2,3,2,3,4,3,4,5,4,4,4,4,2.33,2.0,2.0,1.67,2.17,2.17,2.2,1.83,2.33,4.0,2.08
R1917,Hospitality/Services,Small: 10-49 employees,Less than 3 years,10-49,Urban area,Food or organic waste,No,External waste-management agency,5,5,5,5,4,4,2,2,2,2,2,2,3,3,3,4,2,5,3,4,3,3,3,4,2,2,4,4,3,2,2,3,3,2,2,2,3,3,3,3,2,3,3,3,3,3,3,3,3,2,2,2,2,3,3,4,3,5,2,4,4,2,4.67,2.0,3.33,3.33,2.83,2.33,2.83,3.0,2.33,3.38,2.96
R1918,Information Technology,Micro: Fewer than 10 employees,11-20 years,Fewer than 10,Urban area,Paper and cardboard,Under development,Operations department,4,5,4,5,4,4,4,5,4,4,4,3,,3,3,4,4,3,4,4,3,4,4,5,3,3,5,3,4,3,4,3,3,2,4,3,3,4,3,4,3,3,4,3,3,4,2,3,4,4,4,4,4,4,4,4,2,3,3,3,3,2,4.33,4.0,3.4,4.0,3.5,3.17,3.33,3.17,4.0,3.0,3.66
R1919,Retail,Micro: Fewer than 10 employees,3-5 years,10-49,Semi-urban area,Paper and cardboard,Yes,Environmental or sustainability department,3,3,4,3,3,3,4,4,4,3,4,3,3,3,3,2,3,2,2,2,2,2,3,3,4,3,4,2,2,5,3,3,3,3,3,4,3,3,3,4,3,3,4,4,3,3,4,3,3,3,3,4,4,3,4,2,3,3,3,4,4,4,3.17,3.67,2.67,2.33,3.33,3.17,3.17,3.5,3.33,3.38,3.15
R1920,Information Technology,Micro: Fewer than 10 employees,Less than 3 years,Fewer than 10,Commercial area,Mixed municipal waste,No,External waste-management agency,2,2,3,2,3,3,3,2,2,3,2,3,3,2,3,2,2,3,2,3,3,3,3,2,4,4,4,2,2,2,4,3,3,2,3,3,4,3,2,4,3,4,3,2,4,3,3,2,3,3,3,3,3,3,4,3,4,3,4,4,4,3,2.5,2.5,2.5,2.67,3.0,3.0,3.33,2.83,3.0,3.62,2.81
R1921,Healthcare,Large: 250 employees or more,Less than 3 years,250 or more,Semi-urban area,Plastic waste,Not sure,Operations department,3,2,2,3,3,2,4,4,4,4,3,3,4,3,3,3,2,3,2,2,2,2,1,3,4,3,2,2,2,2,2,4,3,3,4,3,3,4,2,3,2,2,3,3,3,4,3,2,2,2,2,3,2,,3,5,5,4,4,3,4,3,2.5,3.67,3.0,2.0,2.5,3.17,2.67,3.0,2.2,3.88,2.75
R1922,Healthcare,Large: 250 employees or more,11-20 years,250 or more,Industrial area,Plastic waste,Under development,Facility management team,3,4,4,5,3,2,5,4,4,4,4,4,3,4,5,,4,4,3,4,4,3,5,4,3,3,4,3,4,3,5,5,5,4,4,4,4,3,2,2,3,4,3,4,2,3,3,2,3,2,4,5,4,4,2,3,2,3,2,2,2,2,3.5,4.17,4.0,3.83,3.33,4.5,3.0,2.83,3.67,2.25,3.65
R1923,Manufacturing,Micro: Fewer than 10 employees,Less than 3 years,Fewer than 10,Industrial area,Paper and cardboard,No,External waste-management agency,4,3,2,2,3,2,3,3,2,3,2,3,3,4,2,3,4,3,2,1,2,2,2,2,2,3,3,3,3,1,3,3,3,4,3,4,2,3,2,3,2,2,3,3,2,1,3,3,2,4,3,3,4,1,5,4,2,4,3,5,4,4,2.67,2.67,3.17,1.83,2.5,3.33,2.33,2.5,2.83,3.88,2.65
R1924,Hospitality/Services,Micro: Fewer than 10 employees,11-20 years,Fewer than 10,Urban area,Plastic waste,Yes,External waste-management agency,2,2,3,3,3,3,3,3,3,3,3,3,3,3,4,3,5,3,3,3,3,3,3,3,3,3,3,3,4,4,3,3,4,4,3,3,3,4,2,4,4,3,4,4,5,4,5,4,5,4,5,5,5,5,3,3,4,4,3,3,4,4,2.67,3.0,3.5,3.0,3.33,3.33,3.33,4.33,4.83,3.5,3.48
R1925,Retail,Medium: 50-249 employees,11-20 years,50-99,Commercial area,Paper and cardboard,Not sure,Facility management team,3,4,4,3,4,2,3,3,3,3,3,3,4,4,4,4,5,4,3,3,2,3,3,3,3,3,3,4,2,2,5,5,4,3,4,4,2,3,2,3,4,4,3,4,4,3,4,3,4,4,4,2,3,4,2,3,2,3,3,2,2,3,3.33,3.0,4.17,2.83,2.83,4.17,3.0,3.5,3.5,2.5,3.37
R1926,Information Technology,Micro: Fewer than 10 employees,3-5 years,Fewer than 10,Urban area,Paper and cardboard,No,External waste-management agency,2,3,4,3,3,3,4,3,3,3,4,2,3,4,3,3,3,3,2,3,3,3,3,3,2,3,3,3,4,3,4,4,4,3,4,3,3,3,4,3,2,3,2,3,1,2,2,2,3,4,3,3,3,4,4,1,3,2,3,2,3,3,3.0,3.17,3.17,2.83,3.0,3.67,3.0,2.0,3.33,2.62,3.02
R1927,Manufacturing,Medium: 50-249 employees,Less than 3 years,100-249,Industrial area,Plastic waste,No,External waste-management agency,4,4,4,4,4,4,3,3,3,2,3,3,4,2,3,3,3,4,2,2,2,3,2,3,2,3,3,3,2,2,3,2,4,2,3,4,4,3,3,4,3,3,3,3,3,3,4,4,4,2,3,4,3,4,3,3,4,2,4,2,3,4,4.0,2.83,3.17,2.33,2.5,3.0,3.33,3.33,3.33,3.12,3.09
R1928,Retail,Micro: Fewer than 10 employees,6-10 years,Fewer than 10,Semi-urban area,Mixed municipal waste,No,External waste-management agency,3,2,3,3,1,3,3,4,4,4,4,4,2,3,2,2,4,2,3,3,4,2,2,4,2,2,2,3,3,4,1,3,3,2,1,2,2,2,2,3,1,3,4,4,3,4,3,4,2,1,3,2,3,2,3,3,3,2,2,4,3,2,2.5,3.83,2.5,3.0,2.67,2.0,2.17,3.67,2.17,2.75,2.72
R1929,Hospitality/Services,Large: 250 employees or more,11-20 years,100-249,Commercial area,Food or organic waste,Yes,Environmental or sustainability department,3,3,4,4,3,4,5,3,5,5,3,4,4,5,4,3,4,3,5,4,4,5,5,5,4,4,3,3,3,3,3,3,4,5,4,3,3,3,4,3,4,3,4,4,4,3,3,4,5,3,3,5,4,5,2,4,3,2,3,3,3,3,3.5,4.17,3.83,4.67,3.33,3.67,3.33,3.67,4.17,2.88,3.82
R1930,Retail,Large: 250 employees or more,11-20 years,250 or more,Commercial area,Plastic waste,Yes,Environmental or sustainability department,3,5,3,4,4,5,2,3,2,3,2,2,2,3,3,3,2,4,4,5,4,4,3,4,4,4,4,4,4,,5,5,5,5,4,4,4,5,4,3,5,5,3,3,3,3,2,3,4,4,3,3,5,4,3,3,3,4,3,3,3,4,4.0,2.33,2.83,4.0,4.0,4.67,4.33,2.83,3.83,3.25,3.65
R1931,Manufacturing,Micro: Fewer than 10 employees,Less than 3 years,10-49,Industrial area,Plastic waste,Not sure,Operations department,4,3,4,2,2,3,2,2,2,,2,1,2,2,3,2,3,2,1,2,3,1,2,1,2,3,3,4,3,3,3,3,3,3,2,3,3,3,2,3,3,1,2,3,3,4,4,4,3,3,4,3,4,3,3,4,2,3,3,2,4,5,3.0,1.8,2.33,1.67,3.0,2.83,2.5,3.33,3.33,3.25,2.64
R1932,Information Technology,Small: 10-49 employees,6-10 years,Fewer than 10,Urban area,Mixed municipal waste,Yes,External waste-management agency,5,3,3,4,4,3,3,3,4,4,3,5,3,3,3,4,3,5,3,3,3,2,2,3,4,3,4,3,4,4,2,3,2,3,1,2,4,3,4,4,3,3,5,3,3,5,3,4,3,3,4,2,5,3,3,4,4,3,3,3,3,3,3.67,3.67,3.5,2.67,3.67,2.17,3.5,3.83,3.33,3.25,3.33
R1933,Manufacturing,Small: 10-49 employees,3-5 years,10-49,Industrial area,Plastic waste,No,Operations department,3,2,2,3,3,3,1,3,3,1,3,3,4,3,3,2,3,3,3,2,2,3,4,4,4,3,3,3,5,4,3,3,4,3,3,4,3,3,3,4,3,3,3,3,4,4,3,3,4,3,3,4,4,4,4,3,3,3,4,3,4,3,2.67,2.33,3.0,3.0,3.67,3.33,3.17,3.33,3.67,3.38,3.13
R1934,Information Technology,Large: 250 employees or more,11-20 years,250 or more,Commercial area,Paper and cardboard,Under development,Facility management team,3,4,4,3,4,5,4,4,3,3,3,4,3,3,4,4,4,3,2,3,3,4,4,3,4,5,5,4,5,5,4,4,3,3,5,4,4,4,3,3,4,3,4,4,3,4,5,4,4,4,5,4,4,5,2,4,2,3,2,3,3,5,3.83,3.5,3.5,3.17,4.67,3.83,3.5,4.0,4.33,3.0,3.81
R1935,Hospitality/Services,Micro: Fewer than 10 employees,Less than 3 years,Fewer than 10,Urban area,Mixed municipal waste,No,Operations department,3,3,3,3,2,2,4,2,3,3,4,4,3,3,3,4,3,4,2,4,1,3,2,3,3,4,3,2,3,3,4,3,3,2,3,3,1,2,2,2,3,3,2,4,2,4,2,2,4,2,4,3,3,3,2,4,4,3,3,5,3,3,2.67,3.33,3.33,2.5,3.0,3.0,2.17,2.67,3.17,3.38,2.87
R1936,Manufacturing,Large: 250 employees or more,11-20 years,100-249,Industrial area,Paper and cardboard,Yes,Environmental or sustainability department,4,4,3,5,4,3,5,2,4,3,5,5,4,3,5,4,4,5,4,5,4,3,5,5,4,4,4,3,3,4,,4,4,4,4,4,3,3,3,4,3,3,4,3,4,4,4,4,5,4,4,3,3,4,3,2,2,2,3,1,2,2,3.83,4.0,4.17,4.33,3.67,4.0,3.17,3.83,3.83,2.12,3.87
R1937,Healthcare,Small: 10-49 employees,6-10 years,Fewer than 10,Semi-urban area,Paper and cardboard,Not sure,External waste-management agency,4,3,5,4,4,3,4,2,3,3,3,4,3,,3,4,4,3,3,4,3,3,4,4,3,4,4,2,2,4,3,4,5,4,4,4,4,3,5,3,3,4,3,4,2,2,3,2,4,4,3,4,3,4,2,3,3,3,3,4,3,2,3.83,3.17,3.4,3.5,3.17,4.0,3.67,2.67,3.67,2.88,3.45
R1938,Hospitality/Services,Micro: Fewer than 10 employees,6-10 years,10-49,Semi-urban area,Plastic waste,No,External waste-management agency,3,3,1,3,3,2,2,2,1,1,2,2,3,4,3,2,3,3,2,1,2,3,3,4,3,2,3,3,2,4,3,3,4,3,4,2,3,2,2,3,3,2,3,1,5,3,1,2,2,2,2,2,2,3,2,4,3,3,4,5,4,3,2.5,1.67,3.0,2.5,2.83,3.17,2.5,2.5,2.17,3.5,2.54
R1939,Hospitality/Services,Large: 250 employees or more,3-5 years,100-249,Industrial area,Mixed municipal waste,No,Operations department,2,3,2,3,1,3,3,3,3,4,3,3,4,3,3,3,3,4,2,3,3,3,3,2,2,3,3,3,3,2,2,2,3,3,2,3,3,3,3,3,4,3,2,2,2,3,3,2,4,4,4,1,3,4,3,3,4,3,5,5,4,4,2.33,3.17,3.33,2.67,2.67,2.5,3.17,2.33,3.33,3.88,2.83
R1940,Retail,Micro: Fewer than 10 employees,Less than 3 years,Fewer than 10,Commercial area,Food or organic waste,Not sure,External waste-management agency,4,3,3,4,3,4,3,3,3,3,2,3,3,4,4,3,5,4,4,4,5,4,4,3,4,4,5,3,4,4,3,3,3,3,3,3,4,4,3,5,3,3,2,3,3,3,2,2,3,4,3,4,3,3,2,4,3,3,3,4,2,3,3.5,2.83,3.83,4.0,4.0,3.0,3.67,2.5,3.33,3.0,3.41
R1941,Healthcare,Micro: Fewer than 10 employees,Less than 3 years,Fewer than 10,Industrial area,Mixed municipal waste,No,External waste-management agency,4,3,2,4,2,3,3,3,3,3,3,3,3,3,3,4,3,3,3,3,1,3,4,2,3,2,2,2,2,2,3,2,3,3,2,,3,3,3,3,4,2,3,4,4,4,2,4,2,2,3,3,3,3,5,4,3,4,4,3,3,4,3.0,3.0,3.17,2.67,2.17,2.6,3.0,3.5,2.67,3.75,2.86
R1942,Healthcare,Medium: 50-249 employees,Less than 3 years,100-249,Semi-urban area,Mixed municipal waste,No,Environmental or sustainability department,5,5,5,4,3,5,4,3,4,4,4,4,3,3,3,4,3,3,2,3,2,3,5,3,3,3,2,,4,2,4,4,3,3,3,2,4,4,3,3,3,2,3,4,3,3,4,4,4,3,4,4,4,3,1,2,3,3,3,2,3,3,4.5,3.83,3.17,3.0,2.8,3.17,3.17,3.5,3.67,2.5,3.42
R1943,Manufacturing,Small: 10-49 employees,6-10 years,10-49,Semi-urban area,Plastic waste,No,External waste-management agency,3,4,2,3,3,3,3,2,2,3,2,3,3,3,2,2,2,4,2,3,3,4,4,2,2,2,3,4,2,2,1,3,2,2,2,2,,3,4,2,2,3,3,3,2,2,3,4,3,2,2,2,3,2,4,3,4,3,4,3,4,3,3.0,2.5,2.67,3.0,2.5,2.0,2.8,2.83,2.33,3.5,2.63
R1944,Healthcare,Micro: Fewer than 10 employees,Less than 3 years,Fewer than 10,Commercial area,Mixed municipal waste,No,External waste-management agency,2,1,3,1,1,2,3,4,4,4,4,4,2,3,2,2,2,3,2,3,3,3,1,2,3,4,4,4,4,4,2,3,3,2,3,1,3,2,2,3,2,3,3,3,3,2,3,2,2,2,2,3,3,2,3,3,4,4,3,3,3,3,1.67,3.83,2.33,2.33,3.83,2.33,2.5,2.67,2.33,3.25,2.65
R1945,Retail,Small: 10-49 employees,6-10 years,10-49,Semi-urban area,Food or organic waste,Not sure,External waste-management agency,2,3,3,2,3,3,3,4,3,4,3,4,3,3,3,4,3,3,2,3,2,3,3,3,5,5,4,4,4,4,2,2,3,3,4,2,4,3,2,3,4,2,3,4,4,3,3,3,2,4,3,3,2,2,3,2,4,2,3,2,3,3,2.67,3.5,3.17,2.67,4.33,2.67,3.0,3.33,2.67,2.75,3.11
R1946,Retail,Micro: Fewer than 10 employees,Less than 3 years,Fewer than 10,Commercial area,Paper and cardboard,No,External waste-management agency,,2,1,3,2,3,3,3,3,2,3,2,2,3,2,1,2,2,3,2,2,2,3,2,3,2,3,3,2,3,4,3,3,2,3,2,3,3,3,2,4,4,3,3,4,3,4,4,3,2,1,3,1,2,3,4,4,2,4,3,4,3,2.2,2.67,2.0,2.33,2.67,2.83,3.17,3.5,2.0,3.38,2.6
R1947,Retail,Small: 10-49 employees,3-5 years,10-49,Semi-urban area,Plastic waste,No,Facility management team,3,2,2,3,3,3,4,2,2,4,3,3,,3,3,3,3,3,3,3,3,4,3,4,3,2,2,3,4,3,3,2,3,3,3,4,1,3,1,3,3,3,4,3,4,4,3,4,3,3,3,3,2,3,4,4,5,4,4,4,5,4,2.67,3.0,3.0,3.33,2.83,3.0,2.33,3.67,2.83,4.25,2.96
R1948,Information Technology,Micro: Fewer than 10 employees,3-5 years,10-49,Commercial area,Plastic waste,Not sure,External waste-management agency,3,3,3,3,3,4,2,3,2,4,4,4,3,4,3,3,5,3,5,5,4,5,4,4,2,3,4,2,3,2,3,2,4,4,3,3,3,3,3,3,4,3,2,2,3,3,3,2,3,3,3,2,2,2,4,4,3,4,3,3,3,5,3.17,3.17,3.5,4.5,2.67,3.17,3.17,2.5,2.5,3.62,3.15
R1949,Manufacturing,Large: 250 employees or more,Less than 3 years,250 or more,Industrial area,Plastic waste,No,Operations department,3,3,2,2,2,2,2,3,3,3,2,2,,2,4,3,2,4,2,3,3,2,3,2,3,1,3,2,3,2,3,3,3,2,3,3,3,4,4,4,4,3,4,3,3,3,3,3,4,3,3,3,4,4,3,4,3,4,3,4,4,4,2.33,2.5,3.0,2.5,2.33,2.83,3.67,3.17,3.5,3.62,2.87
R1950,Manufacturing,Large: 250 employees or more,6-10 years,100-249,Urban area,Plastic waste,Under development,Operations department,4,4,4,4,4,4,5,5,5,5,5,5,4,5,5,4,5,5,4,4,4,3,5,4,4,5,3,4,4,4,5,5,4,3,5,4,5,5,3,3,4,,,4,5,5,4,5,4,4,4,5,4,4,2,2,3,3,2,2,1,2,4.0,5.0,4.67,4.0,4.0,4.33,4.0,4.6,4.17,2.12,4.31
R1951,Manufacturing,Medium: 50-249 employees,11-20 years,50-99,Semi-urban area,Mixed municipal waste,No,Operations department,4,5,4,4,5,4,3,2,2,3,4,3,5,4,3,4,4,4,4,4,5,5,5,5,2,4,3,4,1,4,3,4,3,2,3,4,3,2,3,5,3,4,4,3,5,4,4,4,3,4,4,3,3,4,3,1,2,3,3,3,4,3,4.33,2.83,4.0,4.67,3.0,3.17,3.33,4.0,3.5,2.75,3.65
R1952,Manufacturing,Micro: Fewer than 10 employees,6-10 years,Fewer than 10,Industrial area,Mixed municipal waste,No,Operations department,4,3,4,2,4,2,2,3,3,4,2,4,3,2,2,4,2,4,3,2,4,4,4,4,4,4,4,4,5,4,3,3,4,3,2,4,4,4,4,4,3,3,2,3,4,4,3,3,3,2,3,3,4,4,3,3,1,3,2,3,3,2,3.17,3.0,2.83,3.5,4.17,3.17,3.67,3.17,3.17,2.5,3.32
R1953,Hospitality/Services,Micro: Fewer than 10 employees,3-5 years,Fewer than 10,Urban area,Mixed municipal waste,No,External waste-management agency,3,3,3,3,4,4,2,2,2,4,2,1,3,3,2,2,2,3,2,2,3,2,3,2,1,2,3,4,2,2,2,2,2,2,3,2,3,2,2,2,4,3,3,2,3,4,3,3,3,2,,4,3,3,4,4,5,4,,4,4,4,3.33,2.17,2.5,2.33,2.33,2.17,2.67,3.0,3.0,4.14,2.61
R1954,Retail,Micro: Fewer than 10 employees,11-20 years,Fewer than 10,Commercial area,Plastic waste,No,External waste-management agency,3,2,2,2,2,3,4,3,3,3,4,4,4,3,4,3,4,4,4,4,3,,3,2,3,4,2,4,2,4,3,4,3,3,3,3,2,4,3,3,4,2,3,4,4,3,2,3,4,4,5,4,4,4,3,3,3,2,2,2,2,2,2.33,3.5,3.67,3.2,3.17,3.17,3.0,3.17,4.17,2.38,3.26
R1955,Manufacturing,Large: 250 employees or more,3-5 years,250 or more,Urban area,Paper and cardboard,No,Operations department,2,4,4,3,3,3,4,3,4,4,3,2,4,5,3,4,2,3,4,3,2,3,5,3,4,3,4,4,4,3,4,3,3,4,4,4,3,3,3,3,4,4,3,3,3,2,2,3,3,2,3,4,,3,4,3,2,3,3,3,3,2,3.17,3.33,3.5,3.33,3.67,3.67,3.33,2.67,3.0,2.88,3.3
R1956,Hospitality/Services,Micro: Fewer than 10 employees,3-5 years,10-49,Semi-urban area,Food or organic waste,No,External waste-management agency,3,3,3,3,2,3,3,3,3,3,3,3,3,3,3,3,3,3,3,4,2,3,3,2,3,3,3,3,2,4,3,2,2,4,3,3,4,4,4,3,4,3,4,3,3,3,4,3,4,4,4,3,5,4,3,,3,4,,3,4,4,2.83,3.0,3.0,2.83,3.0,2.83,3.67,3.33,4.0,3.5,3.17
R1957,Manufacturing,Large: 250 employees or more,6-10 years,250 or more,Industrial area,Plastic waste,Under development,Environmental or sustainability department,3,4,4,3,4,4,4,3,4,3,3,3,4,4,4,3,4,4,4,5,4,4,5,4,5,5,4,4,5,5,3,3,,4,3,3,4,5,4,5,5,3,5,3,4,5,4,4,4,3,4,4,3,4,2,3,4,3,1,2,3,2,3.67,3.33,3.83,4.33,4.67,3.2,4.33,4.17,3.67,2.5,3.91
R1958,Retail,Micro: Fewer than 10 employees,Less than 3 years,Fewer than 10,Urban area,Paper and cardboard,Under development,External waste-management agency,3,2,3,2,2,2,3,2,3,4,3,3,3,2,2,2,3,2,2,3,2,3,3,3,4,1,2,3,3,2,3,2,3,3,3,3,3,2,2,3,3,2,3,3,3,2,4,3,2,3,,3,4,3,1,4,3,3,3,3,3,,2.33,3.0,2.33,2.67,2.5,2.83,2.5,3.0,3.0,2.86,2.68
R1959,Information Technology,Small: 10-49 employees,3-5 years,50-99,Urban area,Mixed municipal waste,No,External waste-management agency,3,4,4,5,4,4,3,3,2,4,4,3,3,4,3,3,4,4,4,3,2,4,4,3,2,3,3,3,3,4,3,3,,3,3,3,4,4,3,2,4,4,2,4,4,4,4,4,4,4,3,3,2,3,3,2,2,4,2,3,3,3,4.0,3.17,3.5,3.33,3.0,3.0,3.5,3.67,3.17,2.75,3.37
R1960,Information Technology,Small: 10-49 employees,6-10 years,10-49,Urban area,Food or organic waste,Not sure,Environmental or sustainability department,3,2,2,2,2,2,3,4,3,4,2,4,3,4,3,3,5,3,4,3,4,5,3,3,3,3,2,3,3,4,3,2,3,3,3,4,,4,,3,4,4,4,2,2,3,3,3,3,3,3,3,3,3,4,4,2,3,3,2,3,4,2.17,3.33,3.5,3.67,3.0,3.0,3.75,2.83,3.0,3.12,3.14
R1961,Manufacturing,Large: 250 employees or more,3-5 years,100-249,Industrial area,Mixed municipal waste,Under development,Operations department,2,5,5,4,,4,3,3,3,3,3,4,5,4,5,4,5,4,2,2,3,3,3,3,4,4,4,5,4,4,4,3,4,4,4,4,3,5,4,4,4,,3,4,5,2,4,4,2,4,3,4,3,4,4,4,3,3,4,5,4,3,4.0,3.17,4.5,2.67,4.17,3.83,4.0,3.67,3.33,3.75,3.7
R1962,Information Technology,Micro: Fewer than 10 employees,3-5 years,Fewer than 10,Commercial area,Plastic waste,No,External waste-management agency,4,3,2,3,3,4,2,3,2,3,3,2,4,4,4,3,3,3,3,2,3,4,1,2,4,3,4,4,3,3,3,2,2,1,3,2,3,2,3,2,2,3,2,4,2,3,3,4,3,2,2,3,2,3,4,3,4,3,4,3,4,4,3.17,2.5,3.5,2.5,3.5,2.17,2.5,3.0,2.5,3.62,2.82
R1963,Healthcare,Micro: Fewer than 10 employees,3-5 years,Fewer than 10,Semi-urban area,Mixed municipal waste,Not sure,External waste-management agency,3,3,3,3,4,4,3,3,3,4,2,4,3,3,2,3,4,4,3,,4,3,3,3,4,3,2,3,4,4,4,4,5,4,4,4,3,4,3,3,2,4,2,3,2,3,2,4,3,3,3,3,3,3,2,4,3,5,4,4,3,3,3.33,3.17,3.17,3.2,3.33,4.17,3.17,2.67,3.0,3.5,3.25
R1964,Healthcare,Micro: Fewer than 10 employees,11-20 years,10-49,Urban area,Paper and cardboard,Under development,External waste-management agency,4,4,,3,3,4,3,4,3,4,3,3,3,3,4,5,4,3,3,2,4,4,2,4,4,3,3,4,3,3,3,3,2,3,4,3,4,4,3,3,5,4,3,3,3,4,4,3,3,,2,4,3,4,4,3,3,3,4,3,4,4,3.6,3.33,3.67,3.17,3.33,3.0,3.83,3.33,3.2,3.5,3.38
R1965,Manufacturing,Micro: Fewer than 10 employees,Less than 3 years,Fewer than 10,Industrial area,Food or organic waste,Not sure,External waste-management agency,4,3,4,4,1,4,3,4,4,5,4,4,3,3,3,4,3,3,3,3,3,4,4,2,4,3,3,3,3,3,2,3,3,2,3,2,4,4,3,3,3,4,3,3,3,4,4,3,2,1,2,4,3,2,3,2,3,3,3,3,3,2,3.33,4.0,3.17,3.17,3.17,2.5,3.5,3.33,2.33,2.75,3.17
R1966,Information Technology,Small: 10-49 employees,11-20 years,10-49,Semi-urban area,Paper and cardboard,Yes,Facility management team,4,4,4,5,4,4,2,3,3,4,3,4,5,4,3,4,3,3,4,3,4,3,3,4,2,3,3,4,3,2,4,4,3,3,4,4,4,4,4,3,4,4,3,2,4,3,4,3,4,3,4,3,3,4,3,2,2,2,2,2,2,3,4.17,3.17,3.67,3.5,2.83,3.67,3.83,3.17,3.5,2.25,3.5
R1967,Healthcare,Micro: Fewer than 10 employees,6-10 years,Fewer than 10,Urban area,Paper and cardboard,No,Operations department,3,4,4,4,4,4,3,3,3,3,2,4,3,3,3,5,3,2,3,3,4,3,4,4,4,2,4,4,4,4,3,2,4,4,3,2,3,2,3,4,3,4,2,3,3,3,2,3,3,3,2,3,3,4,2,1,2,2,2,3,2,2,3.83,3.0,3.17,3.5,3.67,3.0,3.17,2.67,3.0,2.0,3.22
R1968,Information Technology,Small: 10-49 employees,3-5 years,10-49,Semi-urban area,Paper and cardboard,No,Facility management team,4,3,3,5,3,3,3,4,4,3,3,2,3,3,4,3,3,4,2,2,3,4,2,3,2,2,2,4,2,,4,4,4,4,3,4,3,2,4,3,3,3,2,2,3,3,2,2,3,4,4,3,3,4,3,4,3,3,4,3,4,4,3.5,3.17,3.33,2.67,2.4,3.83,3.0,2.33,3.5,3.5,3.08
R1969,Hospitality/Services,Micro: Fewer than 10 employees,3-5 years,10-49,Commercial area,Paper and cardboard,Under development,Operations department,3,3,3,3,3,3,4,5,4,4,4,4,4,4,4,4,3,4,4,3,4,4,4,4,3,3,3,3,3,3,5,4,3,5,4,5,3,4,4,5,3,4,3,4,3,3,3,2,2,4,5,4,4,3,4,4,4,4,3,4,4,3,3.0,4.17,3.83,3.83,3.0,4.33,3.83,3.0,3.67,3.75,3.63
R1970,Information Technology,Small: 10-49 employees,11-20 years,10-49,Semi-urban area,Paper and cardboard,Yes,Facility management team,3,4,3,3,3,3,4,4,4,4,3,3,4,5,5,5,3,5,3,4,2,3,4,2,5,3,3,5,4,4,5,4,3,4,4,4,5,3,3,2,3,4,4,5,4,5,4,4,4,5,4,3,3,5,3,3,3,3,2,2,2,3,3.17,3.67,4.5,3.0,4.0,4.0,3.33,4.33,4.0,2.62,3.78
R1971,Information Technology,Large: 250 employees or more,6-10 years,250 or more,Commercial area,Plastic waste,Under development,Facility management team,3,3,4,3,4,2,3,2,3,2,3,3,4,3,4,3,4,3,4,3,4,4,3,4,5,5,4,3,4,3,3,4,4,2,4,3,4,4,5,3,3,5,2,3,2,3,1,4,4,4,3,3,2,4,4,4,3,3,3,3,2,5,3.17,2.67,3.5,3.67,4.0,3.33,4.0,2.5,3.33,3.38,3.35
R1972,Manufacturing,Medium: 50-249 employees,6-10 years,100-249,Commercial area,Mixed municipal waste,Under development,Facility management team,5,3,2,3,3,3,2,3,2,4,3,3,5,5,4,5,5,4,2,3,3,1,2,2,2,3,2,4,4,3,4,4,4,2,3,4,3,3,3,3,3,2,3,3,3,2,2,3,4,4,4,4,3,4,3,2,3,4,2,3,3,2,3.17,2.83,4.67,2.17,3.0,3.5,2.83,2.67,3.83,2.75,3.19
R1973,Manufacturing,Medium: 50-249 employees,11-20 years,50-99,Industrial area,Mixed municipal waste,No,External waste-management agency,3,4,4,4,2,3,4,4,3,3,4,4,4,4,3,3,3,3,4,3,3,3,4,3,2,2,2,4,3,4,2,4,4,2,3,2,4,5,5,3,5,4,3,3,3,3,3,4,4,4,4,4,4,3,3,4,3,2,3,4,3,3,3.33,3.67,3.33,3.33,2.83,2.83,4.33,3.17,3.83,3.12,3.41
R1974,Healthcare,Medium: 50-249 employees,11-20 years,50-99,Urban area,Food or organic waste,Yes,Environmental or sustainability department,4,4,5,3,4,4,5,3,4,3,5,3,4,4,3,5,5,5,4,4,5,4,,4,5,5,5,5,4,4,5,5,4,5,5,4,4,5,5,5,4,4,4,3,3,4,4,3,4,4,3,3,3,3,2,1,2,2,1,2,2,1,4.0,3.83,4.33,4.2,4.67,4.67,4.5,3.5,3.33,1.62,4.11
R1975,Manufacturing,Micro: Fewer than 10 employees,3-5 years,Fewer than 10,Industrial area,Mixed municipal waste,Not sure,External waste-management agency,3,3,3,3,4,4,2,2,3,3,2,2,2,,3,3,3,3,4,4,4,5,4,4,3,3,2,3,3,3,2,2,2,,3,3,2,4,2,3,2,3,3,4,3,3,2,4,3,4,2,3,3,4,3,3,5,4,4,3,3,4,3.33,2.33,2.8,4.17,2.83,2.4,2.67,3.17,3.17,3.62,2.99
R1976,Information Technology,Small: 10-49 employees,6-10 years,10-49,Urban area,Paper and cardboard,Under development,Operations department,4,3,4,3,4,4,5,,5,3,4,4,3,4,3,3,4,3,4,2,5,3,2,4,4,4,3,1,3,2,4,3,4,4,3,4,5,3,3,3,4,3,5,4,5,5,4,3,5,4,4,5,5,5,1,3,2,4,3,1,2,2,3.67,4.2,3.33,3.33,2.83,3.67,3.5,4.33,4.67,2.25,3.73
R1977,Information Technology,Micro: Fewer than 10 employees,Less than 3 years,Fewer than 10,Urban area,Paper and cardboard,Under development,External waste-management agency,2,2,2,1,3,3,3,2,2,3,3,3,2,3,2,2,4,2,4,4,5,4,4,4,4,1,3,4,4,3,3,3,2,3,3,3,3,2,4,3,3,2,3,4,3,3,2,2,3,3,3,3,3,3,3,4,4,5,4,4,4,3,2.17,2.67,2.5,4.17,3.17,2.83,2.83,2.83,3.0,3.88,2.91
R1978,Healthcare,Large: 250 employees or more,6-10 years,100-249,Urban area,Mixed municipal waste,Under development,External waste-management agency,3,3,5,3,3,2,3,3,3,3,3,3,4,4,4,4,4,4,4,2,3,4,4,3,4,3,4,3,4,4,3,3,2,3,3,3,1,2,3,2,3,3,4,3,3,3,4,3,5,4,3,3,4,4,3,3,4,4,3,4,3,3,3.17,3.0,4.0,3.33,3.67,2.83,2.33,3.33,3.83,3.38,3.28
R1979,Manufacturing,Large: 250 employees or more,6-10 years,250 or more,Semi-urban area,Paper and cardboard,Not sure,Environmental or sustainability department,5,5,5,4,5,5,3,4,3,4,4,4,4,5,4,3,3,5,5,4,5,5,4,4,2,3,3,3,4,2,4,4,4,3,4,3,4,4,4,4,3,3,4,4,4,3,5,5,4,4,3,5,4,4,4,2,2,2,4,3,3,3,4.83,3.67,4.0,4.5,2.83,3.67,3.67,4.17,4.0,2.88,3.93
R1980,Information Technology,Large: 250 employees or more,Less than 3 years,250 or more,Urban area,Paper and cardboard,Under development,Environmental or sustainability department,5,4,5,3,3,4,1,3,3,3,2,3,3,3,3,2,3,2,3,3,3,3,3,3,4,3,3,4,3,3,4,4,3,3,3,4,4,4,5,2,3,5,2,3,3,3,4,4,3,5,4,3,3,4,4,3,3,4,3,3,4,3,4.0,2.5,2.67,3.0,3.33,3.5,3.83,3.17,3.67,3.38,3.3
R1981,Healthcare,Small: 10-49 employees,Less than 3 years,10-49,Commercial area,Mixed municipal waste,Not sure,External waste-management agency,2,4,3,4,4,5,3,3,3,3,4,4,3,3,4,3,4,4,4,3,3,4,4,5,4,4,2,3,3,4,5,4,4,2,3,3,4,5,2,2,3,4,4,5,4,4,4,4,4,2,3,3,4,3,4,2,3,2,3,2,3,3,3.67,3.33,3.5,3.83,3.33,3.5,3.33,4.17,3.17,2.75,3.54
R1982,Retail,Small: 10-49 employees,3-5 years,10-49,Commercial area,Paper and cardboard,Under development,Operations department,4,3,3,3,3,2,4,4,3,3,3,4,4,3,2,2,3,3,3,4,3,3,3,3,3,2,4,2,4,4,4,2,4,3,2,3,4,3,3,4,4,4,3,4,4,4,3,4,3,4,4,3,4,3,3,3,2,2,3,3,3,3,3.0,3.5,2.83,3.17,3.17,3.0,3.67,3.67,3.5,2.75,3.28
R1983,Healthcare,Small: 10-49 employees,6-10 years,10-49,Semi-urban area,Plastic waste,Under development,Operations department,3,4,2,3,4,3,4,4,4,5,4,3,2,4,3,4,3,3,3,3,2,3,4,4,2,5,4,3,4,3,4,4,4,4,4,4,4,3,4,5,3,3,4,4,4,3,3,3,2,2,4,4,3,3,3,3,4,3,4,4,4,3,3.17,4.0,3.17,3.17,3.5,4.0,3.67,3.5,3.0,3.5,3.46
R1984,Manufacturing,Small: 10-49 employees,Less than 3 years,10-49,Industrial area,Plastic waste,No,Facility management team,4,3,3,3,4,4,4,4,3,4,4,3,3,2,2,3,2,3,5,4,4,4,4,4,4,2,1,2,4,2,3,3,3,2,3,2,3,4,3,3,3,4,4,4,3,4,4,3,2,2,3,3,3,3,4,2,1,2,2,2,2,2,3.5,3.67,2.5,4.17,2.5,2.67,3.33,3.67,2.67,2.12,3.19
R1985,Information Technology,Large: 250 employees or more,6-10 years,100-249,Industrial area,Mixed municipal waste,Under development,Environmental or sustainability department,4,2,4,2,3,2,2,3,2,3,3,2,4,4,3,3,3,2,3,3,3,2,3,4,2,3,3,3,4,3,3,3,3,1,4,2,3,3,4,4,3,4,2,3,2,3,2,3,3,3,3,3,3,3,3,3,2,2,2,3,2,5,2.83,2.5,3.17,3.0,3.0,2.67,3.5,2.5,3.0,2.75,2.91
R1986,Manufacturing,Micro: Fewer than 10 employees,6-10 years,Fewer than 10,Industrial area,Plastic waste,Under development,Facility management team,2,3,4,3,3,2,4,3,4,2,3,4,3,4,4,4,4,4,2,3,2,1,4,1,2,3,4,4,3,4,4,3,5,4,4,4,3,4,5,4,4,4,3,3,4,2,3,2,4,4,3,2,2,3,3,3,3,3,2,3,3,3,2.83,3.33,3.83,2.17,3.33,4.0,4.0,2.83,3.0,2.88,3.26
R1987,Healthcare,Small: 10-49 employees,11-20 years,50-99,Semi-urban area,Mixed municipal waste,Not sure,Operations department,4,4,4,4,3,2,4,4,5,4,4,5,4,3,3,3,2,3,3,4,3,2,3,3,3,3,3,3,3,3,4,3,2,4,3,2,5,3,4,4,3,4,2,4,4,3,3,4,4,4,3,5,3,4,3,2,3,3,4,2,3,4,3.5,4.33,3.0,3.0,3.0,3.0,3.83,3.33,3.83,3.0,3.42
R1988,Manufacturing,Medium: 50-249 employees,3-5 years,50-99,Industrial area,Plastic waste,No,Operations department,4,3,3,3,2,5,2,2,2,3,3,3,2,4,3,3,3,4,3,4,4,3,4,3,4,4,3,3,3,3,2,4,3,2,2,3,5,5,2,2,4,4,3,3,3,3,3,3,3,2,3,2,3,3,5,3,3,3,2,4,4,4,3.33,2.5,3.17,3.5,3.33,2.67,3.67,3.0,2.67,3.5,3.09
R1989,Manufacturing,Micro: Fewer than 10 employees,Less than 3 years,Fewer than 10,Industrial area,Mixed municipal waste,Not sure,External waste-management agency,4,4,4,4,4,4,4,4,4,4,4,4,4,4,4,4,4,4,4,4,4,4,4,4,4,4,4,4,4,4,4,4,4,4,4,4,4,4,4,4,4,4,,4,4,4,4,4,4,4,4,4,4,4,4,4,4,4,4,4,4,4,4.0,4.0,4.0,4.0,4.0,4.0,4.0,4.0,4.0,4.0,4.0
R1990,Manufacturing,Micro: Fewer than 10 employees,3-5 years,Fewer than 10,Industrial area,Mixed municipal waste,No,External waste-management agency,2,3,3,3,4,2,3,2,3,4,4,2,4,3,3,4,4,3,2,3,2,3,3,3,2,3,3,3,3,4,3,3,3,3,2,2,3,2,3,2,3,3,2,3,3,2,2,3,3,4,4,3,5,4,2,4,4,3,3,3,5,3,2.83,3.0,3.5,2.67,3.0,2.67,2.67,2.5,3.83,3.38,2.96
R1991,Manufacturing,Small: 10-49 employees,11-20 years,10-49,Semi-urban area,Paper and cardboard,Under development,External waste-management agency,4,4,4,4,4,4,4,4,4,4,4,4,4,4,4,4,4,4,4,4,4,4,4,4,4,4,4,4,4,4,4,4,4,4,4,4,4,4,4,4,4,4,4,4,,4,4,4,4,4,4,4,4,4,4,4,4,4,4,4,4,4,4.0,4.0,4.0,4.0,4.0,4.0,4.0,4.0,4.0,4.0,4.0
R1992,Information Technology,Medium: 50-249 employees,3-5 years,100-249,Urban area,Mixed municipal waste,Under development,Operations department,2,3,3,3,2,2,4,4,5,3,4,2,4,5,4,4,3,4,2,3,2,2,3,2,5,3,5,3,4,3,2,4,3,4,3,3,4,3,2,3,4,3,3,4,4,4,4,3,3,2,3,2,3,3,3,2,3,2,3,2,2,2,2.5,3.67,4.0,2.33,3.83,3.17,3.17,3.67,2.67,2.38,3.22
R1993,Information Technology,Micro: Fewer than 10 employees,Less than 3 years,Fewer than 10,Urban area,Paper and cardboard,No,Facility management team,4,3,2,4,3,2,3,4,4,4,5,4,3,4,3,3,3,2,5,5,5,5,4,,5,4,4,2,4,3,4,5,3,4,3,4,3,4,3,3,3,4,3,2,2,2,3,3,3,3,3,5,3,4,1,4,4,4,2,3,4,2,3.0,4.0,3.0,4.8,3.67,3.83,3.33,2.5,3.5,3.0,3.51
R1994,Manufacturing,Large: 250 employees or more,11-20 years,250 or more,Semi-urban area,Plastic waste,No,Environmental or sustainability department,5,5,4,3,4,2,3,3,3,3,3,4,4,4,5,4,3,4,4,4,4,4,3,3,4,3,3,4,3,3,4,3,4,4,4,4,4,4,3,4,4,4,4,2,4,3,3,3,4,3,3,4,4,3,3,2,3,4,1,2,3,2,3.83,3.17,4.0,3.67,3.33,3.83,3.83,3.17,3.5,2.5,3.59
R1995,Manufacturing,Medium: 50-249 employees,Less than 3 years,50-99,Commercial area,Mixed municipal waste,Under development,Operations department,4,4,4,3,5,4,4,3,4,4,4,4,3,3,3,3,2,2,3,3,4,5,4,4,3,2,3,3,4,,4,4,3,3,4,3,4,3,3,3,3,4,3,3,4,3,4,3,3,3,4,3,2,3,4,3,2,4,3,1,2,1,4.0,3.83,2.67,3.83,3.0,3.5,3.33,3.33,3.0,2.5,3.39
R1996,Information Technology,Medium: 50-249 employees,11-20 years,50-99,Semi-urban area,Mixed municipal waste,No,Facility management team,4,3,3,3,3,,3,3,3,1,2,3,3,4,,4,4,3,4,4,4,4,4,5,4,5,,4,5,4,4,4,4,4,4,4,4,4,3,5,5,4,3,4,3,4,5,3,4,3,4,4,4,3,3,3,3,3,2,1,3,3,3.2,2.5,3.6,4.17,4.4,4.0,4.17,3.67,3.67,2.62,3.71
R1997,Manufacturing,Small: 10-49 employees,3-5 years,50-99,Industrial area,Mixed municipal waste,Not sure,Facility management team,3,3,3,2,4,4,4,3,4,3,5,4,3,3,4,4,4,4,,3,2,3,2,2,3,5,,3,3,4,3,3,3,3,2,4,3,4,3,3,3,3,4,3,4,4,3,4,2,3,3,4,3,4,3,2,3,3,2,3,3,2,3.17,3.83,3.67,2.4,3.6,3.0,3.17,3.67,3.17,2.62,3.3
R1998,Retail,Medium: 50-249 employees,11-20 years,50-99,Commercial area,Food or organic waste,No,External waste-management agency,4,3,3,3,3,3,3,3,4,3,4,3,2,3,3,3,3,4,3,2,4,3,4,2,4,5,3,4,4,3,4,4,3,3,4,4,3,4,3,3,3,2,4,4,4,3,4,5,3,3,3,3,2,3,3,4,4,3,2,3,2,4,3.17,3.33,3.0,3.0,3.83,3.67,3.0,4.0,2.83,3.12,3.31
R1999,Manufacturing,Micro: Fewer than 10 employees,Less than 3 years,Fewer than 10,Industrial area,Mixed municipal waste,No,External waste-management agency,3,3,3,3,2,3,3,3,2,3,3,3,3,3,3,4,3,3,3,4,4,5,4,4,,3,3,3,2,2,3,3,3,3,3,4,5,3,3,3,4,4,4,4,4,5,5,5,3,3,4,4,4,3,3,3,2,4,2,3,4,3,2.83,2.83,3.17,4.0,2.6,3.17,3.67,4.5,3.5,3.0,3.36
R2000,Healthcare,Large: 250 employees or more,11-20 years,250 or more,Semi-urban area,Plastic waste,Yes,Environmental or sustainability department,4,4,4,5,4,4,4,4,3,2,4,4,5,5,5,5,5,5,4,5,5,5,2,4,4,4,5,4,5,5,5,4,5,4,5,4,3,4,4,5,4,4,5,3,5,4,4,5,4,4,4,4,2,3,5,3,3,3,3,4,3,3,4.17,3.5,5.0,4.17,4.5,4.5,4.0,4.33,3.5,3.38,4.19
R2001,Hospitality/Services,Large: 250 employees or more,11-20 years,250 or more,Semi-urban area,Food or organic waste,Not sure,Facility management team,4,4,3,4,3,4,4,3,3,4,4,4,4,3,1,3,2,2,3,3,3,4,3,3,3,4,3,3,4,2,2,3,4,4,3,3,3,3,4,2,4,3,3,2,3,4,4,3,4,3,3,4,3,3,3,3,2,4,2,3,2,3,3.67,3.67,2.5,3.17,3.17,3.17,3.17,3.17,3.33,2.75,3.22
R2002,Manufacturing,Small: 10-49 employees,Less than 3 years,10-49,Industrial area,Food or organic waste,No,External waste-management agency,3,5,5,4,4,4,3,4,,4,5,4,5,2,5,4,,3,4,3,3,3,2,2,3,4,3,4,4,5,3,2,4,2,2,3,3,3,3,3,2,3,3,4,4,4,4,2,3,4,3,4,4,3,2,3,2,3,2,3,3,3,4.17,4.0,3.8,2.83,3.83,2.67,2.83,3.5,3.5,2.62,3.46
R2003,Hospitality/Services,Micro: Fewer than 10 employees,6-10 years,Fewer than 10,Semi-urban area,Mixed municipal waste,No,Operations department,4,4,3,3,2,3,4,4,4,3,4,3,5,5,4,3,4,5,2,2,2,2,2,2,2,2,3,3,1,2,4,4,4,4,4,4,2,3,5,4,4,3,2,2,3,2,3,2,4,3,3,4,3,3,2,3,3,3,2,2,3,4,3.17,3.67,4.33,2.0,2.17,4.0,3.5,2.33,3.33,2.75,3.17
R2004,Information Technology,Medium: 50-249 employees,3-5 years,100-249,Urban area,Plastic waste,Not sure,Facility management team,2,3,5,4,,3,4,3,3,5,3,3,4,4,4,4,4,3,3,2,2,2,4,3,3,2,3,4,4,3,4,3,4,3,4,3,4,2,3,5,4,3,3,3,2,,3,4,4,3,4,4,3,3,1,2,3,2,2,2,3,3,3.4,3.5,3.83,2.67,3.17,3.5,3.5,3.0,3.5,2.25,3.34
R2005,Hospitality/Services,Micro: Fewer than 10 employees,Less than 3 years,Fewer than 10,Commercial area,Food or organic waste,No,External waste-management agency,3,4,4,3,3,4,4,3,4,4,3,4,3,3,3,3,2,1,3,3,3,3,2,3,4,3,4,3,4,3,2,2,2,2,1,2,3,2,3,3,4,2,4,4,3,4,4,4,2,2,2,3,2,2,3,3,3,3,2,3,3,3,3.5,3.67,2.5,2.83,3.5,1.83,2.83,3.83,2.17,2.88,2.96
R2006,Information Technology,Small: 10-49 employees,11-20 years,10-49,Commercial area,Paper and cardboard,Yes,Facility management team,4,3,5,3,3,3,5,3,4,3,4,5,4,4,5,5,4,5,4,5,5,5,3,5,4,3,4,3,4,3,4,5,3,4,4,5,4,4,4,5,4,4,5,3,5,5,3,3,5,5,5,5,3,4,4,1,2,1,1,2,2,2,3.5,4.0,4.5,4.5,3.5,4.17,4.17,4.0,4.5,1.88,4.09
R2007,Information Technology,Micro: Fewer than 10 employees,Less than 3 years,Fewer than 10,Urban area,Paper and cardboard,Under development,External waste-management agency,2,2,3,4,3,1,4,3,3,4,3,2,4,5,5,4,4,5,3,3,4,4,4,3,5,3,4,3,4,4,5,4,3,5,3,4,3,4,3,5,4,3,3,3,4,2,3,2,3,3,4,3,3,3,2,3,4,4,2,3,2,,2.5,3.17,4.5,3.5,3.83,4.0,3.67,2.83,3.17,2.86,3.46
R2008,Healthcare,Micro: Fewer than 10 employees,Less than 3 years,Fewer than 10,Commercial area,Mixed municipal waste,Not sure,External waste-management agency,2,2,4,3,4,3,4,3,3,3,3,2,5,3,3,3,3,4,3,2,3,2,3,2,4,2,1,3,2,3,5,4,5,5,4,4,4,5,4,4,4,4,2,2,3,3,3,2,3,3,2,3,2,4,3,5,4,2,3,3,3,3,3.0,3.0,3.5,2.5,2.5,4.5,4.17,2.5,2.83,3.25,3.17
R2009,Information Technology,Large: 250 employees or more,11-20 years,250 or more,Industrial area,Mixed municipal waste,Under development,Environmental or sustainability department,4,5,4,5,5,4,5,4,5,5,4,4,5,4,4,4,4,4,4,4,4,5,4,4,4,3,4,4,4,3,3,5,4,3,5,4,3,4,4,5,4,4,5,4,3,3,4,4,3,4,4,5,4,4,2,1,2,2,2,2,2,1,4.5,4.5,4.17,4.17,3.67,4.0,4.0,3.83,4.0,1.75,4.09
R2010,Manufacturing,Large: 250 employees or more,6-10 years,250 or more,Commercial area,Mixed municipal waste,No,Facility management team,4,4,5,4,2,4,2,2,3,2,2,3,3,4,4,4,4,4,4,4,4,5,4,3,5,3,5,5,5,3,4,5,5,4,5,4,3,3,3,4,4,5,3,3,4,4,5,4,3,3,3,2,2,3,3,3,3,2,2,2,3,3,3.83,2.33,3.83,4.0,4.33,4.5,3.67,3.83,2.67,2.62,3.67
R2011,Information Technology,Small: 10-49 employees,Less than 3 years,10-49,Urban area,Paper and cardboard,No,External waste-management agency,3,2,3,2,2,2,4,3,3,3,4,3,3,2,2,2,3,3,2,3,2,3,4,2,3,3,3,3,2,3,3,2,3,3,3,3,2,1,3,2,3,2,3,2,2,4,3,3,2,2,3,1,2,2,2,4,4,3,3,3,4,3,2.33,3.33,2.5,2.67,2.83,2.83,2.17,2.83,2.0,3.25,2.61
R2012,Healthcare,Medium: 50-249 employees,11-20 years,100-249,Semi-urban area,Mixed municipal waste,Yes,Facility management team,3,4,4,5,3,5,3,4,4,3,3,3,5,4,3,4,5,3,3,3,3,3,4,3,4,5,5,5,5,5,4,4,3,4,4,3,5,5,3,5,4,4,4,3,3,5,5,5,3,4,4,5,4,4,4,3,3,1,2,4,2,2,4.0,3.33,4.0,3.17,4.83,3.67,4.33,4.17,4.0,2.62,3.94
R2013,Manufacturing,Small: 10-49 employees,11-20 years,10-49,Industrial area,Plastic waste,Not sure,External waste-management agency,3,3,4,4,3,3,3,3,4,4,3,3,3,4,4,4,4,3,5,5,5,5,4,5,4,,5,4,3,4,3,3,,3,3,4,4,4,3,5,4,5,3,2,3,3,2,2,2,3,4,4,5,4,4,3,3,4,4,4,3,4,3.33,3.33,3.67,4.83,4.0,3.2,4.17,2.5,3.67,3.62,3.63
R2014,Manufacturing,Medium: 50-249 employees,Less than 3 years,50-99,Semi-urban area,Paper and cardboard,No,External waste-management agency,4,3,3,2,4,4,3,4,3,4,3,3,3,4,3,3,4,3,5,5,4,3,5,5,3,4,3,4,5,4,3,3,3,4,4,4,5,4,2,3,4,4,5,3,4,4,3,4,4,3,4,3,3,3,5,3,5,4,4,3,5,3,3.33,3.33,3.33,4.5,3.83,3.5,3.67,3.83,3.33,4.0,3.63
R2015,Manufacturing,Medium: 50-249 employees,6-10 years,100-249,Industrial area,Paper and cardboard,Yes,Operations department,4,4,4,4,4,5,3,4,4,3,4,5,4,5,5,4,4,3,4,3,4,3,3,3,4,4,4,4,5,4,4,3,3,4,4,3,4,4,5,4,3,3,3,2,3,3,3,3,3,4,,3,4,4,2,2,3,3,1,2,1,2,4.17,3.83,4.17,3.33,4.17,3.5,3.83,2.83,3.6,2.0,3.71
R2016,Retail,Small: 10-49 employees,3-5 years,10-49,Commercial area,Paper and cardboard,Yes,Facility management team,2,3,3,3,3,2,3,3,4,3,4,,2,3,3,4,4,4,3,4,3,5,3,5,3,5,4,4,4,2,3,5,3,3,4,4,5,5,5,3,4,3,4,3,4,4,2,4,4,4,4,4,4,3,3,1,4,2,2,3,1,3,2.67,3.4,3.33,3.83,3.67,3.67,4.17,3.5,3.83,2.38,3.56
R2017,Manufacturing,Medium: 50-249 employees,6-10 years,10-49,Semi-urban area,Plastic waste,Not sure,Operations department,2,3,2,1,2,2,5,2,4,3,4,4,3,3,4,4,5,5,3,4,3,3,3,3,3,3,4,3,4,3,4,2,3,3,5,4,3,3,4,2,4,5,2,4,3,3,2,3,3,3,4,2,2,3,4,3,3,4,3,3,3,4,2.0,3.67,4.0,3.17,3.33,3.5,3.5,2.83,2.83,3.38,3.2
R2018,Manufacturing,Small: 10-49 employees,3-5 years,10-49,Industrial area,Mixed municipal waste,Not sure,External waste-management agency,4,4,4,2,4,3,3,2,3,4,3,4,4,3,3,3,4,3,3,3,4,2,3,1,4,4,4,4,4,4,5,4,4,3,3,3,2,3,2,2,3,2,3,3,3,3,2,3,3,3,3,4,3,3,3,3,4,2,3,4,3,4,3.5,3.17,3.33,2.67,4.0,3.67,2.33,2.83,3.17,3.25,3.19
R2019,Manufacturing,Medium: 50-249 employees,11-20 years,50-99,Industrial area,Plastic waste,Not sure,Operations department,4,4,3,3,2,3,4,4,4,4,4,3,3,4,4,3,4,4,4,4,2,3,3,3,4,5,4,4,3,4,4,5,4,3,3,5,4,4,2,3,3,3,4,4,4,3,3,4,4,3,4,3,4,4,3,3,3,4,3,2,3,1,3.17,3.83,3.67,3.17,4.0,4.0,3.17,3.67,3.67,2.75,3.59
R2020,Healthcare,Large: 250 employees or more,6-10 years,250 or more,Urban area,Mixed municipal waste,Yes,Facility management team,4,3,4,2,3,2,2,2,2,3,4,2,3,3,3,3,3,3,4,3,3,5,4,5,3,3,4,3,2,3,3,3,2,3,3,3,4,3,4,4,3,4,4,4,4,4,4,3,4,4,4,3,4,4,2,1,2,4,2,2,2,2,3.0,2.5,3.0,4.0,3.0,2.83,3.67,3.83,3.83,2.12,3.3
R2021,Manufacturing,Small: 10-49 employees,Less than 3 years,10-49,Semi-urban area,Food or organic waste,Under development,Facility management team,4,3,3,2,3,4,3,3,4,4,4,4,5,4,4,3,3,3,2,2,3,4,4,3,3,4,4,3,4,4,4,1,3,4,3,2,4,3,4,4,4,4,4,4,5,3,5,5,5,4,4,4,4,3,3,3,3,4,3,2,3,2,3.17,3.67,3.67,3.0,3.67,2.83,3.83,4.33,4.0,2.88,3.57
R2022,Manufacturing,Medium: 50-249 employees,6-10 years,100-249,Semi-urban area,Plastic waste,Not sure,Operations department,3,3,3,3,,5,4,3,3,2,4,4,2,3,3,3,4,3,4,3,5,4,3,3,4,3,4,3,5,5,3,5,3,4,4,3,4,3,2,3,4,4,2,2,3,2,3,3,2,3,3,2,3,2,2,3,3,3,3,4,4,3,3.4,3.33,3.0,3.67,4.0,3.67,3.33,2.5,2.5,3.12,3.27
R2023,Retail,Medium: 50-249 employees,3-5 years,100-249,Semi-urban area,Paper and cardboard,Yes,Operations department,3,4,3,3,4,3,,3,3,3,2,3,5,5,4,3,4,4,3,2,2,3,3,3,4,5,4,3,5,3,3,4,3,2,3,4,,4,3,3,3,3,5,4,4,5,4,5,3,3,2,4,4,3,3,4,3,4,3,3,2,4,3.33,2.8,4.17,2.67,4.0,3.17,3.2,4.5,3.17,3.25,3.45
R2024,Retail,Micro: Fewer than 10 employees,6-10 years,Fewer than 10,Semi-urban area,Plastic waste,Not sure,External waste-management agency,3,4,4,3,3,4,3,3,3,3,4,2,4,4,4,4,5,4,2,2,2,3,1,3,4,4,,4,4,4,3,2,3,3,3,3,2,4,3,4,4,3,4,4,4,3,3,4,4,3,4,3,3,3,3,4,5,4,3,3,4,3,3.5,3.0,4.17,2.17,4.0,2.83,3.33,3.67,3.33,3.62,3.33
R2025,Manufacturing,Micro: Fewer than 10 employees,Less than 3 years,Fewer than 10,Industrial area,Mixed municipal waste,No,External waste-management agency,4,3,4,4,3,4,3,3,3,5,2,2,3,2,1,1,2,3,3,5,3,4,3,2,3,2,2,4,2,3,3,3,1,2,2,2,2,3,3,4,3,2,3,4,4,4,4,3,3,2,2,4,4,3,4,5,4,2,4,4,4,5,3.67,3.0,2.0,3.33,2.67,2.17,2.83,3.67,3.0,4.0,2.93
R2026,Hospitality/Services,Micro: Fewer than 10 employees,Less than 3 years,Fewer than 10,Commercial area,Plastic waste,Not sure,External waste-management agency,2,3,2,3,3,2,4,3,3,3,3,3,4,3,2,3,4,3,3,3,3,3,4,3,3,4,3,3,2,3,4,4,3,2,4,3,3,3,2,3,2,3,3,2,3,3,3,3,4,3,4,3,2,3,5,3,3,3,3,3,4,4,2.5,3.17,3.17,3.17,3.0,3.33,2.67,2.83,3.17,3.5,3.0
R2027,Retail,Small: 10-49 employees,11-20 years,10-49,Commercial area,Plastic waste,Yes,External waste-management agency,3,3,3,4,3,4,3,3,3,3,3,4,5,5,5,4,4,5,3,3,5,3,5,4,2,4,3,3,4,5,3,3,5,4,4,3,4,5,3,5,5,5,3,4,3,4,4,3,4,5,5,5,4,4,3,3,3,4,2,3,3,3,3.33,3.17,4.67,3.83,3.5,3.67,4.5,3.5,4.5,3.0,3.85
R2028,Manufacturing,Micro: Fewer than 10 employees,Less than 3 years,Fewer than 10,Commercial area,Paper and cardboard,No,External waste-management agency,3,2,2,2,1,4,5,5,5,5,5,4,2,2,2,1,2,3,3,3,2,2,4,3,2,2,2,1,,2,3,2,1,3,2,2,3,2,3,2,2,2,1,4,3,3,1,2,2,2,1,2,1,2,4,2,3,2,2,2,2,2,2.33,4.83,2.0,2.83,1.8,2.17,2.33,2.33,1.67,2.38,2.48
R2029,Healthcare,Medium: 50-249 employees,11-20 years,50-99,Urban area,Mixed municipal waste,Under development,Facility management team,4,3,4,3,3,3,4,4,4,4,5,4,3,4,2,3,3,2,4,3,3,3,3,4,3,3,2,3,3,4,4,3,4,4,5,3,4,4,4,3,3,5,4,5,4,4,4,3,3,3,4,4,5,3,4,2,3,2,3,3,3,2,3.33,4.17,2.83,3.33,3.0,3.83,3.83,4.0,3.67,2.75,3.55
R2030,Information Technology,Large: 250 employees or more,Less than 3 years,100-249,Urban area,Paper and cardboard,No,Operations department,1,2,2,2,2,4,3,4,4,4,3,4,2,3,4,3,3,2,4,4,3,4,3,4,5,3,4,4,4,4,1,3,2,3,4,4,5,3,3,3,3,5,4,3,3,4,4,3,2,2,4,2,4,2,3,3,4,3,3,3,3,4,2.17,3.67,2.83,3.67,4.0,2.83,3.67,3.5,2.67,3.25,3.22
R2031,Retail,Large: 250 employees or more,6-10 years,250 or more,Urban area,Food or organic waste,Yes,Environmental or sustainability department,5,5,5,5,5,4,4,4,3,4,4,5,4,4,4,3,4,3,4,5,4,4,3,4,5,4,3,4,4,4,5,5,4,5,4,4,4,4,4,3,4,3,4,4,3,4,4,4,3,5,3,4,3,4,3,4,4,4,3,4,,2,4.83,4.0,3.67,4.0,4.0,4.5,3.67,3.83,3.67,3.43,4.02
R2032,Manufacturing,Small: 10-49 employees,3-5 years,10-49,Urban area,Plastic waste,Not sure,External waste-management agency,3,2,4,3,4,3,2,2,3,2,3,2,5,3,4,3,4,5,3,4,4,4,4,3,4,5,4,5,5,4,4,4,2,3,3,4,3,4,3,4,4,3,4,4,3,4,4,4,,4,4,3,,4,3,2,4,4,2,2,3,2,3.17,2.33,4.0,3.67,4.5,3.33,3.5,3.83,3.75,2.75,3.56
R2033,Healthcare,Micro: Fewer than 10 employees,11-20 years,Fewer than 10,Urban area,Mixed municipal waste,No,Operations department,3,3,4,3,5,3,4,5,4,5,4,4,4,3,5,4,4,4,2,2,4,3,4,4,3,4,3,4,2,2,5,4,5,4,5,2,4,4,2,5,4,3,3,4,4,4,4,3,3,4,3,4,3,4,3,2,2,2,3,2,3,3,3.5,4.33,4.0,3.17,3.0,4.17,3.67,3.67,3.5,2.5,3.67
R2034,Retail,Small: 10-49 employees,Less than 3 years,10-49,Commercial area,Paper and cardboard,Not sure,External waste-management agency,3,2,2,2,3,3,3,2,3,,2,4,4,3,3,4,4,4,4,3,4,4,4,,2,3,4,3,3,2,4,3,4,3,3,3,3,2,3,2,3,4,3,4,3,2,2,3,4,3,3,5,4,4,3,3,4,3,4,3,4,4,2.5,2.8,3.67,3.8,2.83,3.33,2.83,2.83,3.83,3.5,3.16
R2035,Retail,Medium: 50-249 employees,6-10 years,100-249,Urban area,Mixed municipal waste,Under development,Operations department,3,3,3,3,3,3,3,3,3,3,3,3,3,3,3,3,3,3,3,3,3,3,3,3,3,3,3,3,3,3,3,3,3,3,3,3,3,3,3,3,3,3,3,3,3,3,3,3,3,3,3,3,3,3,3,3,3,3,3,3,3,3,3.0,3.0,3.0,3.0,3.0,3.0,3.0,3.0,3.0,3.0,3.0
R2036,Hospitality/Services,Medium: 50-249 employees,11-20 years,50-99,Commercial area,Food or organic waste,Under development,Operations department,4,3,4,5,3,4,3,3,4,4,4,3,4,3,3,3,2,3,3,5,4,3,3,3,3,4,2,3,3,3,5,4,5,5,5,5,5,3,5,4,5,5,4,4,3,3,4,4,5,5,5,3,4,5,3,5,4,3,3,4,5,2,3.83,3.5,3.0,3.5,3.0,4.83,4.5,3.67,4.5,3.62,3.81
R2037,Hospitality/Services,Large: 250 employees or more,Less than 3 years,100-249,Semi-urban area,Food or organic waste,Not sure,Environmental or sustainability department,4,3,4,3,4,3,3,3,3,2,,3,2,3,3,3,3,3,2,3,3,3,3,3,3,2,2,4,4,4,4,4,2,3,4,4,3,3,4,4,3,4,4,3,4,4,3,4,3,3,3,2,3,3,2,2,3,3,2,2,2,2,3.5,2.8,2.83,2.83,3.17,3.5,3.5,3.67,2.83,2.25,3.18
R2038,Healthcare,Large: 250 employees or more,6-10 years,250 or more,Urban area,Mixed municipal waste,Yes,Environmental or sustainability department,4,3,2,3,3,4,5,5,5,4,5,4,5,4,5,4,4,4,4,3,3,3,3,3,3,4,4,3,2,3,3,3,5,4,4,2,2,3,3,3,1,2,2,3,3,3,3,4,5,4,4,4,3,4,4,3,4,4,3,2,4,3,3.17,4.67,4.33,3.17,3.17,3.5,2.33,3.0,4.0,3.38,3.48
R2039,Manufacturing,Medium: 50-249 employees,3-5 years,100-249,Industrial area,Paper and cardboard,Not sure,Operations department,3,2,3,2,3,3,3,3,3,2,3,2,3,3,3,3,3,3,3,4,2,2,3,3,4,4,3,4,3,3,3,4,4,4,3,5,2,3,2,3,2,2,3,3,5,4,,3,3,4,4,4,3,4,3,3,3,3,3,3,2,3,2.67,2.67,3.0,2.83,3.5,3.83,2.33,3.6,3.67,2.88,3.12
R2040,Healthcare,Small: 10-49 employees,Less than 3 years,10-49,Urban area,Mixed municipal waste,Under development,Operations department,3,3,4,3,4,4,4,3,2,3,2,3,,3,3,3,3,4,2,3,3,4,4,3,3,3,2,3,3,3,4,3,3,4,4,3,2,2,2,2,4,2,4,4,4,4,4,4,3,4,3,4,4,2,2,3,3,1,4,2,3,3,3.5,2.83,3.2,3.17,2.83,3.5,2.33,4.0,3.33,2.62,3.19
R2041,Hospitality/Services,Medium: 50-249 employees,6-10 years,100-249,Semi-urban area,Paper and cardboard,Yes,Operations department,3,4,5,4,3,3,4,5,4,3,5,4,5,4,4,4,3,3,3,3,3,3,5,4,5,4,4,4,5,4,4,4,4,4,4,4,3,3,2,3,4,4,4,4,4,5,4,4,4,3,5,4,3,4,2,2,3,2,3,3,2,2,3.67,4.17,3.83,3.5,4.33,4.0,3.17,4.17,3.83,2.38,3.85
R2042,Hospitality/Services,Medium: 50-249 employees,11-20 years,100-249,Semi-urban area,Plastic waste,Yes,Operations department,3,3,3,4,3,3,3,2,2,4,3,3,4,3,4,3,4,3,3,2,3,3,3,3,3,3,3,4,4,5,4,4,3,2,3,2,3,3,3,3,4,3,3,3,3,4,3,3,4,4,5,4,2,,4,3,3,3,2,3,2,3,3.17,2.83,3.5,2.83,3.67,3.0,3.17,3.17,3.8,2.88,3.24
R2043,Manufacturing,Medium: 50-249 employees,11-20 years,50-99,Industrial area,Plastic waste,Yes,Environmental or sustainability department,4,5,5,4,4,4,4,5,,5,5,4,5,5,5,5,5,4,3,4,3,4,4,4,5,4,5,5,4,5,4,4,4,5,5,5,4,4,4,3,4,4,5,5,4,5,4,4,3,2,4,4,4,4,3,3,2,3,3,2,3,3,4.33,4.6,4.83,3.67,4.67,4.5,3.83,4.5,3.5,2.75,4.27
R2044,Manufacturing,Medium: 50-249 employees,3-5 years,100-249,Industrial area,Plastic waste,Not sure,Facility management team,4,4,4,4,4,3,4,3,4,4,3,,5,4,4,5,5,5,2,3,2,2,2,3,3,2,3,2,3,3,3,3,2,4,3,3,4,3,3,3,3,4,3,3,4,3,4,4,4,3,4,3,3,3,3,2,3,2,1,1,1,1,3.83,3.6,4.67,2.33,2.67,3.0,3.33,3.5,3.33,1.75,3.36
R2045,Manufacturing,Small: 10-49 employees,Less than 3 years,10-49,Industrial area,Food or organic waste,No,External waste-management agency,3,3,3,2,3,2,2,2,3,3,2,3,4,4,3,4,3,2,2,4,3,4,3,3,3,3,2,3,3,2,2,3,3,3,2,2,2,4,4,3,4,2,3,1,3,3,3,2,3,2,2,5,5,3,4,5,5,3,4,,5,5,2.67,2.5,3.33,3.17,2.67,2.5,3.17,2.5,3.33,4.43,2.87
R2046,Information Technology,Micro: Fewer than 10 employees,3-5 years,Fewer than 10,Urban area,Mixed municipal waste,No,External waste-management agency,2,3,3,2,3,3,3,3,4,4,3,4,4,4,3,4,4,2,2,3,2,3,2,2,3,4,4,3,4,4,3,3,3,,3,2,2,1,4,2,3,3,4,4,4,4,3,4,2,3,3,4,4,3,3,3,3,4,3,3,4,3,2.67,3.5,3.5,2.33,3.67,2.8,2.5,3.83,3.17,3.25,3.11
R2047,Retail,Large: 250 employees or more,11-20 years,250 or more,Urban area,Mixed municipal waste,Under development,Facility management team,2,2,2,3,3,3,4,5,4,3,4,4,2,5,4,2,3,4,3,4,4,4,4,4,,2,2,3,3,4,4,3,4,3,2,4,3,3,4,3,3,5,5,,4,4,3,3,4,4,3,4,4,5,2,2,2,1,2,1,2,3,2.5,4.0,3.33,3.83,2.8,3.33,3.5,3.8,4.0,1.88,3.45
R2048,Retail,Medium: 50-249 employees,3-5 years,100-249,Commercial area,Plastic waste,Yes,Operations department,5,4,3,3,4,3,2,3,3,3,2,3,4,3,4,4,4,3,3,4,3,4,4,4,4,3,3,4,4,3,3,4,4,3,2,2,4,2,3,3,4,4,4,5,3,4,4,5,5,4,5,3,3,5,3,2,4,3,2,3,2,3,3.67,2.67,3.67,3.67,3.5,3.0,3.33,4.17,4.17,2.75,3.54
R2049,Retail,Micro: Fewer than 10 employees,11-20 years,10-49,Semi-urban area,Mixed municipal waste,Not sure,Environmental or sustainability department,2,3,3,3,2,4,4,3,4,3,3,3,3,2,3,3,3,1,4,4,4,3,4,3,3,3,3,2,2,4,4,4,4,4,4,5,3,2,4,3,3,2,4,5,4,3,,4,4,3,5,2,3,3,3,4,2,3,3,3,3,3,2.83,3.33,2.5,3.67,2.83,4.17,2.83,4.0,3.33,3.0,3.28
R2050,Manufacturing,Small: 10-49 employees,6-10 years,10-49,Industrial area,Plastic waste,Not sure,Operations department,4,4,3,4,3,3,2,3,3,2,4,3,3,2,2,2,3,3,4,2,2,4,3,4,3,2,3,4,3,2,4,2,2,2,3,3,3,4,5,4,3,4,3,2,5,4,2,3,4,3,3,3,2,3,3,4,2,3,2,4,4,4,3.5,2.83,2.5,3.17,2.83,2.67,3.83,3.17,3.0,3.25,3.06
R2051,Information Technology,Large: 250 employees or more,11-20 years,250 or more,Urban area,Mixed municipal waste,Under development,Facility management team,4,4,4,3,2,3,3,3,3,3,3,5,3,3,3,3,3,3,5,4,5,3,3,4,4,3,3,4,4,4,3,4,3,3,4,5,5,5,3,4,4,5,4,4,4,4,5,5,3,4,3,4,4,4,3,2,4,4,4,2,2,2,3.33,3.33,3.0,4.0,3.67,3.67,4.33,4.33,3.67,2.88,3.7
R2052,Retail,Medium: 50-249 employees,Less than 3 years,50-99,Semi-urban area,Plastic waste,No,External waste-management agency,3,3,4,4,4,3,3,3,3,4,2,4,4,4,3,4,4,5,3,3,2,3,2,4,3,4,2,3,4,3,3,3,4,3,3,4,2,2,2,2,2,1,3,3,3,3,3,3,3,2,2,2,2,2,2,4,4,3,4,4,4,3,3.5,3.17,4.0,2.83,3.17,3.33,1.83,3.0,2.17,3.5,3.0
R2053,Manufacturing,Medium: 50-249 employees,3-5 years,50-99,Industrial area,Mixed municipal waste,Under development,Facility management team,4,5,5,4,4,4,5,5,4,3,4,4,3,3,4,4,4,3,4,4,4,3,4,3,3,4,3,2,2,4,4,4,3,5,4,4,5,5,5,4,4,5,5,3,4,4,4,4,5,5,3,3,5,5,2,2,2,4,2,2,2,2,4.33,4.17,3.5,3.67,3.0,4.0,4.67,4.0,4.33,2.25,3.96
R2054,Information Technology,Large: 250 employees or more,11-20 years,250 or more,Commercial area,Mixed municipal waste,Yes,Environmental or sustainability department,3,4,4,4,3,4,5,5,5,4,5,5,5,5,5,5,5,4,4,4,4,3,4,5,5,4,4,4,4,3,5,5,3,3,4,4,5,5,4,4,5,5,4,4,4,4,5,5,5,4,5,5,5,5,2,2,2,2,3,2,3,4,3.67,4.83,4.83,4.0,4.0,4.0,4.67,4.33,4.83,2.5,4.35
R2055,Healthcare,Medium: 50-249 employees,6-10 years,100-249,Urban area,Food or organic waste,Under development,Operations department,4,3,3,3,3,4,4,3,3,3,4,3,4,4,5,,5,3,3,2,4,4,4,4,2,4,3,4,3,4,3,2,2,4,3,4,3,3,4,4,3,3,3,3,3,3,2,3,4,3,4,4,4,3,4,3,4,2,3,3,2,3,3.33,3.33,4.2,3.5,3.33,3.0,3.33,2.83,3.67,3.0,3.39
R2056,Information Technology,Micro: Fewer than 10 employees,Less than 3 years,Fewer than 10,Industrial area,Mixed municipal waste,Under development,External waste-management agency,3,4,5,5,5,3,4,3,3,2,3,3,4,4,5,4,4,5,3,3,1,3,3,2,4,5,4,4,4,2,4,5,5,4,4,5,3,4,4,4,4,3,4,4,4,5,3,5,3,2,3,3,3,3,2,2,2,2,3,3,2,2,4.17,3.0,4.33,2.5,3.83,4.5,3.67,4.17,2.83,2.25,3.67
R2057,Information Technology,Micro: Fewer than 10 employees,6-10 years,Fewer than 10,Urban area,Food or organic waste,No,Operations department,4,3,3,3,5,4,3,4,3,4,2,3,3,3,3,3,3,2,2,4,3,4,3,2,4,2,3,3,1,2,2,4,3,3,5,4,2,4,3,4,4,4,4,3,3,2,4,4,4,3,2,3,2,4,5,2,4,4,4,2,2,3,3.67,3.17,2.83,3.0,2.5,3.5,3.5,3.33,3.0,3.25,3.17
R2058,Manufacturing,Small: 10-49 employees,3-5 years,10-49,Industrial area,Mixed municipal waste,Not sure,External waste-management agency,3,4,3,2,2,4,1,3,2,3,2,3,2,2,2,1,2,2,3,2,3,2,3,2,4,4,3,4,4,3,3,2,,2,3,2,2,3,2,1,2,2,2,2,4,2,4,2,3,3,3,3,3,4,3,3,3,4,3,4,4,3,3.0,2.33,1.83,2.5,3.67,2.4,2.0,2.67,3.17,3.38,2.62
R2059,Manufacturing,Medium: 50-249 employees,6-10 years,50-99,Commercial area,Plastic waste,Under development,Facility management team,4,5,3,3,3,3,4,2,3,4,4,3,5,4,4,4,5,4,3,4,3,2,2,3,3,2,4,3,4,4,2,1,3,3,3,3,3,3,3,3,3,3,5,3,4,4,5,3,3,3,3,2,1,5,4,2,3,3,3,3,2,3,3.5,3.33,4.33,2.83,3.33,2.5,3.0,4.0,2.83,2.88,3.29
R2060,Manufacturing,Small: 10-49 employees,Less than 3 years,10-49,Industrial area,Paper and cardboard,Under development,Facility management team,4,3,3,4,4,3,3,4,2,3,2,2,3,3,2,2,3,4,3,4,3,3,3,3,2,2,3,2,3,4,4,3,3,4,3,3,2,3,4,3,3,3,2,3,3,3,3,3,2,3,1,3,2,3,2,2,3,3,4,4,2,4,3.5,2.67,2.83,3.17,2.67,3.33,3.0,2.83,2.33,3.0,2.93
R2061,Information Technology,Medium: 50-249 employees,Less than 3 years,100-249,Urban area,Paper and cardboard,No,Operations department,4,3,3,1,3,2,3,3,3,2,3,3,4,3,2,4,3,2,3,3,3,2,2,3,3,3,3,2,3,2,4,3,3,2,2,3,2,2,3,3,4,3,3,4,2,3,3,3,3,3,2,3,4,2,4,3,3,1,4,3,3,3,2.67,2.83,3.0,2.67,2.67,2.83,2.83,3.0,2.83,3.0,2.81
R2062,Hospitality/Services,Large: 250 employees or more,11-20 years,100-249,Urban area,Food or organic waste,Yes,Environmental or sustainability department,4,4,5,5,5,5,4,5,4,3,4,2,5,4,5,4,5,5,4,5,4,4,3,4,4,4,4,4,5,5,4,3,2,4,3,5,4,4,4,3,4,4,5,5,5,5,5,5,3,4,3,5,4,3,2,1,1,3,1,2,3,2,4.67,3.67,4.67,4.0,4.33,3.5,3.83,5.0,3.67,1.88,4.15
R2063,Retail,Large: 250 employees or more,6-10 years,250 or more,Urban area,Paper and cardboard,Under development,Environmental or sustainability department,3,3,3,3,3,3,3,3,3,3,3,3,3,3,3,3,3,3,3,3,3,3,3,3,3,3,3,3,3,3,3,3,3,3,3,3,3,3,3,3,3,3,3,3,3,3,3,3,3,3,3,3,3,3,3,3,3,3,3,3,3,3,3.0,3.0,3.0,3.0,3.0,3.0,3.0,3.0,3.0,3.0,3.0
R2064,Information Technology,Small: 10-49 employees,6-10 years,10-49,Commercial area,Mixed municipal waste,Not sure,Operations department,3,4,3,3,4,4,4,4,5,5,4,4,4,3,4,3,2,2,3,4,3,5,2,4,2,3,4,3,3,4,4,4,4,2,3,3,2,3,3,1,2,2,5,4,5,4,4,4,4,3,4,4,4,4,3,1,3,2,2,2,2,3,3.5,4.33,3.0,3.5,3.17,3.33,2.17,4.33,3.83,2.25,3.46
R2065,Information Technology,Large: 250 employees or more,6-10 years,250 or more,Urban area,Paper and cardboard,Not sure,External waste-management agency,3,5,,3,3,3,3,3,3,2,3,2,4,4,5,4,4,4,2,4,3,4,3,2,4,2,3,4,4,4,4,4,3,5,4,,4,4,4,3,5,4,3,2,3,3,3,2,2,3,4,3,3,2,3,2,3,2,3,3,3,3,3.4,2.67,4.17,3.0,3.5,4.0,4.0,2.67,2.83,2.75,3.36
R2066,Hospitality/Services,Medium: 50-249 employees,11-20 years,50-99,Semi-urban area,Food or organic waste,Not sure,Operations department,4,4,4,4,4,4,4,4,4,4,4,4,4,4,4,4,4,4,4,4,4,4,4,4,4,4,4,4,4,4,4,4,4,4,4,4,4,4,4,4,4,4,4,4,4,4,4,4,4,4,4,4,4,4,4,4,4,4,4,4,4,4,4.0,4.0,4.0,4.0,4.0,4.0,4.0,4.0,4.0,4.0,4.0
R2067,Retail,Medium: 50-249 employees,3-5 years,100-249,Commercial area,Plastic waste,Not sure,Environmental or sustainability department,4,5,3,3,3,4,3,4,4,4,4,5,4,4,5,5,5,5,4,5,4,4,4,4,3,3,4,3,4,4,3,4,4,4,4,3,5,4,3,4,4,5,2,4,2,3,2,3,4,4,5,4,4,4,3,4,3,1,3,3,4,3,3.67,4.0,4.67,4.17,3.5,3.67,4.17,2.67,4.17,3.0,3.85
R2068,Manufacturing,Small: 10-49 employees,6-10 years,10-49,Urban area,Paper and cardboard,Not sure,External waste-management agency,4,3,3,1,4,2,,3,4,4,4,4,4,4,3,5,3,5,3,3,3,3,3,3,3,4,3,2,2,2,2,3,2,2,3,3,3,3,4,4,3,4,3,3,3,4,4,4,3,4,3,3,3,4,4,3,3,3,5,3,3,4,2.83,3.8,4.0,3.0,2.67,2.5,3.5,3.5,3.33,3.5,3.24
R2069,Information Technology,Medium: 50-249 employees,6-10 years,50-99,Commercial area,Paper and cardboard,Under development,Operations department,4,3,,4,3,4,4,4,3,5,4,5,3,3,4,4,3,4,4,4,4,4,4,4,3,4,4,4,3,4,4,5,3,4,4,5,3,2,3,3,2,2,5,4,4,5,3,4,5,4,4,3,3,5,4,3,2,4,4,3,4,5,3.6,4.17,3.5,4.0,3.67,4.17,2.5,4.17,4.0,3.62,3.75
R2070,Information Technology,Micro: Fewer than 10 employees,3-5 years,Fewer than 10,Urban area,Mixed municipal waste,Not sure,Operations department,4,4,4,4,4,4,4,4,4,4,4,4,4,4,4,4,4,4,4,4,4,4,4,4,4,4,4,4,4,4,4,4,4,4,4,4,4,4,4,4,4,4,4,4,4,4,4,4,4,4,4,4,4,4,4,4,4,4,4,4,4,4,4.0,4.0,4.0,4.0,4.0,4.0,4.0,4.0,4.0,4.0,4.0
R2071,Information Technology,Medium: 50-249 employees,6-10 years,100-249,Urban area,Paper and cardboard,Not sure,Operations department,3,2,3,2,2,2,4,4,4,4,3,5,3,3,3,3,3,4,4,5,4,2,4,3,2,3,2,4,3,3,4,4,4,2,3,3,3,2,3,3,2,2,3,3,4,3,2,3,4,4,3,4,4,4,3,3,4,2,2,4,4,3,2.33,4.0,3.17,3.67,2.83,3.33,2.5,3.0,3.83,3.12,3.18
R2072,Information Technology,Micro: Fewer than 10 employees,3-5 years,Fewer than 10,Urban area,Paper and cardboard,Not sure,External waste-management agency,2,3,3,4,4,4,4,3,3,5,4,3,4,3,3,3,4,3,3,3,3,5,3,3,2,2,3,2,1,1,2,3,3,2,4,3,1,3,3,3,1,2,3,4,4,4,4,3,2,2,3,1,2,2,5,4,3,3,3,5,4,3,3.33,3.67,3.33,3.33,1.83,2.83,2.17,3.67,2.0,3.75,2.91
R2073,Retail,Micro: Fewer than 10 employees,3-5 years,Fewer than 10,Industrial area,Plastic waste,No,External waste-management agency,3,2,4,3,4,3,1,2,2,2,2,2,3,3,4,3,5,4,3,3,3,4,3,3,3,3,2,2,2,2,1,3,3,4,3,3,4,2,3,4,2,3,2,3,2,2,1,3,2,2,2,2,2,3,4,5,5,4,5,5,5,5,3.17,1.83,3.67,3.17,2.33,2.83,3.0,2.17,2.17,4.75,2.7
R2074,Healthcare,Small: 10-49 employees,6-10 years,10-49,Urban area,Food or organic waste,Not sure,External waste-management agency,2,3,4,2,2,4,4,3,5,3,3,4,3,4,4,5,3,3,4,3,4,4,4,3,4,3,3,3,3,3,3,3,2,4,4,3,3,4,4,3,3,3,4,3,5,3,4,3,4,4,5,3,4,4,3,3,3,3,3,3,3,3,2.83,3.67,3.67,3.67,3.17,3.17,3.33,3.67,4.0,3.0,3.46
R2075,Manufacturing,Small: 10-49 employees,6-10 years,10-49,Industrial area,Paper and cardboard,Not sure,External waste-management agency,2,2,3,2,3,2,3,3,3,3,3,3,4,4,3,4,4,4,4,3,5,4,5,5,4,5,5,4,4,3,3,3,3,4,3,3,4,3,3,3,4,3,3,4,3,3,3,4,3,2,4,3,3,3,2,3,3,3,4,2,4,3,2.33,3.0,3.83,4.33,4.17,3.17,3.33,3.33,3.0,3.0,3.39
R2076,Retail,Micro: Fewer than 10 employees,Less than 3 years,Fewer than 10,Commercial area,Mixed municipal waste,No,External waste-management agency,3,4,3,4,3,3,4,3,3,4,2,4,3,4,4,4,5,3,2,3,2,5,4,4,1,2,2,3,3,1,2,3,3,3,3,3,4,5,4,4,4,4,3,3,3,2,3,2,4,4,5,4,4,3,3,4,3,2,4,4,2,2,3.33,3.33,3.83,3.33,2.0,2.83,4.17,2.67,4.0,3.0,3.28
R2077,Manufacturing,Small: 10-49 employees,Less than 3 years,Fewer than 10,Industrial area,Paper and cardboard,Not sure,Operations department,4,5,5,4,4,3,3,3,4,4,3,2,3,3,3,4,3,3,3,3,3,4,2,2,4,3,3,4,3,4,3,3,3,2,4,3,3,4,5,3,4,4,3,4,3,4,3,2,4,4,2,2,3,3,4,3,1,3,5,4,4,2,4.17,3.17,3.17,2.83,3.5,3.0,3.83,3.17,3.0,3.25,3.32
R2078,Manufacturing,Large: 250 employees or more,11-20 years,250 or more,Urban area,Mixed municipal waste,Not sure,Facility management team,4,3,4,3,4,5,2,3,3,3,3,3,2,4,3,3,3,4,3,4,4,3,4,4,2,3,2,2,3,3,4,3,4,3,5,3,3,3,5,3,3,3,2,2,4,3,2,3,4,3,3,4,5,3,4,4,4,4,5,3,4,3,3.83,2.83,3.17,3.67,2.5,3.67,3.33,2.67,3.67,3.88,3.26
R2079,Manufacturing,Small: 10-49 employees,Less than 3 years,10-49,Industrial area,Mixed municipal waste,No,External waste-management agency,2,1,4,2,3,3,3,3,3,3,4,3,4,4,4,3,4,3,2,3,2,2,1,3,2,3,3,3,4,4,3,2,2,3,3,4,2,2,1,1,1,2,2,3,2,2,2,2,4,3,2,4,3,2,5,3,4,4,5,5,5,4,2.5,3.17,3.67,2.17,3.17,2.83,1.5,2.17,3.0,4.38,2.69
R2080,Healthcare,Small: 10-49 employees,3-5 years,10-49,Urban area,Mixed municipal waste,Not sure,External waste-management agency,4,3,3,2,4,5,3,3,3,3,3,3,3,3,2,2,3,3,2,3,1,3,3,3,3,2,4,3,3,3,3,3,4,4,3,5,4,4,3,5,2,4,4,3,3,4,3,2,1,3,2,3,4,2,3,4,3,4,4,5,5,3,3.5,3.0,2.67,2.5,3.0,3.67,3.67,3.17,2.5,3.88,3.08
R2081,Information Technology,Medium: 50-249 employees,11-20 years,100-249,Urban area,Paper and cardboard,Not sure,Operations department,1,3,3,3,3,3,3,3,4,4,3,2,4,3,3,3,4,3,5,3,3,4,3,3,4,4,5,3,5,5,3,3,3,3,3,4,3,4,3,2,2,2,4,4,3,3,3,4,3,2,4,3,4,2,4,3,2,3,3,2,3,3,2.67,3.17,3.33,3.5,4.33,3.17,2.67,3.5,3.0,2.88,3.26
R2082,Retail,Large: 250 employees or more,Less than 3 years,250 or more,Urban area,Plastic waste,Yes,Environmental or sustainability department,3,4,4,4,3,2,3,3,4,3,3,3,3,4,4,3,4,4,3,5,5,4,4,4,3,3,3,3,4,2,3,4,4,3,4,3,3,3,1,3,3,3,4,4,2,3,2,3,4,3,3,4,3,3,2,3,2,3,2,2,2,2,3.33,3.17,3.67,4.17,3.0,3.5,2.67,3.0,3.33,2.25,3.32
R2083,Retail,Medium: 50-249 employees,Less than 3 years,10-49,Semi-urban area,Plastic waste,Not sure,External waste-management agency,3,3,3,2,3,2,4,3,4,2,3,3,2,2,2,2,3,2,3,3,4,4,2,4,5,4,5,4,4,4,2,3,2,2,2,3,3,3,3,3,2,3,2,4,3,2,2,3,3,3,2,3,4,2,1,3,3,4,4,3,3,4,2.67,3.17,2.17,3.33,4.33,2.33,2.83,2.67,2.83,3.12,2.93
R2084,Manufacturing,Small: 10-49 employees,11-20 years,10-49,Industrial area,Paper and cardboard,Not sure,External waste-management agency,4,3,4,3,2,4,2,3,2,2,3,3,4,2,3,3,4,3,3,2,3,2,3,2,3,3,4,3,2,2,2,3,4,2,2,4,3,4,2,3,2,3,3,3,3,3,3,4,4,2,3,3,3,4,3,3,2,3,2,3,3,5,3.33,2.5,3.17,2.5,2.83,2.83,2.83,3.17,3.17,3.0,2.93
R2085,Retail,Medium: 50-249 employees,11-20 years,100-249,Urban area,Mixed municipal waste,Yes,Operations department,4,3,4,5,4,4,2,2,3,2,2,3,3,4,2,4,4,3,3,3,5,4,4,4,4,3,4,4,4,4,4,4,3,3,3,3,4,,4,5,4,5,5,4,5,5,4,5,4,3,3,3,3,4,2,1,2,2,1,3,2,2,4.0,2.33,3.33,3.83,3.83,3.33,4.4,4.67,3.33,1.88,3.67
R2086,Manufacturing,Micro: Fewer than 10 employees,6-10 years,10-49,Semi-urban area,Mixed municipal waste,Under development,Operations department,4,4,4,4,3,5,4,3,3,2,3,4,3,3,3,2,2,4,3,4,3,3,3,3,2,2,2,2,3,4,4,4,3,2,3,3,,4,3,3,3,,3,3,5,3,3,4,3,4,3,3,3,3,3,2,3,4,3,2,3,1,4.0,3.17,2.83,3.17,2.5,3.17,3.25,3.5,3.17,2.62,3.2
R2087,Healthcare,Large: 250 employees or more,3-5 years,100-249,Commercial area,Mixed municipal waste,Not sure,Facility management team,3,2,2,4,4,4,2,4,4,3,3,3,3,2,2,3,3,4,3,2,4,4,3,3,4,4,3,2,4,3,3,3,3,4,3,3,3,3,3,4,3,2,3,2,3,4,3,2,5,4,5,3,4,4,5,4,3,4,3,3,4,3,3.17,3.17,2.83,3.17,3.33,3.17,3.0,2.83,4.17,3.62,3.2
R2088,Hospitality/Services,Large: 250 employees or more,6-10 years,250 or more,Commercial area,Plastic waste,Not sure,Environmental or sustainability department,2,3,2,2,2,3,4,4,4,4,5,5,4,3,3,3,4,3,3,3,3,4,3,2,3,3,3,3,3,3,4,3,3,5,3,3,4,,3,,3,4,4,3,3,2,3,3,3,3,4,4,3,4,4,2,2,4,4,4,3,2,2.33,4.33,3.33,3.0,3.0,3.5,3.5,3.0,3.5,3.12,3.28
R2089,Retail,Small: 10-49 employees,6-10 years,Fewer than 10,Semi-urban area,Paper and cardboard,Not sure,Operations department,2,3,3,4,4,3,3,2,3,3,4,4,3,4,4,5,4,3,3,3,2,4,3,3,2,3,3,3,3,3,4,3,3,4,4,2,4,4,2,3,2,2,4,5,4,3,3,3,4,3,3,3,3,3,1,2,2,2,2,2,2,2,3.17,3.17,3.83,3.0,2.83,3.33,2.83,3.67,3.17,1.88,3.22
R2090,Healthcare,Micro: Fewer than 10 employees,Less than 3 years,Fewer than 10,Urban area,Mixed municipal waste,Under development,Operations department,3,4,2,3,3,4,4,5,4,4,4,2,3,3,4,2,4,3,5,5,4,3,4,4,3,2,4,4,4,4,,3,3,3,3,3,2,4,4,4,5,2,5,3,2,5,4,4,4,3,3,3,4,3,3,2,1,2,2,2,2,2,3.17,3.83,3.17,4.17,3.5,3.0,3.5,3.83,3.33,2.0,3.5
R2091,Information Technology,Medium: 50-249 employees,11-20 years,100-249,Commercial area,Mixed municipal waste,Under development,Facility management team,3,3,5,4,4,4,3,3,3,4,4,4,4,3,2,4,4,4,3,2,1,3,2,2,5,3,5,3,4,4,4,4,4,4,4,4,3,3,4,4,3,4,4,4,3,4,3,4,3,3,4,4,3,2,1,2,3,4,3,3,1,2,3.83,3.5,3.5,2.17,4.0,4.0,3.5,3.67,3.17,2.38,3.48
R2092,Manufacturing,Small: 10-49 employees,11-20 years,10-49,Industrial area,Mixed municipal waste,Under development,Facility management team,3,2,3,3,2,2,3,2,3,3,2,3,4,4,3,4,3,4,3,4,3,2,3,3,4,4,4,3,3,5,2,5,4,3,3,3,3,4,4,4,3,3,4,3,4,3,3,4,4,4,4,3,4,3,3,3,2,2,3,5,2,2,2.5,2.67,3.67,3.0,3.83,3.33,3.5,3.5,3.67,2.75,3.3
R2093,Retail,Small: 10-49 employees,6-10 years,Fewer than 10,Urban area,Food or organic waste,No,External waste-management agency,5,5,5,4,4,5,3,3,3,3,3,3,4,3,4,2,4,3,4,3,4,4,4,4,4,5,3,4,5,4,5,5,4,4,4,5,4,3,4,4,4,3,3,3,4,3,3,4,3,4,3,5,4,4,2,4,3,5,3,4,4,4,4.67,3.0,3.33,3.83,4.17,4.5,3.67,3.33,3.83,3.62,3.81
R2094,Manufacturing,Large: 250 employees or more,3-5 years,100-249,Industrial area,Plastic waste,Yes,Environmental or sustainability department,4,3,3,4,3,3,3,3,3,3,4,3,4,4,4,4,5,5,5,5,5,5,5,5,3,2,3,3,3,3,3,4,2,4,4,2,5,5,5,4,5,5,4,4,5,4,4,4,4,4,5,4,4,4,3,3,3,2,3,3,3,2,3.33,3.17,4.33,5.0,2.83,3.17,4.83,4.17,4.17,2.75,3.89
R2095,Retail,Medium: 50-249 employees,11-20 years,50-99,Urban area,Plastic waste,Not sure,Operations department,5,4,4,5,5,5,2,2,3,3,2,2,4,4,,4,4,4,2,4,3,4,3,2,3,4,2,3,2,2,4,3,3,3,2,3,3,3,3,3,2,4,3,3,4,3,3,3,1,2,2,2,3,3,4,,4,2,,3,2,2,4.67,2.33,4.0,3.0,2.67,3.0,3.0,3.17,2.17,2.83,3.11
R2096,Information Technology,Medium: 50-249 employees,11-20 years,50-99,Semi-urban area,Mixed municipal waste,Yes,Facility management team,5,3,5,4,3,4,4,2,3,2,2,2,4,4,4,4,5,3,4,3,3,4,3,3,3,4,5,3,4,5,4,4,4,2,4,4,4,4,4,5,3,3,5,3,4,5,4,4,3,4,4,4,4,4,3,3,4,2,3,3,3,3,4.0,2.5,4.0,3.33,4.0,3.67,3.83,4.17,3.83,3.0,3.7
R2097,Retail,Small: 10-49 employees,3-5 years,10-49,Semi-urban area,Mixed municipal waste,Yes,Facility management team,3,3,4,2,4,4,3,3,2,3,3,4,5,5,5,4,4,3,3,2,2,3,2,2,4,4,3,4,3,3,3,4,3,4,3,3,3,4,5,4,5,4,3,4,2,3,3,3,5,4,5,3,5,4,3,2,3,3,4,4,3,4,3.33,3.0,4.33,2.33,3.5,3.33,4.17,3.0,4.33,3.25,3.48
R2098,Retail,Small: 10-49 employees,3-5 years,10-49,Commercial area,Paper and cardboard,No,Operations department,5,5,4,4,5,4,3,2,3,3,4,4,2,2,3,4,2,4,2,3,3,3,3,3,2,2,1,2,2,3,1,3,3,2,3,3,4,2,2,3,2,2,2,2,3,2,2,3,3,3,3,2,3,3,2,2,3,4,3,2,1,2,4.5,3.17,2.83,2.83,2.0,2.5,2.5,2.33,2.83,2.38,2.83
R2099,Manufacturing,Micro: Fewer than 10 employees,11-20 years,Fewer than 10,Industrial area,Mixed municipal waste,No,Operations department,3,3,3,2,4,2,3,2,2,3,2,3,3,3,2,2,2,2,2,2,2,3,2,2,2,4,4,3,3,4,3,3,2,2,2,2,4,2,3,2,2,2,2,3,2,1,2,3,2,2,3,3,2,3,3,4,2,2,2,2,3,2,2.83,2.5,2.33,2.17,3.33,2.33,2.5,2.17,2.5,2.5,2.52
R2100,Retail,Small: 10-49 employees,11-20 years,10-49,Semi-urban area,Mixed municipal waste,Yes,Operations department,5,3,4,4,4,4,4,4,3,4,4,4,4,4,4,3,3,2,3,3,4,5,4,4,3,4,3,4,4,3,3,3,4,3,4,4,4,3,3,3,4,3,4,5,4,3,4,4,5,3,4,3,4,,3,3,4,3,3,2,3,3,4.0,3.83,3.33,3.83,3.5,3.5,3.33,4.0,3.8,3.0,3.68
R2101,Hospitality/Services,Small: 10-49 employees,3-5 years,10-49,Urban area,Mixed municipal waste,Under development,Facility management team,3,4,3,4,5,4,3,2,2,2,2,3,3,4,5,5,4,4,3,4,4,3,4,4,3,3,4,3,3,3,4,4,2,4,3,3,3,4,2,3,4,3,4,5,2,3,3,5,3,2,2,2,2,3,2,4,4,4,3,3,3,2,3.83,2.33,4.17,3.67,3.17,3.33,3.17,3.67,2.33,3.12,3.3
R2102,Retail,Small: 10-49 employees,Less than 3 years,50-99,Semi-urban area,Plastic waste,No,External waste-management agency,4,4,2,4,4,3,1,3,3,2,2,2,3,2,3,2,3,2,3,2,4,3,5,4,3,4,3,3,3,3,2,3,2,3,3,2,2,2,2,4,2,4,3,3,3,3,3,3,3,2,2,2,2,3,2,3,2,4,3,3,4,3,3.5,2.17,2.5,3.5,3.17,2.5,2.67,3.0,2.33,3.0,2.82
R2103,Information Technology,Small: 10-49 employees,11-20 years,10-49,Semi-urban area,Paper and cardboard,Under development,Operations department,3,3,3,3,4,3,2,3,3,2,2,3,3,4,3,4,4,5,3,2,4,3,3,2,2,,3,4,3,2,4,4,,5,4,4,3,4,3,3,3,2,3,4,3,4,3,3,3,2,2,3,2,2,3,2,4,2,3,2,3,3,3.17,2.5,3.83,2.83,2.8,4.2,3.0,3.33,2.33,2.75,3.11
R2104,Manufacturing,Micro: Fewer than 10 employees,11-20 years,Fewer than 10,Industrial area,Mixed municipal waste,Under development,Operations department,4,4,3,4,3,2,4,3,4,4,3,4,4,3,4,4,3,4,5,3,5,3,4,3,4,5,3,5,4,5,4,,4,4,2,4,5,4,5,3,5,5,5,3,4,4,3,5,4,3,3,4,3,5,3,2,3,2,2,1,3,,3.33,3.67,3.67,3.83,4.33,3.6,4.5,4.0,3.67,2.29,3.84
R2105,Manufacturing,Large: 250 employees or more,11-20 years,100-249,Semi-urban area,Mixed municipal waste,Not sure,Operations department,2,3,3,3,3,3,4,4,4,4,4,4,3,4,4,4,2,3,3,3,4,4,4,3,3,4,3,2,3,3,4,3,3,4,3,3,3,3,3,3,2,4,3,3,3,2,3,4,3,3,3,3,3,3,,4,4,4,3,2,3,2,2.83,4.0,3.33,3.5,3.0,3.33,3.0,3.0,3.0,3.14,3.22
R2106,Retail,Micro: Fewer than 10 employees,3-5 years,Fewer than 10,Semi-urban area,Mixed municipal waste,No,External waste-management agency,2,4,4,4,4,2,4,3,4,3,2,3,2,4,3,3,3,2,3,2,2,4,3,2,3,4,,4,3,3,3,3,4,3,3,3,3,4,4,4,3,4,4,3,4,2,3,2,3,4,3,3,3,3,4,4,2,2,3,3,2,3,3.33,3.17,2.83,2.67,3.4,3.17,3.67,3.0,3.17,2.88,3.16
R2107,Hospitality/Services,Medium: 50-249 employees,11-20 years,100-249,Commercial area,Plastic waste,Yes,Environmental or sustainability department,3,4,5,4,4,4,4,3,3,4,3,4,3,4,4,3,3,4,4,4,4,4,4,4,3,5,3,4,4,4,3,5,4,3,5,3,3,4,4,4,2,3,4,4,4,4,3,4,3,4,4,4,4,4,2,1,1,3,2,1,2,2,4.0,3.5,3.5,4.0,3.83,3.83,3.33,3.83,3.83,1.75,3.74
R2108,Manufacturing,Micro: Fewer than 10 employees,Less than 3 years,10-49,Industrial area,Mixed municipal waste,No,External waste-management agency,3,3,3,3,3,4,2,3,4,3,3,2,3,3,3,3,4,4,3,2,4,3,5,2,3,3,3,3,3,3,3,4,3,4,3,3,2,3,3,4,3,4,3,2,4,3,3,2,4,4,3,2,4,3,3,3,3,2,3,3,3,2,3.17,2.83,3.33,3.17,3.0,3.33,3.17,2.83,3.33,2.75,3.13
R2109,Information Technology,Small: 10-49 employees,3-5 years,10-49,Semi-urban area,Paper and cardboard,No,Facility management team,3,4,4,4,2,3,4,2,3,3,3,4,4,3,3,4,3,3,5,4,5,4,4,5,4,5,5,3,3,3,2,2,3,2,2,2,1,2,2,2,3,2,4,4,4,4,4,3,4,4,4,4,2,3,3,4,3,3,4,3,3,3,3.33,3.17,3.33,4.5,3.83,2.17,2.0,3.83,3.5,3.25,3.3
R2110,Manufacturing,Medium: 50-249 employees,6-10 years,100-249,Industrial area,Plastic waste,Not sure,Facility management team,5,3,3,3,3,4,3,4,5,3,3,4,3,,3,3,4,3,4,4,4,3,4,4,4,3,4,4,,2,4,3,2,3,4,3,4,5,4,5,4,5,3,4,3,4,2,4,4,4,4,5,5,4,3,3,2,2,3,3,3,4,3.5,3.67,3.2,3.83,3.4,3.17,4.5,3.33,4.33,2.88,3.66
R2111,Healthcare,Large: 250 employees or more,11-20 years,250 or more,Industrial area,Food or organic waste,Under development,Facility management team,3,3,4,4,4,3,4,4,3,3,3,3,4,5,3,4,4,3,3,4,3,4,4,3,3,2,3,4,2,3,4,3,4,4,4,3,4,3,3,2,3,2,3,4,5,3,4,5,4,4,4,4,5,3,4,3,4,5,3,4,4,4,3.5,3.33,3.83,3.5,2.83,3.67,2.83,4.0,4.0,3.88,3.5
R2112,Healthcare,Small: 10-49 employees,6-10 years,10-49,Urban area,Plastic waste,Not sure,Operations department,4,4,4,4,4,4,4,4,4,4,4,4,4,4,4,4,4,4,4,4,4,4,4,4,4,4,4,4,4,4,4,4,4,4,4,4,4,4,4,4,4,4,4,4,4,4,4,4,4,4,4,4,4,4,4,4,4,4,4,4,4,4,4.0,4.0,4.0,4.0,4.0,4.0,4.0,4.0,4.0,4.0,4.0
R2113,Healthcare,Large: 250 employees or more,6-10 years,250 or more,Commercial area,Food or organic waste,No,Facility management team,4,4,4,4,4,4,5,3,3,,3,3,4,4,4,5,5,4,3,3,3,4,3,4,3,5,4,4,4,4,3,4,4,4,4,4,4,3,3,2,2,4,4,5,4,4,4,4,4,5,4,4,5,5,3,3,2,3,3,4,3,2,4.0,3.4,4.33,3.33,4.0,3.83,3.0,4.17,4.5,2.88,3.84
R2114,Manufacturing,Medium: 50-249 employees,6-10 years,50-99,Industrial area,Paper and cardboard,Under development,Facility management team,4,3,4,2,3,3,3,3,3,4,3,3,4,1,3,3,3,3,5,5,4,4,5,4,4,4,3,5,3,3,3,3,3,4,3,2,2,3,3,3,3,3,3,3,2,3,3,3,1,2,3,3,3,2,4,3,4,5,3,3,4,2,3.17,3.17,2.83,4.5,3.67,3.0,2.83,2.83,2.33,3.5,3.15
R2115,Manufacturing,Micro: Fewer than 10 employees,Less than 3 years,Fewer than 10,Industrial area,Mixed municipal waste,No,External waste-management agency,4,3,3,4,2,4,4,4,4,4,3,4,3,4,3,3,4,3,4,5,2,3,4,3,4,3,4,4,4,3,4,3,4,3,2,3,4,4,5,4,5,4,3,3,2,3,3,4,4,4,4,4,5,4,3,2,3,4,3,3,2,4,3.33,3.83,3.33,3.5,3.67,3.17,4.33,3.0,4.17,3.0,3.59
R2116,Information Technology,Large: 250 employees or more,Less than 3 years,100-249,Semi-urban area,Mixed municipal waste,Under development,Facility management team,4,3,3,4,3,3,3,4,3,4,3,3,3,1,3,2,2,4,4,2,4,2,3,5,3,4,4,3,4,2,2,4,3,2,3,3,2,4,5,4,4,3,,2,4,4,3,3,4,4,3,4,3,3,,3,2,3,2,3,2,3,3.33,3.33,2.5,3.33,3.33,2.83,3.67,3.2,3.5,2.57,3.22
R2117,Healthcare,Micro: Fewer than 10 employees,11-20 years,Fewer than 10,Semi-urban area,Mixed municipal waste,Yes,Operations department,3,3,4,3,3,4,3,4,3,3,3,3,3,3,2,2,3,3,4,4,4,4,4,4,5,3,,4,3,2,3,3,3,3,3,2,5,4,4,3,4,4,2,3,3,3,4,3,5,4,5,4,5,4,2,3,2,4,3,3,2,3,3.33,3.17,2.67,4.0,3.4,2.83,4.0,3.0,4.5,2.75,3.43
R2118,Manufacturing,Medium: 50-249 employees,3-5 years,100-249,Semi-urban area,Plastic waste,Not sure,External waste-management agency,2,4,3,4,4,4,2,3,3,4,3,3,4,3,3,4,3,3,4,4,4,3,4,3,2,3,5,4,4,5,3,1,3,4,2,3,3,4,2,4,2,4,3,5,4,2,3,3,3,3,3,3,3,3,4,3,4,4,3,3,3,4,3.5,3.0,3.33,3.67,3.83,2.67,3.17,3.33,3.0,3.5,3.28
R2119,Retail,Medium: 50-249 employees,3-5 years,50-99,Semi-urban area,Mixed municipal waste,Yes,Operations department,3,3,2,3,3,2,4,3,3,3,3,2,4,4,5,4,5,4,1,3,2,3,3,3,4,4,4,4,4,3,3,4,5,5,5,4,3,4,4,4,3,3,5,4,4,3,4,3,3,2,3,3,3,4,2,3,4,5,3,3,3,4,2.67,3.0,4.33,2.5,3.83,4.33,3.5,3.83,3.0,3.38,3.44
R2120,Manufacturing,Large: 250 employees or more,11-20 years,100-249,Semi-urban area,Plastic waste,Under development,Environmental or sustainability department,2,3,4,4,3,3,3,3,3,4,4,4,4,3,4,4,4,4,4,4,5,4,5,4,3,4,3,4,3,3,3,3,3,3,3,4,4,4,5,5,3,3,5,4,5,4,4,4,3,4,3,3,3,4,3,3,5,3,4,4,3,4,3.17,3.5,3.83,4.33,3.33,3.17,4.0,4.33,3.33,3.62,3.67
R2121,Retail,Small: 10-49 employees,11-20 years,10-49,Commercial area,Mixed municipal waste,Yes,Facility management team,4,3,5,4,4,3,4,4,3,3,4,5,5,4,4,4,4,4,4,3,5,4,4,3,1,3,4,2,3,3,4,3,4,4,3,4,3,3,5,3,4,4,3,3,3,3,4,3,4,3,4,3,4,4,3,3,3,3,2,3,4,4,3.83,3.83,4.17,3.83,2.67,3.67,3.67,3.17,3.67,3.12,3.61
R2122,Retail,Large: 250 employees or more,6-10 years,250 or more,Commercial area,Paper and cardboard,Not sure,Facility management team,3,3,4,3,3,5,2,2,2,3,2,4,4,3,4,4,4,3,5,4,4,4,3,3,4,3,4,4,5,5,3,4,4,4,4,3,4,3,3,5,4,2,3,2,2,4,3,4,4,4,3,3,3,3,3,3,5,4,4,3,4,4,3.5,2.5,3.67,3.83,4.17,3.67,3.5,3.0,3.33,3.75,3.46
R2123,Manufacturing,Micro: Fewer than 10 employees,11-20 years,Fewer than 10,Industrial area,Plastic waste,No,External waste-management agency,3,4,4,2,3,3,3,3,2,4,2,2,2,3,3,3,3,3,2,4,4,3,3,4,3,2,3,3,1,3,3,4,5,3,3,5,2,3,4,3,3,3,3,3,2,2,3,3,2,3,2,2,3,2,2,2,4,2,2,3,2,2,3.17,2.67,2.83,3.33,2.5,3.83,3.0,2.67,2.33,2.38,2.93
R2124,Retail,Medium: 50-249 employees,6-10 years,10-49,Commercial area,Plastic waste,Not sure,External waste-management agency,5,4,3,4,4,3,2,3,2,1,2,3,4,4,5,5,5,4,3,5,4,4,2,3,4,3,3,3,4,3,3,4,5,4,3,4,3,3,4,3,3,4,3,3,3,3,3,3,4,4,3,3,4,3,2,3,3,3,3,3,3,3,3.83,2.17,4.5,3.5,3.33,3.83,3.33,3.0,3.5,2.88,3.44
R2125,Healthcare,Small: 10-49 employees,6-10 years,50-99,Commercial area,Plastic waste,Yes,External waste-management agency,3,3,4,3,3,3,4,4,4,4,4,3,4,4,3,4,3,3,4,4,3,3,3,4,3,3,4,4,4,3,2,3,3,2,4,4,3,3,4,4,4,3,4,5,4,4,4,4,4,4,4,4,3,4,1,2,2,3,2,2,2,2,3.17,3.83,3.5,3.5,3.5,3.0,3.5,4.17,3.83,2.0,3.56
R2126,Hospitality/Services,Small: 10-49 employees,6-10 years,10-49,Commercial area,Paper and cardboard,Under development,Facility management team,3,4,3,3,3,2,4,5,4,2,4,5,3,2,3,3,3,3,3,2,3,4,4,2,4,3,5,3,4,4,4,3,3,4,3,3,3,4,4,3,5,3,4,3,3,3,4,4,5,4,4,3,4,4,2,3,2,3,2,1,1,3,3.0,4.0,2.83,3.0,3.83,3.33,3.67,3.5,4.0,2.12,3.46
R2127,Information Technology,Large: 250 employees or more,6-10 years,100-249,Industrial area,Food or organic waste,Yes,Environmental or sustainability department,5,5,5,4,4,4,4,5,4,3,4,5,4,4,4,5,4,4,4,4,4,4,3,4,4,5,5,5,5,4,5,4,5,5,5,4,4,5,5,5,4,5,4,5,4,4,4,5,5,5,4,5,4,5,2,3,2,4,2,3,3,3,4.5,4.17,4.17,3.83,4.67,4.67,4.67,4.33,4.67,2.75,4.41
R2128,Retail,Medium: 50-249 employees,6-10 years,100-249,Urban area,Mixed municipal waste,Not sure,Facility management team,4,4,3,2,,4,4,4,3,3,4,3,3,3,3,2,3,2,3,3,2,3,2,2,4,2,4,3,4,3,3,3,4,4,4,2,3,3,3,3,4,3,2,3,4,3,2,3,4,3,3,4,3,4,2,3,2,4,3,3,3,2,3.4,3.5,2.67,2.5,3.33,3.33,3.17,2.83,3.5,2.75,3.14
R2129,Information Technology,Small: 10-49 employees,Less than 3 years,10-49,Semi-urban area,Paper and cardboard,Yes,Operations department,2,2,2,2,2,2,2,2,2,2,2,2,2,2,2,2,2,2,2,2,2,2,2,2,2,2,2,2,2,2,2,2,2,2,2,2,,2,2,2,2,2,2,2,2,2,2,2,2,2,2,2,2,2,2,2,2,2,2,2,2,2,2.0,2.0,2.0,2.0,2.0,2.0,2.0,2.0,2.0,2.0,2.0
R2130,Manufacturing,Large: 250 employees or more,6-10 years,100-249,Semi-urban area,Plastic waste,Under development,Environmental or sustainability department,3,4,4,4,4,4,4,5,4,4,4,4,3,4,4,3,4,4,3,3,4,3,3,3,5,4,4,4,4,3,3,3,3,2,3,5,2,4,3,4,5,4,4,5,4,4,4,4,4,5,2,4,3,4,4,2,3,3,3,3,4,3,3.83,4.17,3.67,3.17,4.0,3.17,3.67,4.17,3.67,3.12,3.72
R2131,Healthcare,Medium: 50-249 employees,6-10 years,50-99,Urban area,Plastic waste,Yes,External waste-management agency,4,4,4,4,4,4,3,2,3,3,3,3,2,4,4,2,3,4,2,2,3,3,3,4,3,4,4,3,4,4,4,4,4,4,4,4,3,3,3,2,3,3,2,2,3,3,4,3,4,4,4,5,4,3,2,3,3,2,2,2,4,1,4.0,2.83,3.17,2.83,3.67,4.0,2.83,2.83,4.0,2.38,3.35
R2132,Manufacturing,Medium: 50-249 employees,11-20 years,50-99,Industrial area,Paper and cardboard,Yes,Facility management team,4,4,4,4,4,4,5,4,4,3,4,4,5,4,5,5,5,5,5,4,5,4,4,5,5,5,5,4,,4,4,4,5,4,5,5,3,4,4,4,5,3,5,5,5,5,5,4,4,4,5,5,5,5,2,3,1,3,2,2,2,4,4.0,4.0,4.83,4.5,4.6,4.5,3.83,4.83,4.67,2.38,4.42
R2133,Manufacturing,Small: 10-49 employees,3-5 years,10-49,Industrial area,Mixed municipal waste,Under development,Operations department,2,3,3,3,3,3,3,4,4,3,3,4,3,3,3,4,3,3,5,4,4,3,5,2,4,2,3,3,4,3,2,5,3,3,4,3,3,4,3,2,4,4,4,2,4,4,4,4,3,3,3,3,3,4,1,4,3,3,4,4,5,4,2.83,3.5,3.17,3.83,3.17,3.33,3.33,3.67,3.17,3.5,3.33
R2134,Healthcare,Small: 10-49 employees,11-20 years,10-49,Semi-urban area,Paper and cardboard,Under development,Facility management team,4,4,3,4,3,4,3,3,3,3,3,3,4,4,4,4,3,3,3,3,4,3,3,4,4,2,3,3,2,2,3,4,4,4,4,4,4,5,3,3,5,5,3,3,2,2,3,2,3,4,4,3,3,4,3,3,3,4,3,3,1,4,3.67,3.0,3.67,3.33,2.67,3.83,4.17,2.5,3.5,3.0,3.37
R2135,Manufacturing,Micro: Fewer than 10 employees,6-10 years,Fewer than 10,Urban area,Plastic waste,No,Facility management team,2,3,3,3,3,4,2,5,4,5,3,3,3,4,3,4,2,3,4,4,3,4,4,4,3,3,2,1,2,,2,3,2,3,3,3,3,4,3,3,3,4,2,2,4,2,3,3,3,3,3,2,2,3,4,4,4,3,3,4,2,2,3.0,3.67,3.17,3.83,2.2,2.67,3.33,2.67,2.67,3.25,3.02
R2136,Healthcare,Medium: 50-249 employees,Less than 3 years,50-99,Urban area,Food or organic waste,No,Operations department,4,4,5,4,3,3,3,4,2,3,3,4,3,4,3,3,2,2,3,4,2,2,2,3,3,4,2,2,,2,4,4,4,4,3,4,3,4,3,4,4,4,3,4,4,5,5,5,4,5,,3,4,5,2,2,2,3,1,2,2,2,3.83,3.17,2.83,2.67,2.6,3.83,3.67,4.33,4.2,2.0,3.46
R2137,Healthcare,Medium: 50-249 employees,3-5 years,50-99,Urban area,Plastic waste,Yes,External waste-management agency,3,4,3,3,3,3,3,4,4,3,3,4,3,2,3,3,3,2,3,2,4,4,4,4,4,3,4,4,3,3,2,2,4,3,3,2,4,5,4,5,3,3,5,4,4,4,3,4,4,4,3,3,4,5,3,3,2,2,4,3,3,2,3.17,3.5,2.67,3.5,3.5,2.67,4.0,4.0,3.83,2.75,3.43
R2138,Manufacturing,Micro: Fewer than 10 employees,3-5 years,Fewer than 10,Industrial area,Plastic waste,Under development,External waste-management agency,4,5,4,5,5,4,4,5,5,5,4,4,3,3,3,3,4,5,3,4,4,4,4,4,4,4,4,4,3,5,4,4,4,5,4,5,3,4,4,4,3,3,4,4,5,3,4,4,,3,3,3,4,2,3,2,3,2,2,3,3,4,4.5,4.5,3.5,3.83,4.0,4.33,3.5,4.0,3.0,2.75,3.91
R2139,Retail,Micro: Fewer than 10 employees,11-20 years,Fewer than 10,Semi-urban area,Food or organic waste,Under development,External waste-management agency,3,4,4,4,2,4,4,3,4,4,4,4,3,2,3,3,3,4,3,3,3,3,3,3,5,3,4,4,4,3,4,3,4,4,4,3,5,4,4,4,5,3,4,5,5,4,4,4,4,5,4,3,4,5,3,3,3,2,2,4,2,4,3.5,3.83,3.0,3.0,3.83,3.67,4.17,4.33,4.17,2.88,3.72
R2140,Healthcare,Large: 250 employees or more,6-10 years,100-249,Semi-urban area,Mixed municipal waste,Not sure,Environmental or sustainability department,4,4,5,4,4,4,5,,3,4,3,3,4,5,5,5,4,4,4,4,3,3,3,3,4,4,3,3,3,4,5,4,3,4,4,4,5,4,4,3,4,4,5,5,5,3,5,5,2,2,3,4,3,3,2,2,1,2,3,1,2,1,4.17,3.6,4.5,3.33,3.5,4.0,4.0,4.67,2.83,1.75,3.84
R2141,Information Technology,Micro: Fewer than 10 employees,Less than 3 years,Fewer than 10,Commercial area,Paper and cardboard,Under development,Operations department,4,5,2,4,3,3,3,3,3,3,2,5,3,3,2,3,,3,3,4,4,4,4,4,2,3,4,3,2,4,4,3,3,2,3,3,4,4,3,4,4,4,3,2,4,3,3,2,4,4,3,4,3,5,2,3,3,2,2,2,2,3,3.5,3.17,2.8,3.83,3.0,3.0,3.83,2.83,3.83,2.38,3.31
R2142,Information Technology,Medium: 50-249 employees,3-5 years,50-99,Urban area,Plastic waste,Not sure,Facility management team,2,2,3,3,3,2,4,4,4,3,4,3,4,4,4,5,4,4,4,4,4,4,4,3,3,3,3,3,3,2,4,3,2,3,2,3,5,4,5,3,4,4,,4,4,4,4,3,4,2,4,4,3,3,3,4,2,4,3,3,3,,2.5,3.67,4.17,3.83,2.83,2.83,4.17,3.8,3.33,3.14,3.46
R2143,Retail,Large: 250 employees or more,11-20 years,100-249,Commercial area,Mixed municipal waste,Yes,Environmental or sustainability department,3,3,4,4,5,3,4,5,4,3,5,5,5,5,5,5,5,5,4,4,5,3,4,4,5,4,4,4,4,5,5,5,5,5,5,5,4,4,5,4,3,5,4,5,5,4,4,3,3,3,4,5,3,3,3,2,2,4,3,2,2,2,3.67,4.33,5.0,4.0,4.33,5.0,4.17,4.17,3.5,2.5,4.24
R2144,Information Technology,Micro: Fewer than 10 employees,11-20 years,Fewer than 10,Urban area,Paper and cardboard,Under development,Operations department,3,3,4,3,3,4,3,5,4,4,4,4,3,3,2,4,3,3,3,4,3,2,5,3,4,4,3,,4,4,4,5,5,5,5,5,4,5,4,2,3,,4,3,4,2,4,3,3,4,3,5,4,4,2,3,3,3,2,1,3,4,3.33,4.0,3.0,3.33,3.8,4.83,3.6,3.33,3.83,2.62,3.67
R2145,Retail,Micro: Fewer than 10 employees,3-5 years,Fewer than 10,Commercial area,Mixed municipal waste,No,Operations department,3,5,3,3,5,3,4,2,3,3,3,2,3,4,2,3,3,4,3,4,3,2,2,3,3,3,2,2,,3,4,4,4,4,3,4,1,2,3,3,3,2,4,3,5,3,4,4,3,3,4,2,4,2,3,3,4,4,4,3,4,5,3.67,2.83,3.17,2.83,2.6,3.83,2.33,3.83,3.0,3.75,3.12
R2146,Manufacturing,Large: 250 employees or more,3-5 years,100-249,Industrial area,Plastic waste,No,External waste-management agency,3,3,3,3,4,3,2,2,3,2,3,2,3,2,3,2,4,2,4,2,4,2,4,3,3,4,3,4,4,4,4,2,4,5,4,4,4,4,4,3,4,2,3,3,3,3,2,3,2,3,2,4,2,4,3,4,4,3,4,4,4,4,3.17,2.33,2.67,3.17,3.67,3.83,3.5,2.83,2.83,3.75,3.11
R2147,Healthcare,Small: 10-49 employees,11-20 years,10-49,Urban area,Paper and cardboard,No,External waste-management agency,3,3,2,3,4,3,2,3,4,4,4,3,3,2,3,3,3,4,3,4,4,2,2,4,3,3,3,2,3,2,3,3,3,3,2,3,4,4,4,3,3,3,3,3,3,3,4,3,4,3,3,3,4,1,4,4,,3,3,2,3,,3.0,3.33,3.0,3.17,2.67,2.83,3.5,3.17,3.0,3.17,3.07
R2148,Manufacturing,Medium: 50-249 employees,6-10 years,100-249,Semi-urban area,Plastic waste,Under development,Operations department,3,4,4,4,3,5,4,3,4,5,4,3,5,4,4,5,5,5,4,3,3,4,5,3,3,4,4,4,4,4,4,3,3,3,4,3,4,3,3,4,4,4,5,5,5,5,5,5,4,4,4,5,5,4,5,5,4,4,3,5,4,3,3.83,3.83,4.67,3.67,3.83,3.33,3.67,5.0,4.33,4.12,4.02
R2149,Manufacturing,Micro: Fewer than 10 employees,6-10 years,Fewer than 10,Industrial area,Mixed municipal waste,Yes,External waste-management agency,4,3,4,3,4,3,4,5,4,5,3,4,4,3,3,3,3,3,3,3,5,4,5,4,3,3,3,2,3,3,3,4,4,5,3,4,3,4,4,2,3,2,2,3,1,2,2,4,4,4,5,5,3,4,4,3,4,4,3,4,3,5,3.5,4.17,3.17,4.0,2.83,3.83,3.0,2.33,4.17,3.75,3.44
R2150,Manufacturing,Small: 10-49 employees,3-5 years,Fewer than 10,Urban area,Mixed municipal waste,Under development,Operations department,5,4,5,4,4,4,3,2,2,4,2,2,4,4,3,5,4,4,3,3,2,2,3,3,3,3,4,3,3,5,3,3,4,3,3,3,3,3,3,4,3,4,2,3,3,2,2,2,3,4,3,4,3,4,4,3,3,2,3,3,4,3,4.33,2.5,4.0,2.67,3.5,3.17,3.33,2.33,3.5,3.12,3.26
R2151,Information Technology,Micro: Fewer than 10 employees,6-10 years,Fewer than 10,Urban area,Mixed municipal waste,No,External waste-management agency,5,5,5,5,4,5,5,4,4,3,3,4,5,4,4,4,5,3,3,3,2,3,3,3,2,4,4,4,4,4,2,4,2,4,3,4,3,4,3,4,3,5,4,3,4,4,4,3,3,4,4,3,2,4,3,3,3,3,2,4,3,4,4.83,3.83,4.17,2.83,3.67,3.17,3.67,3.67,3.33,3.12,3.69
R2152,Hospitality/Services,Large: 250 employees or more,3-5 years,250 or more,Urban area,Plastic waste,Yes,Facility management team,4,4,3,4,2,4,5,5,4,4,5,3,4,4,5,5,4,4,3,3,3,3,3,3,4,5,5,4,4,4,3,5,4,4,3,4,3,4,4,4,3,4,3,3,4,4,4,4,3,4,3,2,3,2,2,2,3,2,1,2,2,2,3.5,4.33,4.33,3.0,4.33,3.83,3.67,3.67,2.83,2.0,3.72
R2153,Hospitality/Services,Micro: Fewer than 10 employees,Less than 3 years,Fewer than 10,Urban area,Plastic waste,No,External waste-management agency,3,3,3,3,3,2,2,1,2,2,2,1,4,3,4,4,3,4,3,4,4,3,3,4,4,3,3,2,4,3,3,3,3,3,4,4,3,4,3,2,4,4,3,3,3,2,4,4,3,2,3,2,3,2,3,3,3,2,3,3,2,4,2.83,1.67,3.67,3.5,3.17,3.33,3.33,3.17,2.5,2.88,3.02
R2154,Retail,Medium: 50-249 employees,Less than 3 years,50-99,Semi-urban area,Plastic waste,No,External waste-management agency,3,4,3,3,3,3,3,3,3,,2,3,3,3,2,2,2,2,3,3,3,3,3,2,2,3,4,4,2,3,2,3,3,2,3,2,3,2,3,2,2,3,3,3,2,3,3,3,2,2,3,4,4,3,3,3,2,3,4,4,4,3,3.17,2.8,2.33,2.83,3.0,2.5,2.5,2.83,3.0,3.25,2.77
R2155,Retail,Small: 10-49 employees,3-5 years,50-99,Semi-urban area,Paper and cardboard,Under development,External waste-management agency,5,3,5,5,5,4,5,4,5,4,3,4,4,4,4,4,4,3,4,3,3,4,4,4,5,3,4,3,4,4,4,4,3,4,4,4,4,3,3,4,4,4,,4,3,4,4,5,3,2,3,3,2,3,4,3,3,5,2,,3,2,4.5,4.17,3.83,3.67,3.83,3.83,3.67,4.0,2.67,3.14,3.8
R2156,Information Technology,Small: 10-49 employees,11-20 years,50-99,Urban area,Paper and cardboard,No,Operations department,4,4,4,4,3,5,4,3,3,1,3,2,2,4,4,5,4,4,4,4,4,3,2,3,5,4,3,5,4,3,3,3,3,4,4,3,4,1,3,2,2,4,5,4,4,4,4,4,4,5,4,4,4,5,2,2,3,4,2,2,1,4,4.0,2.67,3.83,3.33,4.0,3.33,2.67,4.17,4.33,2.5,3.59
R2157,Retail,Small: 10-49 employees,3-5 years,10-49,Commercial area,Plastic waste,Under development,Operations department,2,4,4,4,3,4,3,3,3,4,3,,3,4,5,5,5,4,4,4,4,4,4,3,3,3,4,3,4,3,4,5,3,5,4,5,5,5,4,5,3,5,3,4,4,4,4,4,4,4,4,4,4,4,1,3,4,2,3,2,2,5,3.5,3.2,4.33,3.83,3.33,4.33,4.5,3.83,4.0,2.75,3.87
R2158,Retail,Micro: Fewer than 10 employees,6-10 years,Fewer than 10,Commercial area,Food or organic waste,No,External waste-management agency,5,4,4,4,3,4,4,2,3,2,3,4,3,2,2,3,3,2,4,3,4,2,5,3,4,4,3,4,4,3,4,3,3,3,2,3,3,2,3,4,3,3,3,2,3,2,3,3,4,3,3,3,2,4,4,4,4,4,3,5,5,3,4.0,3.0,2.5,3.5,3.67,3.0,3.0,2.67,3.17,4.0,3.17
R2159,Manufacturing,Medium: 50-249 employees,11-20 years,100-249,Commercial area,Mixed municipal waste,Under development,Environmental or sustainability department,5,5,5,3,4,5,4,3,4,4,4,2,3,3,3,3,3,4,5,4,3,4,3,3,3,4,3,4,3,4,3,4,3,4,,4,4,3,3,4,4,3,5,5,4,4,3,4,4,3,4,4,3,4,3,3,3,3,3,4,4,1,4.5,3.5,3.17,3.67,3.5,3.6,3.5,4.17,3.67,3.0,3.7
R2160,Healthcare,Small: 10-49 employees,3-5 years,50-99,Urban area,Plastic waste,Not sure,External waste-management agency,4,3,2,3,5,3,3,2,3,3,4,3,2,4,3,3,4,4,3,3,2,3,3,4,3,3,2,2,3,4,4,4,4,2,4,4,3,3,4,3,3,4,3,3,2,3,3,3,4,4,3,4,4,4,2,4,3,4,3,4,4,4,3.33,3.0,3.33,3.0,2.83,3.67,3.33,2.83,3.83,3.5,3.24
R2161,Healthcare,Medium: 50-249 employees,6-10 years,100-249,Commercial area,Paper and cardboard,Not sure,Environmental or sustainability department,1,1,3,2,2,3,3,4,3,3,3,3,4,3,3,4,4,3,3,3,4,3,3,4,3,4,4,3,4,4,5,3,4,3,2,3,3,2,3,3,2,3,,4,4,3,2,3,4,4,4,4,5,4,5,5,2,4,5,5,4,3,2.0,3.17,3.5,3.33,3.67,3.33,2.67,3.2,4.17,4.12,3.23
R2162,Retail,Micro: Fewer than 10 employees,3-5 years,Fewer than 10,Semi-urban area,Plastic waste,No,External waste-management agency,3,3,4,4,2,4,2,3,2,3,2,3,2,2,2,2,2,1,4,3,4,4,3,4,3,3,4,3,4,3,3,3,3,5,2,2,3,2,2,3,3,3,3,2,3,3,3,3,3,4,3,4,4,3,3,4,3,3,4,5,5,4,3.33,2.5,1.83,3.67,3.33,3.0,2.67,2.83,3.5,3.88,2.96
R2163,Manufacturing,Large: 250 employees or more,11-20 years,100-249,Industrial area,Plastic waste,Yes,Environmental or sustainability department,4,3,3,3,3,4,3,2,3,3,3,4,3,4,5,4,4,3,5,,5,5,4,5,4,3,2,5,5,4,2,4,3,3,4,3,4,4,5,4,4,2,4,4,3,4,3,4,3,4,3,4,3,4,4,3,3,3,4,3,3,3,3.33,3.0,3.83,4.8,3.83,3.17,3.83,3.67,3.5,3.25,3.66
R2164,Information Technology,Large: 250 employees or more,11-20 years,250 or more,Urban area,Mixed municipal waste,Under development,Operations department,4,4,4,4,5,4,3,3,4,4,4,4,4,4,3,3,3,3,4,3,4,4,4,4,4,5,5,5,4,4,4,4,3,5,3,4,4,4,5,5,5,3,4,4,4,4,3,3,3,3,3,3,4,3,2,3,4,3,2,2,4,3,4.17,3.67,3.33,3.83,4.5,3.83,4.33,3.67,3.17,2.88,3.83
R2165,Healthcare,Large: 250 employees or more,11-20 years,250 or more,Urban area,Paper and cardboard,Under development,Environmental or sustainability department,4,3,4,4,4,4,5,3,4,5,3,4,4,3,4,3,3,5,3,4,4,5,3,4,4,3,5,5,5,4,4,4,3,3,5,4,3,3,3,4,,4,3,2,3,1,2,3,4,3,3,3,4,4,3,4,4,4,3,4,3,2,3.83,4.0,3.67,3.83,4.33,3.83,3.4,2.33,3.5,3.38,3.64
R2166,Manufacturing,Large: 250 employees or more,6-10 years,250 or more,Industrial area,Mixed municipal waste,Yes,Facility management team,5,4,5,4,5,5,5,4,3,4,4,4,3,4,4,3,4,4,4,5,5,4,4,4,3,3,2,3,3,4,5,4,4,4,4,3,4,3,4,3,4,4,4,3,4,4,4,4,4,4,3,3,5,4,2,3,4,4,2,3,3,2,4.67,4.0,3.67,4.33,3.0,4.0,3.67,3.83,3.83,2.88,3.89
R2167,Retail,Large: 250 employees or more,11-20 years,250 or more,Urban area,Paper and cardboard,Yes,Environmental or sustainability department,5,5,5,5,5,5,5,5,5,4,5,5,4,5,5,5,4,4,5,3,4,5,4,5,5,4,4,5,5,4,3,3,4,4,4,4,5,3,4,5,4,,5,5,5,5,4,4,5,5,5,4,4,5,3,3,3,5,3,2,3,4,5.0,4.83,4.5,4.33,4.5,3.67,4.2,4.67,4.67,3.25,4.49
R2168,Hospitality/Services,Micro: Fewer than 10 employees,Less than 3 years,10-49,Commercial area,Food or organic waste,No,External waste-management agency,3,2,2,4,2,2,3,3,4,2,3,3,2,3,3,2,4,4,3,3,2,4,2,4,1,2,3,2,2,2,3,3,1,3,3,3,4,4,3,5,3,3,4,4,2,4,4,3,2,3,3,3,3,3,3,3,3,5,3,2,4,3,2.5,3.0,3.0,3.0,2.0,2.67,3.67,3.5,2.83,3.25,2.91
R2169,Healthcare,Medium: 50-249 employees,6-10 years,50-99,Semi-urban area,Mixed municipal waste,No,External waste-management agency,3,3,3,2,3,4,4,3,3,5,5,4,3,4,3,5,3,3,3,2,3,2,3,3,4,3,3,4,3,4,4,3,4,4,4,5,4,3,3,4,4,4,3,3,3,3,3,2,3,3,3,4,,2,4,4,3,4,3,5,4,3,3.0,4.0,3.5,2.67,3.5,4.0,3.67,2.83,3.0,3.75,3.35
R2170,Healthcare,Micro: Fewer than 10 employees,6-10 years,Fewer than 10,Urban area,Mixed municipal waste,No,Operations department,3,3,1,2,2,3,3,3,3,3,3,4,2,3,3,3,3,3,3,3,3,3,3,4,3,3,3,4,3,4,3,2,2,2,3,2,3,3,4,4,4,3,5,4,4,3,3,4,3,3,3,3,2,3,3,4,3,2,4,3,3,4,2.33,3.17,2.83,3.17,3.33,2.33,3.5,3.83,2.83,3.25,3.04
R2171,Healthcare,Micro: Fewer than 10 employees,Less than 3 years,Fewer than 10,Urban area,Mixed municipal waste,No,External waste-management agency,3,1,2,1,2,3,3,2,4,3,3,1,3,3,3,4,4,3,3,4,2,2,3,3,2,3,4,3,4,1,2,3,2,3,2,2,3,4,4,4,4,4,5,4,4,3,2,4,2,3,3,1,2,3,2,3,3,1,3,3,3,3,2.0,2.67,3.33,2.83,2.83,2.33,3.83,3.67,2.33,2.62,2.87
R2172,Hospitality/Services,Micro: Fewer than 10 employees,Less than 3 years,Fewer than 10,Urban area,Paper and cardboard,No,External waste-management agency,3,3,2,4,3,3,2,5,3,3,4,3,2,3,2,2,2,1,4,4,3,4,3,4,2,1,1,2,2,3,3,2,2,2,3,2,4,3,4,2,3,3,3,5,4,3,3,4,2,2,2,2,2,4,4,4,5,4,4,4,4,4,3.0,3.33,2.0,3.67,1.83,2.33,3.17,3.67,2.33,4.12,2.81
R2173,Retail,Small: 10-49 employees,3-5 years,10-49,Commercial area,Mixed municipal waste,Not sure,External waste-management agency,2,2,3,3,3,4,5,4,3,3,3,4,4,4,4,3,3,3,2,3,3,4,3,2,4,4,4,4,3,4,4,4,3,2,4,4,3,4,4,4,4,4,3,2,2,2,2,3,4,4,4,5,4,4,3,4,3,4,5,4,3,1,2.83,3.67,3.5,2.83,3.83,3.5,3.83,2.33,4.17,3.38,3.39
R2174,Manufacturing,Micro: Fewer than 10 employees,3-5 years,Fewer than 10,Industrial area,Plastic waste,No,External waste-management agency,2,2,,2,2,2,2,2,2,2,2,2,2,2,2,2,2,2,2,2,2,2,2,2,2,2,2,2,2,2,2,2,2,2,2,2,2,2,2,2,2,2,2,2,2,2,2,2,2,2,2,2,2,2,2,2,2,2,2,2,2,2,2.0,2.0,2.0,2.0,2.0,2.0,2.0,2.0,2.0,2.0,2.0
R2175,Retail,Medium: 50-249 employees,6-10 years,50-99,Commercial area,Paper and cardboard,Under development,Operations department,4,3,5,5,3,,2,3,3,3,3,3,2,4,3,3,5,4,3,3,2,3,4,3,3,3,4,3,3,4,4,4,5,3,3,3,4,4,5,3,3,3,3,4,3,4,3,3,2,4,2,1,3,2,3,2,3,2,2,1,2,3,4.0,2.83,3.5,3.0,3.33,3.67,3.67,3.33,2.33,2.25,3.3
R2176,Information Technology,Micro: Fewer than 10 employees,6-10 years,10-49,Urban area,Food or organic waste,Not sure,Operations department,4,4,3,3,2,3,4,4,4,4,3,3,3,3,4,4,4,,2,3,3,2,3,2,5,3,4,,4,5,4,3,4,3,3,4,3,3,4,4,3,3,5,5,4,3,4,4,5,3,3,4,3,5,3,3,2,3,3,3,2,1,3.17,3.67,3.6,2.5,4.2,3.5,3.33,4.17,3.83,2.5,3.55
R2177,Manufacturing,Micro: Fewer than 10 employees,3-5 years,Fewer than 10,Industrial area,Food or organic waste,Not sure,Operations department,4,5,3,3,4,4,5,5,4,4,4,5,3,4,4,4,3,,2,3,4,5,4,3,4,3,4,4,4,4,3,4,3,3,3,3,4,3,4,4,3,3,4,4,4,4,4,5,4,5,4,3,5,3,1,2,2,2,2,2,2,2,3.83,4.5,3.6,3.5,3.83,3.17,3.5,4.17,4.0,1.88,3.79
R2178,Manufacturing,Large: 250 employees or more,11-20 years,250 or more,Industrial area,Food or organic waste,Under development,Environmental or sustainability department,4,4,4,4,4,4,4,4,5,3,5,4,4,4,4,4,5,4,5,3,4,3,3,2,3,3,3,3,4,2,2,4,5,4,3,4,3,4,2,4,4,4,3,3,2,3,2,3,4,2,5,3,3,4,2,3,3,3,2,2,2,2,4.0,4.17,4.17,3.33,3.0,3.67,3.5,2.67,3.5,2.38,3.56
R2179,Manufacturing,Large: 250 employees or more,6-10 years,250 or more,Urban area,Plastic waste,Yes,Facility management team,4,3,3,4,5,5,3,3,3,4,3,2,4,4,4,3,5,4,4,4,3,3,4,4,4,4,3,3,4,5,3,3,3,3,3,4,4,4,3,4,4,4,4,3,3,4,4,4,,4,3,4,4,3,3,1,3,2,2,2,1,2,4.0,3.0,4.0,3.67,3.83,3.17,3.83,3.67,3.6,2.0,3.64
R2180,Healthcare,Micro: Fewer than 10 employees,6-10 years,Fewer than 10,Urban area,Mixed municipal waste,No,Operations department,3,3,3,3,4,4,3,3,3,4,3,4,4,4,3,4,3,3,4,3,4,4,4,5,5,3,3,4,3,4,3,4,3,3,3,3,3,4,5,4,4,5,4,4,5,4,4,4,3,3,4,4,3,2,2,3,3,4,4,3,3,3,3.33,3.33,3.5,4.0,3.67,3.17,4.17,4.17,3.17,3.12,3.61
R2181,Healthcare,Large: 250 employees or more,11-20 years,250 or more,Urban area,Paper and cardboard,Yes,Environmental or sustainability department,4,4,2,4,3,4,3,4,3,4,4,3,5,4,4,5,5,,4,4,4,4,3,4,4,5,4,5,4,4,4,3,5,3,4,4,4,4,5,5,5,5,4,3,4,4,4,3,2,4,,3,4,3,3,2,3,4,2,3,3,2,3.5,3.5,4.6,3.83,4.33,3.83,4.67,3.67,3.2,2.75,3.9
R2182,Retail,Large: 250 employees or more,6-10 years,250 or more,Urban area,Plastic waste,No,External waste-management agency,2,,4,2,3,2,3,3,3,3,3,3,3,4,4,2,4,4,3,3,3,5,3,3,3,3,3,3,3,3,4,4,5,5,4,5,5,5,4,4,4,4,3,3,3,5,3,3,4,5,3,3,4,3,3,4,4,2,5,3,2,4,2.6,3.0,3.5,3.33,3.0,4.5,4.33,3.33,3.67,3.38,3.47
R2183,Manufacturing,Micro: Fewer than 10 employees,Less than 3 years,10-49,Semi-urban area,Plastic waste,No,External waste-management agency,3,,3,4,3,3,3,3,2,,2,1,2,2,1,1,2,2,2,5,3,4,5,3,,2,2,3,3,3,3,3,4,2,3,3,3,4,3,2,3,2,3,2,4,3,3,3,3,2,3,2,2,3,4,3,5,2,4,3,4,3,3.2,2.2,1.67,3.67,2.6,3.0,2.83,3.0,2.5,3.5,2.74
R2184,Information Technology,Small: 10-49 employees,Less than 3 years,10-49,Urban area,Food or organic waste,No,External waste-management agency,5,4,3,4,,4,3,3,2,3,3,3,1,3,3,3,2,3,3,3,4,4,4,4,5,3,4,3,3,5,4,5,4,4,3,4,2,2,2,4,3,2,2,3,2,3,3,2,1,2,3,2,4,1,4,3,3,2,3,2,2,3,4.0,2.83,2.5,3.67,3.83,4.0,2.5,2.5,2.17,2.75,3.11
R2185,Manufacturing,Small: 10-49 employees,Less than 3 years,50-99,Semi-urban area,Food or organic waste,No,External waste-management agency,2,3,2,3,3,3,3,2,4,5,3,3,4,3,4,3,3,4,3,3,3,3,2,4,2,2,2,3,1,3,3,2,3,2,3,3,3,3,3,4,2,3,3,2,4,3,3,3,2,2,2,3,3,3,5,5,4,4,,4,4,4,2.67,3.33,3.5,3.0,2.17,2.67,3.0,3.0,2.5,4.29,2.87
R2186,Information Technology,Small: 10-49 employees,6-10 years,10-49,Urban area,Mixed municipal waste,Not sure,External waste-management agency,4,4,4,5,5,4,3,3,3,4,4,4,3,3,3,3,2,3,3,4,3,3,3,4,2,2,3,2,3,3,4,4,4,4,3,3,3,2,4,4,3,3,3,2,4,2,3,4,3,3,3,3,2,2,1,1,2,2,1,2,1,1,4.33,3.5,2.83,3.33,2.5,3.67,3.17,3.0,2.67,1.38,3.22
R2187,Manufacturing,Small: 10-49 employees,11-20 years,10-49,Industrial area,Plastic waste,No,Operations department,3,2,3,3,2,2,4,4,4,5,4,4,4,1,3,4,4,2,3,4,3,4,4,4,4,3,3,4,4,4,2,3,2,3,1,2,4,3,4,5,5,5,5,4,4,4,3,4,3,3,2,2,3,3,3,3,2,4,3,3,3,4,2.5,4.17,3.0,3.67,3.67,2.17,4.33,4.0,2.67,3.12,3.35
R2188,Hospitality/Services,Small: 10-49 employees,6-10 years,10-49,Commercial area,Mixed municipal waste,Not sure,External waste-management agency,3,3,2,3,3,4,3,3,2,3,2,3,2,3,3,3,3,3,4,3,4,4,4,4,3,4,3,3,2,2,3,4,3,4,4,3,3,3,2,4,3,3,2,3,3,4,3,3,4,3,3,4,2,3,4,5,5,5,4,5,5,5,3.0,2.67,2.83,3.83,2.83,3.5,3.0,3.0,3.17,4.75,3.09
R2189,Retail,Large: 250 employees or more,6-10 years,250 or more,Urban area,Plastic waste,Yes,Facility management team,3,4,4,3,3,3,5,4,5,4,5,5,4,3,3,4,4,4,3,5,4,3,2,2,4,5,5,4,5,4,3,3,3,3,3,4,4,3,4,4,3,4,4,3,4,5,4,5,5,4,4,5,4,5,4,3,2,3,3,3,3,2,3.33,4.67,3.67,3.17,4.5,3.17,3.67,4.17,4.5,2.88,3.87
R2190,Healthcare,Medium: 50-249 employees,3-5 years,100-249,Industrial area,Mixed municipal waste,Not sure,Environmental or sustainability department,4,2,3,3,4,4,4,3,5,4,3,4,2,4,4,4,4,3,2,3,2,2,2,3,3,3,2,3,2,3,4,3,4,4,3,3,4,4,3,4,4,3,3,5,5,5,3,4,4,4,4,4,2,4,1,2,4,2,2,2,2,1,3.33,3.83,3.5,2.33,2.67,3.5,3.67,4.17,3.67,2.0,3.41
R2191,Manufacturing,Medium: 50-249 employees,6-10 years,50-99,Industrial area,Mixed municipal waste,Yes,External waste-management agency,3,3,3,3,3,4,5,4,5,4,4,3,4,3,4,3,4,4,5,3,3,4,4,4,5,4,4,5,3,4,2,4,4,,2,5,4,5,5,2,5,4,4,4,3,2,3,3,2,3,4,3,2,4,3,3,3,3,3,3,4,4,3.17,4.17,3.67,3.83,4.17,3.4,4.17,3.17,3.0,3.25,3.64
R2192,Manufacturing,Small: 10-49 employees,3-5 years,10-49,Urban area,Plastic waste,No,External waste-management agency,2,3,3,3,3,3,3,3,2,3,3,3,3,3,3,3,4,5,2,2,2,2,3,3,5,4,4,3,3,4,4,3,3,4,4,4,3,2,4,4,3,4,2,4,4,3,2,3,4,4,3,4,2,2,4,4,3,2,3,3,4,3,2.83,2.83,3.5,2.33,3.83,3.67,3.33,3.0,3.17,3.25,3.17
R2193,Information Technology,Micro: Fewer than 10 employees,3-5 years,Fewer than 10,Commercial area,Paper and cardboard,No,External waste-management agency,4,3,4,3,2,4,2,3,3,3,2,4,3,3,3,4,3,4,3,3,3,4,4,3,3,4,2,2,3,2,4,3,2,4,2,3,4,3,4,3,3,4,2,2,3,2,3,2,3,5,4,4,4,4,3,5,3,3,3,4,3,4,3.33,2.83,3.33,3.33,2.67,3.0,3.5,2.33,4.0,3.5,3.15
R2194,Healthcare,Large: 250 employees or more,Less than 3 years,250 or more,Commercial area,Food or organic waste,Not sure,Operations department,4,4,3,3,4,4,3,4,4,3,3,4,4,5,3,4,4,4,3,4,3,4,4,2,3,3,3,3,2,3,3,3,4,2,4,4,4,4,4,3,3,4,4,3,2,3,3,3,3,4,3,4,4,3,5,5,4,5,5,5,4,4,3.67,3.5,4.0,3.33,2.83,3.33,3.67,3.0,3.5,4.62,3.43
R2195,Information Technology,Micro: Fewer than 10 employees,Less than 3 years,Fewer than 10,Commercial area,Paper and cardboard,Under development,Operations department,3,3,3,4,4,4,4,5,5,4,3,4,4,3,3,3,4,3,2,3,3,2,2,4,4,3,3,4,4,2,4,4,4,4,3,3,3,3,,3,4,4,4,4,4,3,4,5,3,3,2,2,2,3,3,3,3,3,4,3,4,3,3.5,4.17,3.33,2.67,3.33,3.67,3.4,4.0,2.5,3.25,3.4
R2196,Healthcare,Micro: Fewer than 10 employees,Less than 3 years,Fewer than 10,Urban area,Mixed municipal waste,No,External waste-management agency,2,3,2,2,3,3,3,3,3,4,3,3,2,2,1,2,2,3,3,3,3,2,3,2,3,2,2,3,1,3,2,3,3,3,3,2,3,4,2,3,3,2,2,3,3,3,2,2,2,4,2,3,2,4,4,5,3,2,4,4,4,4,2.5,3.17,2.0,2.67,2.33,2.67,2.83,2.5,2.83,3.75,2.61
R2197,Healthcare,Small: 10-49 employees,Less than 3 years,10-49,Urban area,Mixed municipal waste,Yes,Operations department,3,3,3,3,2,4,4,4,4,3,4,4,4,4,3,3,3,2,3,3,3,2,3,3,2,3,4,3,3,4,4,5,4,3,5,4,3,3,3,4,2,3,4,2,4,4,3,3,4,3,5,4,3,4,5,4,2,5,4,3,4,3,3.0,3.83,3.17,2.83,3.17,4.17,3.0,3.33,3.83,3.75,3.37
R2198,Information Technology,Medium: 50-249 employees,3-5 years,50-99,Urban area,Plastic waste,Not sure,Environmental or sustainability department,2,2,3,3,3,3,3,3,4,3,4,4,3,4,3,3,3,3,4,5,4,4,4,4,3,4,4,3,3,4,4,4,4,4,5,3,3,4,,4,4,4,5,5,4,4,4,5,4,3,4,4,3,4,3,3,5,3,3,3,4,2,2.67,3.5,3.17,4.17,3.5,4.0,3.8,4.5,3.67,3.25,3.66
R2199,Retail,Micro: Fewer than 10 employees,11-20 years,Fewer than 10,Industrial area,Plastic waste,Under development,Operations department,4,4,3,2,4,3,4,3,5,3,3,5,3,3,4,3,4,3,3,3,2,4,2,3,3,4,4,3,3,3,4,5,4,5,4,4,3,3,3,4,3,4,4,3,3,3,3,3,4,4,5,5,4,,2,2,3,2,4,3,3,2,3.33,3.83,3.33,2.83,3.33,4.33,3.33,3.17,4.4,2.62,3.54
R2200,Information Technology,Medium: 50-249 employees,11-20 years,100-249,Commercial area,Mixed municipal waste,Not sure,Facility management team,4,3,4,4,3,3,3,2,3,3,4,2,3,4,3,3,3,4,4,3,4,3,3,4,3,4,3,3,4,4,3,3,3,3,4,2,4,4,3,2,3,2,3,3,3,4,5,3,3,3,,4,4,4,4,3,3,4,4,3,2,3,3.5,2.83,3.33,3.5,3.5,3.0,3.0,3.5,3.6,3.25,3.31
R2201,Retail,Micro: Fewer than 10 employees,Less than 3 years,Fewer than 10,Commercial area,Paper and cardboard,Under development,External waste-management agency,2,2,2,3,3,3,2,2,3,3,3,3,4,2,4,3,4,2,3,,2,3,3,2,3,2,3,2,3,3,4,2,2,4,3,3,3,3,3,4,4,3,3,4,3,2,4,3,3,3,3,2,4,3,5,3,3,2,4,2,4,4,2.5,2.67,3.17,2.6,2.67,3.0,3.33,3.17,3.0,3.38,2.9
R2202,Retail,Large: 250 employees or more,6-10 years,100-249,Commercial area,Mixed municipal waste,Not sure,Operations department,3,3,4,3,3,4,4,3,2,3,4,4,4,4,3,5,4,5,4,4,4,4,3,4,4,4,3,2,3,4,3,4,4,4,3,4,3,3,2,3,3,3,4,3,3,4,4,4,4,4,4,3,4,3,3,3,2,5,3,3,4,4,3.33,3.33,4.17,3.83,3.33,3.67,2.83,3.67,3.67,3.38,3.54
R2203,Information Technology,Small: 10-49 employees,Less than 3 years,10-49,Commercial area,Mixed municipal waste,Not sure,Operations department,3,3,3,3,3,3,4,4,2,3,3,3,3,4,4,4,4,4,2,4,3,3,3,2,3,3,4,4,4,3,2,2,4,4,3,3,5,4,3,3,4,5,2,1,4,3,3,4,4,2,3,3,4,3,3,2,2,3,3,3,1,3,3.0,3.17,3.83,2.83,3.5,3.0,4.0,2.83,3.17,2.5,3.26
R2204,Manufacturing,Medium: 50-249 employees,3-5 years,100-249,Industrial area,Plastic waste,Yes,Facility management team,4,4,3,4,4,4,3,3,2,3,2,4,3,4,4,4,3,5,5,4,5,4,4,5,2,2,3,3,3,4,5,4,3,4,4,3,4,4,3,4,5,3,4,3,4,4,4,4,4,5,5,5,5,4,3,3,3,3,3,3,3,3,3.83,2.83,3.83,4.5,2.83,3.83,3.83,3.83,4.67,3.0,3.78
R2205,Manufacturing,Large: 250 employees or more,3-5 years,250 or more,Industrial area,Mixed municipal waste,Yes,Environmental or sustainability department,2,3,3,3,2,3,3,3,3,3,3,2,4,4,4,3,4,4,4,4,4,4,4,5,5,3,4,4,4,5,4,5,4,3,2,4,3,4,4,3,3,3,3,3,5,3,4,4,5,3,4,4,4,3,4,3,3,2,3,3,3,3,2.67,2.83,3.83,4.17,4.17,3.67,3.33,3.67,3.83,3.0,3.57
R2206,Manufacturing,Small: 10-49 employees,3-5 years,10-49,Urban area,Paper and cardboard,Yes,Facility management team,4,3,3,4,3,4,3,4,4,3,3,4,5,4,4,5,4,4,3,4,3,3,3,3,3,3,2,3,3,3,2,4,3,4,4,3,3,3,3,4,3,4,4,4,5,4,4,4,4,3,3,5,5,5,2,4,4,3,4,4,4,5,3.5,3.5,4.33,3.17,2.83,3.33,3.33,4.17,4.17,3.75,3.59
R2207,Retail,Large: 250 employees or more,3-5 years,250 or more,Urban area,Mixed municipal waste,Not sure,Facility management team,3,3,4,3,4,4,3,2,4,4,3,3,2,2,3,2,3,3,2,2,2,2,3,2,3,4,3,4,3,3,3,3,2,3,3,3,4,3,,4,3,3,4,3,4,3,4,3,3,3,3,2,3,4,3,3,3,4,2,3,3,3,3.5,3.17,2.5,2.17,3.33,2.83,3.4,3.5,3.0,3.0,3.04
R2208,Healthcare,Medium: 50-249 employees,6-10 years,100-249,Industrial area,Plastic waste,Under development,Environmental or sustainability department,4,4,5,4,4,4,4,4,5,4,4,4,3,3,4,4,5,4,3,4,3,4,4,4,3,4,3,4,4,5,4,4,4,4,4,3,4,3,3,3,4,4,3,3,5,3,3,3,3,3,2,3,2,3,4,3,3,3,3,2,3,3,4.17,4.17,3.83,3.67,3.83,3.83,3.5,3.33,2.67,3.0,3.67
R2209,Manufacturing,Large: 250 employees or more,11-20 years,100-249,Urban area,Paper and cardboard,No,Facility management team,2,4,3,2,3,3,5,5,4,5,4,4,4,3,4,3,4,3,2,2,,3,3,2,3,3,3,3,3,4,3,3,4,4,4,4,3,5,3,5,4,5,5,5,3,2,2,2,3,3,3,4,4,2,,2,2,4,3,3,3,4,2.83,4.5,3.5,2.4,3.17,3.67,4.17,3.17,3.17,3.0,3.4
R2210,Manufacturing,Small: 10-49 employees,3-5 years,10-49,Industrial area,Plastic waste,No,External waste-management agency,3,4,4,3,4,4,3,4,4,3,3,4,2,3,3,2,4,4,2,4,4,3,2,2,3,5,5,4,4,3,3,2,2,3,3,3,3,2,3,2,2,1,4,3,4,3,3,3,2,3,3,1,2,2,3,3,2,3,3,3,4,2,3.67,3.5,3.0,2.83,4.0,2.67,2.17,3.33,2.17,2.88,3.04
R2211,Retail,Large: 250 employees or more,6-10 years,250 or more,Urban area,Food or organic waste,Under development,Facility management team,4,4,4,5,4,4,2,4,,3,4,3,4,3,4,5,4,4,4,4,5,3,4,4,3,3,3,2,2,4,4,3,4,5,4,4,5,5,5,3,4,5,4,3,5,4,4,4,4,5,4,3,5,4,2,3,2,3,3,2,2,2,4.17,3.2,4.0,4.0,2.83,4.0,4.5,4.0,4.17,2.38,3.87
R2212,Manufacturing,Medium: 50-249 employees,3-5 years,10-49,Urban area,Paper and cardboard,Not sure,Operations department,3,4,4,3,4,3,4,4,3,3,4,5,2,3,3,4,3,4,4,4,3,3,5,,5,5,3,4,5,5,4,4,4,4,5,5,4,4,4,3,4,5,4,3,3,3,4,3,4,4,3,4,5,4,3,3,1,3,2,3,3,4,3.5,3.83,3.17,3.8,4.5,4.33,4.0,3.33,4.0,2.75,3.83
R2213,Manufacturing,Small: 10-49 employees,3-5 years,10-49,Industrial area,Paper and cardboard,Yes,Facility management team,4,4,4,3,4,4,3,3,3,3,3,3,4,4,4,3,4,4,4,3,5,3,4,3,5,3,4,4,4,4,4,4,4,4,4,3,3,4,3,3,3,4,4,4,3,3,3,3,2,2,3,4,3,2,3,3,2,2,2,2,2,3,3.83,3.0,3.83,3.67,4.0,3.83,3.33,3.33,2.67,2.38,3.5
R2214,Manufacturing,Medium: 50-249 employees,3-5 years,50-99,Industrial area,Mixed municipal waste,Under development,Operations department,2,2,4,3,4,4,4,4,4,4,4,4,4,4,4,5,,4,4,5,4,4,4,5,4,3,5,3,4,2,5,3,4,4,3,4,3,3,4,3,5,4,3,4,3,4,5,4,3,4,3,2,4,4,2,2,1,3,3,2,2,3,3.17,4.0,4.2,4.33,3.5,3.83,3.67,3.83,3.33,2.25,3.76
R2215,Information Technology,Small: 10-49 employees,6-10 years,10-49,Commercial area,Paper and cardboard,No,External waste-management agency,3,2,3,3,3,3,4,5,5,3,4,4,3,3,3,3,3,3,2,3,3,3,3,3,4,3,2,4,4,4,3,3,3,2,2,4,5,3,2,3,3,3,3,3,5,3,3,3,3,3,3,4,4,4,3,2,1,3,2,1,1,2,2.83,4.17,3.0,2.83,3.5,2.83,3.17,3.33,3.5,1.88,3.24
R2216,Information Technology,Small: 10-49 employees,3-5 years,10-49,Urban area,Mixed municipal waste,Not sure,Operations department,4,4,4,3,3,4,2,3,3,4,4,3,4,3,4,4,3,3,3,4,4,4,5,5,2,3,3,3,4,3,3,4,3,4,5,4,4,4,4,3,4,3,4,4,3,4,3,2,3,3,4,2,4,3,4,4,4,3,4,3,3,3,3.67,3.17,3.5,4.17,3.0,3.83,3.67,3.33,3.17,3.5,3.5
R2217,Manufacturing,Medium: 50-249 employees,Less than 3 years,50-99,Industrial area,Paper and cardboard,Yes,Facility management team,5,4,3,4,4,4,4,4,3,5,4,3,4,4,4,3,4,4,3,3,3,4,4,3,4,2,3,3,3,4,4,3,3,3,4,3,4,4,3,4,3,4,4,3,4,2,3,4,4,4,4,3,4,5,3,2,4,3,3,3,3,2,4.0,3.83,3.83,3.33,3.17,3.33,3.67,3.33,4.0,2.88,3.61
R2218,Manufacturing,Large: 250 employees or more,3-5 years,100-249,Industrial area,Food or organic waste,Not sure,Environmental or sustainability department,3,3,3,2,4,3,3,3,3,3,3,3,4,4,4,4,4,3,4,4,3,4,3,3,4,3,3,2,3,3,4,4,5,4,4,4,2,,3,2,2,2,3,4,3,4,4,3,3,3,3,4,4,2,3,3,,2,3,3,3,1,3.0,3.0,3.83,3.5,3.0,4.17,2.2,3.5,3.17,2.57,3.26
R2219,Manufacturing,Micro: Fewer than 10 employees,Less than 3 years,Fewer than 10,Semi-urban area,Paper and cardboard,Not sure,External waste-management agency,4,5,5,4,5,4,3,3,3,2,3,3,3,4,3,3,3,3,2,3,3,3,5,3,3,3,2,3,2,1,2,3,4,3,2,3,3,3,3,3,3,4,4,2,4,3,3,4,3,3,3,2,2,3,2,3,3,3,2,3,3,3,4.5,2.83,3.17,3.17,2.33,2.83,3.17,3.33,2.67,2.75,3.11
R2220,Retail,Micro: Fewer than 10 employees,6-10 years,Fewer than 10,Commercial area,Mixed municipal waste,No,Operations department,2,2,3,4,2,3,3,3,3,3,3,3,3,3,4,2,2,3,3,2,4,2,3,4,3,3,2,3,2,,3,3,3,4,2,3,3,4,2,3,3,4,2,4,4,3,3,3,3,2,3,3,2,3,3,4,3,1,3,3,3,4,2.67,3.0,2.83,3.0,2.6,3.0,3.17,3.17,2.67,3.0,2.9
R2221,Retail,Micro: Fewer than 10 employees,3-5 years,Fewer than 10,Urban area,Paper and cardboard,Under development,Operations department,3,3,3,3,3,3,3,3,3,3,3,3,3,3,3,3,3,3,3,3,3,3,3,3,3,3,3,3,3,3,3,3,3,3,3,3,3,3,3,3,3,3,3,3,3,3,3,3,3,3,3,3,3,3,3,3,3,3,3,3,3,3,3.0,3.0,3.0,3.0,3.0,3.0,3.0,3.0,3.0,3.0,3.0
R2222,Hospitality/Services,Large: 250 employees or more,6-10 years,100-249,Urban area,Mixed municipal waste,Not sure,Operations department,4,3,4,3,3,4,3,4,3,3,3,4,3,3,3,3,4,3,3,2,2,4,4,3,3,3,4,2,3,2,2,4,3,1,3,3,2,2,3,2,3,2,4,4,3,5,3,3,4,3,2,2,4,3,2,,2,3,2,3,3,5,3.5,3.33,3.17,3.0,2.83,2.67,2.33,3.67,3.0,2.86,3.06
R2223,Information Technology,Medium: 50-249 employees,11-20 years,100-249,Urban area,Paper and cardboard,Not sure,External waste-management agency,3,2,3,2,3,2,3,3,3,3,2,3,5,3,4,4,3,4,3,3,4,4,4,4,4,3,4,3,3,5,3,4,3,4,4,3,2,3,2,2,2,3,5,4,3,4,4,3,3,2,3,2,3,3,2,3,1,2,2,3,2,2,2.5,2.83,3.83,3.67,3.67,3.5,2.33,3.83,2.67,2.12,3.2
R2224,Retail,Small: 10-49 employees,Less than 3 years,10-49,Semi-urban area,Paper and cardboard,No,External waste-management agency,3,3,3,,3,4,4,3,5,3,3,4,2,2,3,2,2,3,3,3,2,3,4,2,3,4,3,2,3,2,5,4,5,3,4,4,3,2,3,3,1,4,,2,3,4,2,3,3,2,2,3,3,3,1,3,3,3,2,3,4,3,3.2,3.67,2.33,2.83,2.83,4.17,2.67,2.8,2.67,2.75,3.02
R2225,Manufacturing,Micro: Fewer than 10 employees,3-5 years,Fewer than 10,Industrial area,Paper and cardboard,No,Operations department,3,2,2,3,3,3,4,4,3,4,3,4,3,3,3,3,3,2,3,2,2,2,1,2,4,3,3,2,3,3,3,3,,3,3,5,3,4,4,4,3,4,4,3,3,4,4,4,3,2,4,2,4,3,3,2,3,4,3,3,3,1,2.67,3.67,2.83,2.0,3.0,3.4,3.67,3.67,3.0,2.75,3.1
R2226,Healthcare,Medium: 50-249 employees,6-10 years,50-99,Urban area,Plastic waste,Under development,Operations department,3,2,4,3,3,3,4,3,3,4,2,2,4,4,4,5,4,3,5,3,3,5,4,4,2,4,4,4,,5,4,5,3,2,4,4,1,2,2,4,3,2,5,3,4,4,4,4,3,3,4,5,4,4,4,4,3,4,5,3,4,2,3.0,3.0,4.0,4.0,3.8,3.67,2.33,4.0,3.83,3.62,3.51
R2227,Hospitality/Services,Medium: 50-249 employees,6-10 years,10-49,Urban area,Food or organic waste,Under development,Operations department,4,3,,4,3,3,,2,2,4,2,3,4,4,5,4,5,4,3,4,4,4,3,5,3,4,5,5,5,3,3,4,4,4,4,3,2,3,2,3,3,3,3,3,3,2,2,3,4,4,4,3,5,4,4,3,2,2,4,4,3,4,3.4,2.6,4.33,3.83,4.17,3.67,2.67,2.67,4.0,3.25,3.48
R2228,Manufacturing,Medium: 50-249 employees,6-10 years,50-99,Industrial area,Plastic waste,Not sure,Facility management team,4,,4,4,4,3,4,4,4,4,4,3,4,4,4,4,4,4,4,4,4,5,3,4,5,4,4,5,4,4,4,4,5,5,,4,4,4,4,4,3,4,3,3,3,3,3,3,3,4,4,4,3,4,3,2,2,3,3,1,4,3,3.8,3.83,4.0,4.0,4.33,4.4,3.83,3.0,3.67,2.62,3.87
R2229,Information Technology,Large: 250 employees or more,6-10 years,250 or more,Urban area,Paper and cardboard,Yes,Facility management team,3,4,5,5,4,4,3,5,4,3,5,5,5,4,3,4,4,3,5,5,5,5,5,5,4,3,4,4,3,3,5,5,4,5,5,5,4,5,5,5,5,5,5,4,5,4,5,4,5,5,4,5,4,4,1,2,2,2,2,1,2,2,4.17,4.17,3.83,5.0,3.5,4.83,4.83,4.5,4.5,1.75,4.37
R2230,Manufacturing,Large: 250 employees or more,6-10 years,100-249,Semi-urban area,Mixed municipal waste,Under development,Facility management team,4,2,2,3,3,3,4,5,4,5,5,5,4,3,3,3,4,3,5,4,4,3,,5,4,3,3,4,3,3,3,3,4,4,4,3,2,4,4,3,4,3,3,4,4,4,5,4,4,3,4,3,4,3,3,2,3,2,2,1,3,2,2.83,4.67,3.33,4.2,3.33,3.5,3.33,4.0,3.5,2.25,3.63
R2231,Information Technology,Small: 10-49 employees,3-5 years,10-49,Industrial area,Paper and cardboard,Not sure,Environmental or sustainability department,3,3,2,3,1,3,4,5,5,4,5,5,3,3,3,2,3,4,4,5,4,2,4,4,3,4,3,4,3,3,4,4,5,4,5,4,3,,3,4,5,4,4,4,4,2,4,4,3,4,4,4,4,3,2,2,2,2,3,2,2,3,2.5,4.67,3.0,3.83,3.33,4.33,3.8,3.67,3.67,2.25,3.64
R2232,Manufacturing,Micro: Fewer than 10 employees,3-5 years,Fewer than 10,Industrial area,Plastic waste,No,Operations department,3,,3,4,3,2,4,2,4,4,4,4,3,4,4,3,3,3,4,3,3,4,4,4,2,4,3,3,4,5,1,3,,3,3,4,4,4,2,3,4,3,2,4,2,2,2,2,2,3,2,2,3,3,3,4,3,3,3,4,3,1,3.0,3.67,3.33,3.67,3.5,2.8,3.33,2.33,2.5,3.0,3.13
R2233,Healthcare,Micro: Fewer than 10 employees,6-10 years,Fewer than 10,Urban area,Paper and cardboard,Under development,External waste-management agency,4,4,3,4,4,5,3,2,2,4,2,3,3,4,3,3,4,,3,4,3,3,2,3,4,4,5,4,,3,2,2,2,3,2,3,3,3,3,4,3,3,3,2,3,3,3,2,3,2,4,3,4,3,2,2,3,4,3,3,3,1,4.0,2.67,3.4,3.0,4.0,2.33,3.17,2.67,3.17,2.62,3.16
R2234,Manufacturing,Large: 250 employees or more,11-20 years,250 or more,Semi-urban area,Plastic waste,Yes,Environmental or sustainability department,4,5,5,4,5,5,4,4,5,4,4,3,3,4,4,4,2,4,5,3,4,3,3,5,4,4,4,3,3,4,4,4,5,5,4,5,4,5,5,5,5,4,5,5,5,5,4,5,4,5,4,4,4,5,2,3,2,3,2,2,2,2,4.67,4.0,3.5,3.83,3.67,4.5,4.67,4.83,4.33,2.25,4.22
R2235,Healthcare,Medium: 50-249 employees,3-5 years,100-249,Urban area,Food or organic waste,Not sure,External waste-management agency,3,3,3,3,3,4,3,3,3,3,4,2,2,3,2,5,2,3,2,3,2,3,2,1,4,4,4,4,4,2,3,2,3,4,3,3,2,4,2,2,2,3,4,2,3,4,2,3,3,3,3,4,,3,3,3,3,4,4,3,3,3,3.17,3.0,2.83,2.17,3.67,3.0,2.5,3.0,3.2,3.25,2.95
R2236,Healthcare,Micro: Fewer than 10 employees,3-5 years,Fewer than 10,Semi-urban area,Food or organic waste,No,External waste-management agency,3,2,3,4,3,3,3,3,4,5,2,4,4,5,3,3,4,4,2,1,2,2,2,2,1,2,2,3,3,2,2,3,2,2,2,3,3,3,3,3,4,3,3,2,4,4,3,3,2,2,2,3,2,,2,2,3,2,1,2,2,3,3.0,3.5,3.83,1.83,2.17,2.33,3.17,3.17,2.2,2.12,2.8
R2237,Healthcare,Medium: 50-249 employees,6-10 years,100-249,Urban area,Mixed municipal waste,Not sure,Environmental or sustainability department,3,4,4,3,4,4,3,3,2,2,3,3,3,4,3,4,3,3,4,4,4,3,3,4,4,4,3,3,3,4,3,4,4,3,3,2,5,4,4,4,5,4,4,4,3,3,5,3,3,3,3,2,3,4,3,3,3,3,3,4,3,5,3.67,2.67,3.33,3.67,3.5,3.17,4.33,3.67,3.0,3.38,3.45
R2238,Healthcare,Micro: Fewer than 10 employees,11-20 years,Fewer than 10,Urban area,Paper and cardboard,Not sure,Operations department,4,5,5,5,5,5,3,2,3,3,3,3,3,2,3,3,,3,3,3,3,3,4,2,4,4,4,3,3,4,4,4,5,4,4,4,3,3,3,3,2,3,3,4,4,4,3,3,3,4,3,3,2,3,4,3,2,2,3,2,2,3,4.83,2.83,2.8,3.0,3.67,4.17,2.83,3.5,3.0,2.62,3.4
R2239,Manufacturing,Medium: 50-249 employees,3-5 years,10-49,Commercial area,Plastic waste,No,External waste-management agency,4,4,4,3,4,3,4,4,4,3,3,4,4,4,3,4,4,4,2,3,3,2,2,2,3,3,3,3,3,4,4,4,4,3,2,4,4,2,3,3,3,3,4,3,3,3,3,3,3,4,4,3,5,4,3,,2,3,3,3,2,4,3.67,3.67,3.83,2.33,3.17,3.5,3.0,3.17,3.83,2.86,3.35
R2240,Information Technology,Small: 10-49 employees,6-10 years,10-49,Semi-urban area,Mixed municipal waste,Not sure,Operations department,3,3,3,4,3,4,2,3,3,3,3,4,4,4,3,3,3,3,3,2,3,4,3,3,3,3,4,3,3,3,2,1,3,3,4,2,3,3,3,3,4,3,2,3,3,2,3,2,3,4,2,3,4,4,2,2,4,3,2,3,3,2,3.33,3.0,3.33,3.0,3.17,2.5,3.17,2.5,3.33,2.62,3.04
R2241,Manufacturing,Medium: 50-249 employees,11-20 years,10-49,Industrial area,Plastic waste,Under development,Operations department,5,4,4,4,4,4,4,3,4,4,5,4,3,4,3,3,4,3,4,5,4,5,4,5,4,5,5,5,4,5,3,3,3,4,4,5,4,3,4,3,4,3,3,2,3,3,2,2,5,4,5,4,4,3,5,3,3,2,3,3,4,3,4.17,4.0,3.33,4.5,4.67,3.67,3.5,2.5,4.17,3.25,3.83
R2242,Healthcare,Medium: 50-249 employees,Less than 3 years,50-99,Commercial area,Mixed municipal waste,No,Operations department,3,3,3,2,,2,2,3,2,2,2,2,4,2,3,3,3,3,2,2,2,2,3,3,4,3,3,4,4,4,5,3,3,3,2,3,4,2,2,3,4,3,4,3,3,4,5,3,2,3,3,3,3,3,4,3,2,2,3,3,2,2,2.6,2.17,3.0,2.33,3.67,3.17,3.0,3.67,2.83,2.62,2.94
R2243,Manufacturing,Micro: Fewer than 10 employees,Less than 3 years,Fewer than 10,Industrial area,Food or organic waste,No,External waste-management agency,3,3,2,3,2,2,4,4,3,3,4,4,2,1,2,2,2,2,3,3,2,4,3,3,3,4,3,3,4,,2,2,3,3,2,3,2,3,2,4,3,3,2,2,4,4,3,4,4,4,3,4,4,4,4,5,5,4,4,4,5,4,2.5,3.67,1.83,3.0,3.4,2.5,2.83,3.17,3.83,4.38,2.97
R2244,Retail,Medium: 50-249 employees,11-20 years,10-49,Semi-urban area,Paper and cardboard,Under development,Facility management team,3,4,4,4,3,4,4,4,4,3,5,3,4,4,3,4,4,3,3,2,3,2,3,3,3,3,3,3,4,4,4,3,3,3,3,2,4,4,4,4,3,4,4,3,3,4,3,4,5,4,4,4,5,5,4,2,3,3,3,4,3,2,3.67,3.83,3.67,2.67,3.33,3.0,3.83,3.5,4.5,3.0,3.56
R2245,Retail,Medium: 50-249 employees,6-10 years,50-99,Urban area,Mixed municipal waste,Yes,External waste-management agency,4,4,3,4,5,4,4,3,5,4,4,3,4,4,5,4,5,5,4,3,5,3,4,3,3,4,3,1,2,2,4,3,3,4,4,4,4,4,4,3,4,3,3,3,3,4,4,4,3,4,2,4,4,4,2,2,2,2,3,4,2,2,4.0,3.83,4.5,3.67,2.5,3.67,3.67,3.5,3.5,2.38,3.65
R2246,Hospitality/Services,Medium: 50-249 employees,Less than 3 years,50-99,Urban area,Mixed municipal waste,No,Operations department,3,3,3,,2,3,2,4,3,3,4,3,3,4,4,4,4,3,4,3,4,3,4,3,3,2,3,3,2,4,3,4,3,3,3,4,4,4,3,3,3,3,1,3,2,4,1,2,4,4,4,3,3,3,3,3,2,1,2,3,3,3,2.8,3.17,3.67,3.5,2.83,3.33,3.33,2.17,3.5,2.5,3.14
R2247,Healthcare,Medium: 50-249 employees,3-5 years,100-249,Commercial area,Mixed municipal waste,No,External waste-management agency,2,2,2,2,3,4,3,3,3,3,3,3,3,3,3,4,2,2,3,4,3,1,2,1,2,3,3,3,4,3,2,1,2,2,2,2,2,2,4,2,2,3,3,3,3,3,3,1,3,4,2,3,4,2,3,3,3,4,3,3,3,3,2.5,3.0,2.83,2.33,3.0,1.83,2.5,2.67,3.0,3.12,2.63
R2248,Manufacturing,Medium: 50-249 employees,11-20 years,100-249,Commercial area,Plastic waste,Under development,External waste-management agency,3,3,3,3,3,3,3,4,3,3,3,3,3,5,3,3,2,3,2,2,4,2,2,4,3,3,3,2,2,3,3,2,2,3,4,3,3,3,4,4,3,4,2,2,3,2,3,3,2,4,4,2,3,4,4,4,3,3,2,4,3,3,3.0,3.17,3.17,2.67,2.67,2.83,3.5,2.5,3.17,3.25,2.96
R2249,Information Technology,Medium: 50-249 employees,Less than 3 years,100-249,Semi-urban area,Plastic waste,Not sure,Environmental or sustainability department,3,2,3,2,2,3,3,3,3,4,5,3,4,4,3,4,4,4,4,2,3,3,3,3,3,2,3,4,2,3,3,2,3,2,3,3,3,4,4,3,4,3,3,3,2,3,3,3,4,3,3,3,3,3,3,3,1,2,3,2,2,3,2.5,3.5,3.83,3.0,2.83,2.67,3.5,2.83,3.17,2.38,3.09
R2250,Manufacturing,Medium: 50-249 employees,11-20 years,100-249,Industrial area,Paper and cardboard,Under development,Environmental or sustainability department,4,5,3,3,2,3,4,4,5,4,4,4,4,5,5,3,4,5,5,4,5,4,4,3,5,4,4,4,4,5,4,4,4,4,4,4,,4,3,3,4,4,3,3,4,4,4,3,,5,4,5,3,4,2,2,1,2,3,2,2,3,3.33,4.17,4.33,4.17,4.33,4.0,3.6,3.5,4.2,2.12,3.96
R2251,Manufacturing,Micro: Fewer than 10 employees,Less than 3 years,Fewer than 10,Industrial area,Plastic waste,Not sure,Facility management team,2,4,3,4,3,3,3,3,3,3,3,2,4,3,3,2,3,2,2,3,3,3,3,4,4,4,3,4,4,4,3,2,3,2,3,3,4,4,3,2,5,3,3,1,2,2,3,4,3,3,3,3,4,3,4,3,3,4,3,2,3,2,3.17,2.83,2.83,3.0,3.83,2.67,3.5,2.5,3.17,3.0,3.06
R2252,Retail,Medium: 50-249 employees,3-5 years,50-99,Commercial area,Paper and cardboard,No,Facility management team,3,1,3,3,3,3,3,3,2,3,3,3,2,3,3,2,1,3,4,4,3,4,4,2,1,3,3,3,3,3,2,4,2,3,3,3,3,3,,3,4,3,3,3,4,3,4,3,3,2,3,3,3,3,4,2,3,5,3,2,2,2,2.67,2.83,2.33,3.5,2.67,2.83,3.2,3.33,2.83,2.88,2.91
R2253,Information Technology,Medium: 50-249 employees,11-20 years,10-49,Commercial area,Plastic waste,Under development,Operations department,5,4,5,4,4,5,3,4,5,3,3,2,4,4,3,3,3,5,4,4,3,3,3,3,5,3,3,4,3,3,4,3,4,3,3,4,4,4,4,4,4,4,4,5,4,4,3,4,4,4,3,3,4,4,4,2,4,4,3,2,3,4,4.5,3.33,3.67,3.33,3.5,3.5,4.0,4.0,3.67,3.25,3.72
R2254,Hospitality/Services,Micro: Fewer than 10 employees,Less than 3 years,Fewer than 10,Urban area,Food or organic waste,No,External waste-management agency,2,,2,3,3,3,3,2,3,3,2,2,3,2,2,2,2,2,2,2,1,1,3,2,2,2,3,3,3,3,2,2,1,3,3,3,2,3,3,3,3,2,1,3,2,3,2,2,3,3,3,3,2,3,4,2,5,2,3,3,3,4,2.6,2.5,2.17,1.83,2.67,2.33,2.67,2.17,2.83,3.25,2.42
R2255,Hospitality/Services,Medium: 50-249 employees,11-20 years,50-99,Commercial area,Mixed municipal waste,Not sure,Facility management team,3,4,4,2,4,4,4,3,4,4,4,3,3,2,3,3,3,3,3,3,2,4,4,3,3,5,4,4,4,4,4,4,4,4,3,3,4,5,5,5,5,4,3,5,4,4,5,4,2,2,4,3,2,3,3,4,4,3,2,2,3,2,3.5,3.67,2.83,3.17,4.0,3.67,4.67,4.17,2.67,2.88,3.59
R2256,Manufacturing,Micro: Fewer than 10 employees,3-5 years,Fewer than 10,Industrial area,Food or organic waste,No,External waste-management agency,3,2,3,2,4,4,5,3,4,3,4,4,2,3,2,2,3,4,2,2,2,2,3,3,4,2,3,3,2,2,4,4,3,5,4,4,4,2,2,2,2,3,3,4,3,2,2,3,3,3,2,2,3,3,3,1,3,3,3,3,3,2,3.0,3.83,2.67,2.33,2.67,4.0,2.5,2.83,2.67,2.62,2.94
R2257,Manufacturing,Small: 10-49 employees,Less than 3 years,Fewer than 10,Urban area,Mixed municipal waste,No,Facility management team,1,3,3,3,4,3,5,3,4,4,5,4,4,5,5,3,4,4,3,4,3,4,3,3,4,2,4,4,5,5,4,3,3,4,3,3,2,3,4,,3,4,5,5,4,4,4,4,4,3,4,4,4,4,4,3,3,2,3,2,3,2,2.83,4.17,4.17,3.33,4.0,3.33,3.2,4.33,3.83,2.75,3.69
R2258,Information Technology,Large: 250 employees or more,6-10 years,250 or more,Commercial area,Mixed municipal waste,Under development,External waste-management agency,3,3,2,3,3,4,5,5,3,5,4,3,5,5,5,5,5,5,3,4,4,4,3,3,3,4,3,3,3,4,2,2,2,2,2,2,3,4,4,4,3,3,2,3,3,3,4,3,3,,3,3,3,4,3,2,2,3,2,3,3,4,3.0,4.17,5.0,3.5,3.33,2.0,3.5,3.0,3.2,2.75,3.41
R2259,Manufacturing,Large: 250 employees or more,11-20 years,250 or more,Commercial area,Plastic waste,Yes,Facility management team,5,4,4,3,3,5,4,4,4,3,3,2,4,4,5,4,5,4,3,4,3,4,3,3,2,4,2,3,2,3,3,3,4,4,4,4,4,5,5,5,4,4,3,4,4,4,5,3,4,3,4,4,3,4,3,3,1,,2,3,1,1,4.0,3.33,4.33,3.33,2.67,3.67,4.5,3.83,3.67,2.0,3.7
R2260,Healthcare,Large: 250 employees or more,11-20 years,250 or more,Semi-urban area,Paper and cardboard,Yes,Environmental or sustainability department,2,3,3,4,2,3,3,4,4,3,4,3,4,3,4,4,3,4,3,4,4,3,4,3,4,4,3,4,4,4,3,5,5,3,3,3,3,4,2,4,3,3,4,4,4,5,4,4,4,4,4,4,5,3,2,4,3,4,5,4,4,4,2.83,3.5,3.67,3.5,3.83,3.67,3.17,4.17,4.0,3.75,3.59
R2261,Hospitality/Services,Micro: Fewer than 10 employees,Less than 3 years,Fewer than 10,Urban area,Plastic waste,No,External waste-management agency,3,2,3,3,2,4,2,3,1,3,2,2,,3,3,2,3,3,2,1,1,1,2,1,3,3,3,2,3,4,2,3,2,2,2,2,3,2,4,4,3,2,3,4,4,3,2,3,2,2,2,2,2,2,3,5,2,4,3,4,4,3,2.83,2.17,2.8,1.33,3.0,2.17,3.0,3.17,2.0,3.5,2.5
R2262,Manufacturing,Small: 10-49 employees,Less than 3 years,50-99,Industrial area,Food or organic waste,Under development,External waste-management agency,3,3,2,2,2,4,3,4,3,4,3,3,3,3,4,4,3,4,3,4,3,3,5,4,3,4,4,2,4,3,3,,3,3,2,2,2,3,3,3,3,1,5,3,4,3,5,4,3,3,3,3,2,4,4,4,3,3,4,3,4,2,2.67,3.33,3.5,3.67,3.33,2.6,2.5,4.0,3.0,3.38,3.18
R2263,Retail,Micro: Fewer than 10 employees,3-5 years,Fewer than 10,Urban area,Mixed municipal waste,Under development,Operations department,3,4,4,4,4,4,5,4,4,5,4,5,4,3,4,4,4,4,5,4,5,3,5,3,4,4,4,4,5,3,4,3,3,4,3,3,4,4,3,4,3,3,4,4,3,5,4,4,4,3,5,4,4,5,3,3,3,2,3,3,1,3,3.83,4.5,3.83,4.17,4.0,3.33,3.5,4.0,4.17,2.62,3.93
R2264,Information Technology,Small: 10-49 employees,Less than 3 years,10-49,Urban area,Paper and cardboard,Not sure,Facility management team,4,4,4,4,5,4,4,4,4,4,3,3,3,3,3,3,3,3,4,3,4,4,3,3,1,2,3,3,3,2,4,3,4,5,2,3,4,5,3,3,3,3,3,3,4,4,4,5,3,3,4,2,4,3,2,4,3,3,4,4,3,3,4.17,3.67,3.0,3.5,2.33,3.5,3.5,3.83,3.17,3.25,3.41
R2265,Healthcare,Medium: 50-249 employees,11-20 years,100-249,Semi-urban area,Plastic waste,No,External waste-management agency,4,3,2,2,3,2,4,4,4,5,4,3,3,4,4,3,,4,4,3,3,4,4,3,3,5,3,4,3,3,3,4,3,4,3,4,4,4,3,2,4,4,5,5,5,5,3,,4,5,3,4,4,2,3,2,3,3,3,2,2,2,2.67,4.0,3.6,3.5,3.5,3.5,3.5,4.6,3.67,2.5,3.62
R2266,Hospitality/Services,Small: 10-49 employees,6-10 years,10-49,Urban area,Food or organic waste,Yes,External waste-management agency,3,3,3,3,3,3,3,3,3,3,3,3,3,3,3,3,3,3,3,3,3,3,3,3,3,3,3,3,3,3,3,3,3,3,3,3,3,3,3,3,3,3,3,3,3,3,3,3,3,3,3,3,3,3,3,3,3,3,3,3,3,3,3.0,3.0,3.0,3.0,3.0,3.0,3.0,3.0,3.0,3.0,3.0
R2267,Healthcare,Small: 10-49 employees,3-5 years,10-49,Commercial area,Food or organic waste,Not sure,External waste-management agency,2,2,4,4,4,3,3,3,3,4,4,3,,4,4,5,4,4,3,3,5,3,4,3,3,3,3,3,3,2,3,4,4,4,4,4,4,4,5,4,4,,5,4,4,5,4,4,4,3,4,4,4,4,4,4,2,3,3,3,3,3,3.17,3.33,4.2,3.5,2.83,3.83,4.2,4.33,3.83,3.12,3.69
R2268,Retail,Small: 10-49 employees,3-5 years,10-49,Commercial area,Plastic waste,Under development,External waste-management agency,4,4,4,4,4,4,4,4,4,4,4,4,4,4,4,4,4,4,4,4,4,4,4,4,4,4,4,4,4,4,4,4,4,4,4,4,4,4,4,4,4,4,4,4,4,4,4,4,4,4,4,4,4,4,4,4,4,4,4,4,4,4,4.0,4.0,4.0,4.0,4.0,4.0,4.0,4.0,4.0,4.0,4.0
R2269,Information Technology,Micro: Fewer than 10 employees,Less than 3 years,Fewer than 10,Commercial area,Paper and cardboard,No,External waste-management agency,3,3,2,2,3,3,2,3,2,3,2,1,2,3,2,3,3,3,2,2,3,2,3,2,1,1,2,2,2,,2,2,3,3,3,2,3,2,3,3,2,1,2,3,2,2,1,3,3,4,4,3,,3,4,3,4,4,4,4,4,3,2.67,2.17,2.67,2.33,1.6,2.5,2.33,2.17,3.4,3.75,2.43
R2270,Information Technology,Medium: 50-249 employees,3-5 years,10-49,Commercial area,Paper and cardboard,No,External waste-management agency,4,5,4,5,5,3,4,4,3,4,4,4,3,2,3,4,3,3,3,4,4,3,3,3,3,4,2,4,4,4,2,5,4,4,4,4,3,2,4,3,3,5,3,2,3,3,3,3,3,5,4,4,4,4,3,2,4,2,4,3,3,3,4.33,3.83,3.0,3.33,3.5,3.83,3.33,2.83,4.0,3.0,3.55
R2271,Hospitality/Services,Small: 10-49 employees,Less than 3 years,10-49,Industrial area,Paper and cardboard,Under development,Facility management team,4,4,4,4,4,4,2,1,1,3,2,3,3,4,4,4,4,4,4,3,4,4,4,4,3,3,3,4,3,4,4,3,4,3,3,4,4,3,2,4,3,2,5,4,3,4,4,4,3,3,3,3,2,5,2,3,3,3,4,3,3,4,4.0,2.0,3.83,3.83,3.33,3.5,3.0,4.0,3.17,3.12,3.41
R2272,Retail,Small: 10-49 employees,Less than 3 years,10-49,Commercial area,Mixed municipal waste,Under development,External waste-management agency,3,4,4,4,5,4,3,3,3,3,3,3,3,4,4,3,3,3,2,3,2,3,3,4,3,3,2,4,4,2,5,3,4,4,3,4,2,3,2,3,3,3,3,4,4,4,3,2,3,2,2,2,3,2,4,3,3,2,2,2,2,3,4.0,3.0,3.33,2.83,3.0,3.83,2.67,3.33,2.33,2.62,3.15
R2273,Retail,Medium: 50-249 employees,6-10 years,50-99,Semi-urban area,Plastic waste,Yes,Operations department,4,3,4,3,5,4,4,4,3,3,4,3,4,4,5,4,5,5,3,3,3,3,3,3,5,4,4,4,4,2,3,3,4,3,2,3,5,4,4,5,4,4,3,2,3,2,3,4,4,3,3,3,4,4,2,2,3,2,2,2,2,3,3.83,3.5,4.5,3.0,3.83,3.0,4.33,2.83,3.5,2.25,3.59
R2274,Retail,Micro: Fewer than 10 employees,6-10 years,Fewer than 10,Commercial area,Mixed municipal waste,Under development,External waste-management agency,4,4,4,4,4,5,4,4,5,5,5,5,3,5,3,3,2,4,5,5,4,5,4,4,4,2,3,4,4,4,4,4,2,4,4,4,3,5,3,5,4,4,4,4,4,3,4,4,3,3,3,3,3,3,3,2,3,3,4,4,3,3,4.17,4.67,3.33,4.5,3.5,3.67,4.0,3.83,3.0,3.12,3.85
R2275,Manufacturing,Small: 10-49 employees,6-10 years,10-49,Industrial area,Plastic waste,Not sure,Facility management team,4,4,5,5,4,4,3,4,3,4,3,3,3,3,3,3,4,3,3,5,4,4,2,2,5,3,4,4,3,,4,2,3,2,2,4,4,4,3,5,3,3,3,4,5,3,3,3,4,3,4,4,4,4,3,3,2,2,3,2,2,2,4.33,3.33,3.17,3.33,3.8,2.83,3.67,3.5,3.83,2.38,3.53
R2276,Hospitality/Services,Micro: Fewer than 10 employees,Less than 3 years,Fewer than 10,Commercial area,Paper and cardboard,No,Operations department,2,2,2,2,2,1,2,2,2,3,2,2,3,3,3,2,2,3,3,3,3,3,4,2,1,2,1,2,2,2,1,3,2,2,2,,3,1,4,4,2,3,1,2,1,1,2,1,3,3,3,4,2,3,4,4,5,4,4,,4,3,1.83,2.17,2.67,3.0,1.67,2.0,2.83,1.33,3.0,4.0,2.28
R2277,Hospitality/Services,Micro: Fewer than 10 employees,Less than 3 years,Fewer than 10,Urban area,Mixed municipal waste,No,External waste-management agency,3,4,3,3,3,3,3,2,3,4,3,2,4,4,4,4,2,5,2,2,2,2,4,4,3,2,2,1,3,2,2,1,2,1,2,2,3,3,3,3,2,3,4,3,3,3,4,5,1,3,1,3,1,2,5,3,4,3,5,5,5,,3.17,2.83,3.83,2.67,2.17,1.67,2.83,3.67,1.83,4.29,2.74
R2278,Retail,Large: 250 employees or more,11-20 years,250 or more,Urban area,Plastic waste,Yes,Environmental or sustainability department,4,4,4,4,4,4,4,4,4,4,4,4,4,4,4,4,4,4,4,4,4,4,4,4,4,4,4,4,4,4,4,4,4,4,4,4,4,4,4,4,4,4,4,4,4,4,4,4,4,4,4,4,4,4,4,4,4,4,4,4,4,4,4.0,4.0,4.0,4.0,4.0,4.0,4.0,4.0,4.0,4.0,4.0
R2279,Hospitality/Services,Large: 250 employees or more,11-20 years,250 or more,Commercial area,Plastic waste,Under development,Operations department,3,3,3,3,3,3,2,3,2,3,4,3,3,2,2,2,2,3,3,3,3,3,3,3,3,4,2,5,3,4,4,3,4,3,3,4,4,4,3,3,3,4,4,4,3,3,3,3,3,2,2,3,2,2,4,4,3,2,3,4,4,4,3.0,2.83,2.33,3.0,3.5,3.5,3.5,3.33,2.33,3.5,3.04
R2280,Retail,Micro: Fewer than 10 employees,6-10 years,10-49,Commercial area,Plastic waste,No,External waste-management agency,4,4,4,4,4,4,4,4,4,4,4,4,4,4,4,4,4,4,4,4,4,4,4,4,4,4,,4,4,4,4,4,4,4,4,4,4,4,4,4,4,4,4,4,4,4,4,4,4,4,4,4,4,4,4,4,4,4,4,4,4,4,4.0,4.0,4.0,4.0,4.0,4.0,4.0,4.0,4.0,4.0,4.0
R2281,Information Technology,Large: 250 employees or more,3-5 years,250 or more,Urban area,Paper and cardboard,Yes,Environmental or sustainability department,5,4,4,5,3,4,4,4,4,5,4,4,4,4,4,4,4,4,4,5,4,4,3,4,,5,4,5,4,4,4,3,3,3,3,3,4,,3,5,5,4,4,4,4,4,4,4,5,4,4,5,4,4,3,2,3,3,1,3,1,3,4.17,4.17,4.0,4.0,4.4,3.17,4.2,4.0,4.33,2.38,4.05
R2282,Healthcare,Micro: Fewer than 10 employees,3-5 years,Fewer than 10,Semi-urban area,Food or organic waste,Not sure,Operations department,3,4,4,4,4,5,3,5,4,4,4,4,2,3,3,3,3,4,5,4,4,3,4,4,3,2,3,3,4,4,4,3,3,4,2,2,2,3,4,4,3,3,5,5,4,3,3,4,3,3,4,4,3,4,5,3,3,3,4,4,4,2,4.0,4.0,3.0,4.0,3.17,3.0,3.17,4.0,3.5,3.5,3.54
R2283,Information Technology,Large: 250 employees or more,3-5 years,250 or more,Commercial area,Plastic waste,Yes,Environmental or sustainability department,4,3,4,4,3,4,2,4,3,4,3,4,5,5,5,5,5,5,3,4,4,4,2,4,4,3,4,3,3,4,3,3,3,4,4,3,5,4,3,5,4,5,4,3,4,4,5,4,4,4,3,3,4,4,2,1,2,5,1,2,1,1,3.67,3.33,5.0,3.5,3.5,3.33,4.33,4.0,3.67,1.88,3.81
R2284,Information Technology,Medium: 50-249 employees,11-20 years,50-99,Urban area,Paper and cardboard,Under development,Facility management team,5,5,4,5,5,5,4,4,3,2,3,3,5,4,3,3,4,3,4,5,3,3,2,5,3,3,3,3,4,3,5,4,5,5,3,4,3,4,4,4,4,4,3,3,2,2,3,3,2,2,3,4,3,3,1,1,2,2,2,2,1,2,4.83,3.17,3.67,3.67,3.17,4.33,3.83,2.67,2.83,1.62,3.57
R2285,Healthcare,Medium: 50-249 employees,6-10 years,50-99,Semi-urban area,Plastic waste,Yes,Facility management team,3,3,4,4,4,4,3,4,4,5,4,4,4,4,5,4,5,4,5,4,4,4,4,4,3,3,3,4,4,2,3,4,3,4,2,3,1,2,2,3,2,2,4,3,4,4,4,4,4,4,,4,3,4,4,3,3,4,2,3,3,2,3.67,4.0,4.33,4.17,3.17,3.17,2.0,3.83,3.8,3.0,3.57
R2286,Information Technology,Large: 250 employees or more,6-10 years,250 or more,Urban area,Mixed municipal waste,Yes,Operations department,3,3,4,3,3,3,4,5,4,3,5,4,3,4,3,3,4,4,4,3,3,3,5,3,5,3,4,3,4,4,4,5,4,3,4,4,4,5,5,5,4,3,3,4,3,3,4,3,4,2,3,2,2,3,3,2,3,3,3,4,3,4,3.17,4.17,3.5,3.5,3.83,4.0,4.33,3.33,2.67,3.12,3.61
R2287,Retail,Large: 250 employees or more,11-20 years,250 or more,Urban area,Mixed municipal waste,Not sure,Environmental or sustainability department,3,2,3,4,4,4,3,3,4,3,3,3,5,3,3,4,4,3,4,4,3,3,3,4,3,4,3,3,4,3,5,4,4,4,4,4,3,4,3,4,3,3,4,4,4,4,4,4,4,4,4,3,4,3,3,2,3,2,3,2,3,3,3.33,3.17,3.67,3.5,3.33,4.17,3.33,4.0,3.67,2.62,3.57
R2288,Information Technology,Medium: 50-249 employees,11-20 years,100-249,Commercial area,Mixed municipal waste,Yes,Facility management team,5,4,4,3,3,4,4,5,4,4,4,5,3,5,3,3,3,3,3,4,3,2,4,4,5,4,3,4,5,4,5,4,5,3,4,4,5,5,3,4,4,4,5,4,5,4,5,5,4,5,5,4,5,5,4,3,3,4,4,4,2,3,3.83,4.33,3.33,3.33,4.17,4.17,4.17,4.67,4.67,3.38,4.07
R2289,Manufacturing,Medium: 50-249 employees,11-20 years,100-249,Industrial area,Plastic waste,Under development,Facility management team,4,4,4,3,3,4,3,2,4,3,2,4,4,4,3,4,4,4,3,3,3,3,3,3,5,5,4,4,5,4,3,3,4,4,4,3,4,3,4,3,3,3,2,4,3,4,3,3,5,4,5,4,4,4,2,1,1,3,2,1,1,2,3.67,3.0,3.83,3.0,4.5,3.5,3.33,3.17,4.33,1.62,3.59
R2290,Manufacturing,Small: 10-49 employees,3-5 years,50-99,Urban area,Food or organic waste,No,Environmental or sustainability department,2,3,2,3,2,2,4,3,3,2,3,3,4,2,2,2,2,2,,3,3,5,4,3,3,4,3,2,5,2,3,3,3,4,2,3,4,3,2,3,3,4,2,3,3,2,3,2,2,2,3,2,1,3,3,3,2,4,4,3,4,4,2.33,3.0,2.33,3.6,3.17,3.0,3.17,2.5,2.17,3.38,2.81
R2291,Information Technology,Small: 10-49 employees,3-5 years,10-49,Urban area,Mixed municipal waste,Under development,External waste-management agency,2,4,3,3,4,3,3,2,3,2,3,2,2,4,3,3,2,3,3,2,3,3,3,4,3,2,4,3,3,3,3,4,3,3,3,3,4,4,4,3,3,5,3,4,3,3,,3,3,3,1,3,3,2,2,3,4,3,2,4,2,4,3.17,2.5,2.83,3.0,3.0,3.17,3.83,3.2,2.5,3.0,3.02
R2292,Information Technology,Micro: Fewer than 10 employees,11-20 years,Fewer than 10,Urban area,Paper and cardboard,Yes,Operations department,5,4,5,4,5,3,2,2,3,3,2,2,5,5,5,4,4,5,3,2,2,3,4,3,4,5,4,5,4,4,5,4,3,3,4,4,4,3,3,4,4,3,4,5,4,4,4,4,4,5,4,4,5,4,3,2,3,2,2,4,3,2,4.33,2.33,4.67,2.83,4.33,3.83,3.5,4.17,4.33,2.62,3.81
R2293,Hospitality/Services,Medium: 50-249 employees,6-10 years,50-99,Urban area,Food or organic waste,Not sure,Facility management team,4,5,5,4,5,4,2,2,3,4,3,2,5,4,3,4,4,4,4,4,4,5,2,5,3,5,4,4,4,4,2,3,3,3,3,5,2,2,3,3,3,3,4,3,4,4,4,4,4,4,4,3,3,4,5,2,4,3,3,5,4,3,4.5,2.67,4.0,4.0,4.0,3.17,2.67,3.83,3.67,3.62,3.61
R2294,Manufacturing,Micro: Fewer than 10 employees,11-20 years,10-49,Industrial area,Paper and cardboard,Not sure,External waste-management agency,4,4,3,4,,3,3,3,3,4,3,4,4,4,3,3,4,4,,4,4,5,4,4,3,4,4,3,4,3,3,4,3,4,3,4,5,3,4,4,5,4,4,4,4,4,5,4,4,3,4,3,,3,3,3,3,4,3,4,5,3,3.6,3.33,3.67,4.2,3.5,3.5,4.17,4.17,3.4,3.5,3.73
R2295,Manufacturing,Large: 250 employees or more,6-10 years,250 or more,Semi-urban area,Mixed municipal waste,Yes,Facility management team,3,3,4,3,3,4,3,4,4,4,3,2,4,4,4,3,4,5,3,5,3,3,3,4,5,4,4,4,3,5,4,4,3,4,4,4,5,5,4,4,4,3,4,4,5,4,5,4,5,4,4,3,5,5,3,2,3,1,3,3,3,3,3.33,3.33,4.0,3.5,4.17,3.83,4.17,4.33,4.33,2.62,3.89
R2296,Retail,Large: 250 employees or more,6-10 years,250 or more,Commercial area,Paper and cardboard,Yes,Facility management team,4,4,3,3,3,3,3,3,3,4,4,4,3,4,4,4,5,5,3,3,3,4,4,4,4,4,4,5,4,4,4,3,5,4,4,4,3,3,2,3,4,3,4,4,4,5,4,4,4,4,4,4,4,3,4,4,3,3,2,2,3,2,3.33,3.5,4.17,3.5,4.17,4.0,3.0,4.17,3.83,2.88,3.74
R2297,Information Technology,Large: 250 employees or more,11-20 years,100-249,Commercial area,Plastic waste,Yes,Environmental or sustainability department,3,4,3,4,2,2,5,4,4,4,4,4,4,4,5,5,5,5,5,4,4,2,3,4,3,3,3,4,4,4,,4,5,5,5,4,5,5,5,5,5,5,4,5,5,4,4,5,4,3,4,4,3,4,2,1,2,2,3,3,3,1,3.0,4.17,4.67,3.67,3.5,4.6,5.0,4.5,3.67,2.12,4.09
R2298,Hospitality/Services,Micro: Fewer than 10 employees,Less than 3 years,10-49,Commercial area,Plastic waste,No,External waste-management agency,4,3,4,4,3,3,2,3,3,4,3,2,4,2,4,2,4,2,3,3,3,1,3,3,3,2,2,2,1,2,3,3,3,3,4,4,3,3,4,3,3,4,2,4,3,4,4,3,3,3,3,3,3,2,3,3,,3,3,2,2,4,3.5,2.83,3.0,2.67,2.0,3.33,3.33,3.33,2.83,2.86,2.98
R2299,Information Technology,Micro: Fewer than 10 employees,3-5 years,Fewer than 10,Urban area,Paper and cardboard,No,External waste-management agency,3,2,2,2,2,3,3,3,3,3,2,3,3,3,3,4,3,3,3,2,3,2,2,3,3,1,3,4,3,3,2,1,3,2,,3,1,3,3,3,4,3,4,3,4,4,3,3,2,3,4,4,3,3,2,4,4,4,3,4,3,4,2.33,2.83,3.17,2.5,2.83,2.2,2.83,3.5,3.17,3.5,2.82
R2300,Retail,Micro: Fewer than 10 employees,Less than 3 years,Fewer than 10,Urban area,Mixed municipal waste,Under development,Facility management team,4,3,3,3,1,3,4,5,5,4,4,4,3,3,3,3,3,3,2,3,2,3,3,3,4,4,4,3,4,3,2,2,2,3,2,1,2,3,2,2,3,2,3,3,3,4,3,4,3,2,4,3,4,4,4,3,3,2,4,2,3,4,2.83,4.33,3.0,2.67,3.67,2.0,2.33,3.33,3.33,3.12,3.05
R2301,Information Technology,Medium: 50-249 employees,3-5 years,100-249,Urban area,Paper and cardboard,No,Operations department,4,3,4,4,3,3,3,3,3,4,3,3,4,3,4,4,3,5,4,3,4,2,3,3,4,3,4,2,3,4,3,2,3,2,2,3,4,3,3,3,2,3,3,3,3,3,3,3,5,5,5,5,4,5,3,3,4,2,,3,2,3,3.5,3.17,3.83,3.17,3.33,2.5,3.0,3.0,4.83,2.86,3.37
R2302,Manufacturing,Large: 250 employees or more,Less than 3 years,100-249,Semi-urban area,Plastic waste,No,Operations department,3,3,3,4,3,4,5,4,4,4,4,3,3,3,3,2,3,4,2,2,2,3,2,3,2,3,2,3,3,3,3,3,3,3,2,3,4,3,3,4,3,4,3,3,3,3,2,3,2,2,1,4,2,3,2,2,3,3,4,4,4,2,3.33,4.0,3.0,2.33,2.67,2.83,3.5,2.83,2.33,3.0,2.98
R2303,Hospitality/Services,Micro: Fewer than 10 employees,Less than 3 years,10-49,Industrial area,Mixed municipal waste,No,External waste-management agency,3,2,2,3,3,4,2,3,2,2,3,2,2,3,2,3,2,2,1,2,1,2,3,2,2,2,3,3,2,3,2,2,2,2,2,1,3,2,2,2,1,2,2,2,2,1,3,2,2,3,3,2,3,2,3,3,3,4,,4,2,3,2.83,2.33,2.33,1.83,2.5,1.83,2.0,2.0,2.5,3.14,2.24
R2304,Healthcare,Small: 10-49 employees,6-10 years,10-49,Urban area,Paper and cardboard,No,Operations department,3,4,2,3,3,4,2,1,2,3,2,2,3,2,1,3,2,2,4,4,4,4,4,3,2,4,5,3,2,3,3,4,3,3,4,3,4,3,2,3,3,,3,5,3,3,4,5,2,3,2,3,4,2,5,4,4,4,4,4,5,3,3.17,2.0,2.17,3.83,3.17,3.33,3.0,3.83,2.67,4.12,3.02
R2305,Retail,Small: 10-49 employees,3-5 years,10-49,Industrial area,Mixed municipal waste,Under development,Facility management team,3,5,4,4,4,2,3,3,2,3,4,2,3,3,3,3,2,2,3,3,3,3,3,3,3,3,2,4,4,4,2,2,3,4,3,3,4,4,4,4,4,4,5,3,4,4,4,5,4,3,4,3,3,5,4,4,4,3,3,3,3,3,3.67,2.83,2.67,3.0,3.33,2.83,4.0,4.17,3.67,3.38,3.35
R2306,Healthcare,Micro: Fewer than 10 employees,3-5 years,Fewer than 10,Urban area,Plastic waste,Under development,Operations department,5,3,3,3,5,3,2,3,3,2,3,3,2,3,3,3,3,4,3,4,3,3,3,2,3,4,4,1,3,3,3,3,3,3,2,3,2,3,3,3,3,3,3,4,2,2,4,2,2,3,1,3,2,2,3,3,3,3,3,3,3,4,3.67,2.67,3.0,3.0,3.0,2.83,2.83,2.83,2.17,3.12,2.89
R2307,Information Technology,Large: 250 employees or more,11-20 years,250 or more,Urban area,Food or organic waste,Yes,Environmental or sustainability department,4,3,4,4,2,3,4,4,4,5,3,4,5,4,4,4,5,4,5,4,4,,5,3,3,4,4,4,4,3,4,5,2,5,5,4,3,4,3,4,3,5,4,3,4,4,4,5,3,4,3,4,2,4,3,2,2,3,2,2,3,3,3.33,4.0,4.33,4.2,3.67,4.17,3.67,4.0,3.33,2.5,3.86
R2308,Manufacturing,Small: 10-49 employees,11-20 years,50-99,Industrial area,Food or organic waste,No,External waste-management agency,4,5,4,4,4,2,4,4,3,4,4,4,2,1,4,3,3,3,4,5,4,5,3,4,4,2,2,5,3,3,3,2,3,3,3,3,3,4,3,3,2,3,3,3,3,3,3,3,3,3,3,3,3,3,4,4,4,3,3,3,3,4,3.83,3.83,2.67,4.17,3.17,2.83,3.0,3.0,3.0,3.5,3.28
R2309,Manufacturing,Large: 250 employees or more,6-10 years,100-249,Urban area,Plastic waste,Under development,Environmental or sustainability department,4,4,5,3,4,3,3,4,4,2,4,3,3,5,4,3,4,3,4,5,4,5,4,4,4,4,4,5,3,4,4,4,2,4,5,3,4,3,5,4,4,4,5,5,4,4,4,4,5,3,4,3,4,3,2,2,2,2,2,1,2,2,3.83,3.33,3.67,4.33,4.0,3.67,4.0,4.33,3.67,1.88,3.87
R2310,Information Technology,Large: 250 employees or more,3-5 years,250 or more,Urban area,Paper and cardboard,Under development,Operations department,5,4,5,4,5,5,3,3,3,3,3,3,,3,3,4,3,3,4,3,4,4,4,4,4,3,5,3,4,4,3,4,4,2,3,3,3,4,4,4,2,4,4,4,3,4,4,3,4,4,4,3,4,4,3,3,2,1,2,2,2,2,4.67,3.0,3.2,3.83,3.83,3.17,3.5,3.67,3.83,2.12,3.63
R2311,Hospitality/Services,Micro: Fewer than 10 employees,3-5 years,Fewer than 10,Commercial area,Food or organic waste,Yes,Facility management team,4,3,3,4,4,3,3,4,4,3,5,4,4,4,4,4,4,3,3,4,3,2,3,4,3,2,3,5,3,,3,4,3,4,4,3,1,2,4,3,2,3,4,4,3,4,4,2,4,5,4,3,5,4,3,1,1,3,2,3,2,2,3.5,3.83,3.83,3.17,3.2,3.5,2.5,3.5,4.17,2.12,3.47
R2312,Healthcare,Small: 10-49 employees,Less than 3 years,50-99,Industrial area,Mixed municipal waste,Not sure,External waste-management agency,3,2,3,3,3,3,4,4,4,3,3,4,4,,4,4,3,4,3,4,3,2,3,3,4,4,3,4,4,4,4,4,3,4,4,3,4,5,5,4,4,4,4,4,4,3,4,2,5,4,5,4,4,5,3,3,4,2,3,3,2,3,2.83,3.67,3.8,3.0,3.83,3.67,4.33,3.5,4.5,2.88,3.68
R2313,Manufacturing,Medium: 50-249 employees,11-20 years,50-99,Commercial area,Mixed municipal waste,Under development,Environmental or sustainability department,4,5,4,4,4,4,3,3,4,3,3,2,4,3,4,4,5,4,3,4,3,3,4,3,3,3,3,3,3,3,3,3,4,3,4,4,3,4,5,4,2,4,5,5,4,5,5,5,5,3,4,4,4,4,2,3,4,4,3,2,2,3,4.17,3.0,4.0,3.33,3.0,3.5,3.67,4.83,4.0,2.88,3.72
R2314,Healthcare,Small: 10-49 employees,6-10 years,10-49,Semi-urban area,Mixed municipal waste,Under development,External waste-management agency,2,3,3,2,2,4,4,3,4,3,3,3,3,3,3,3,3,3,5,4,5,5,4,4,4,3,2,3,3,5,2,2,2,2,3,3,3,3,5,3,3,4,4,3,5,4,4,4,4,4,2,3,3,4,4,3,4,4,3,4,3,4,2.67,3.33,3.0,4.5,3.33,2.33,3.5,4.0,3.33,3.62,3.33
R2315,Manufacturing,Medium: 50-249 employees,11-20 years,50-99,Industrial area,Paper and cardboard,Under development,Operations department,3,3,2,2,2,2,4,3,4,4,4,2,3,4,4,5,4,5,4,2,4,4,3,2,4,4,4,3,4,4,4,5,4,4,4,5,4,3,3,3,3,3,3,3,2,2,4,3,2,2,4,2,4,3,3,2,3,4,3,2,3,3,2.33,3.5,4.17,3.17,3.83,4.33,3.17,2.83,2.83,2.88,3.35
R2316,Retail,Large: 250 employees or more,11-20 years,250 or more,Urban area,Mixed municipal waste,Under development,Facility management team,4,4,,3,4,3,3,4,3,4,3,3,3,4,5,4,5,5,4,5,4,2,5,4,4,4,4,4,4,4,3,3,3,4,4,4,3,3,2,3,3,3,5,3,5,4,5,5,4,4,4,4,5,4,3,5,5,4,3,4,3,4,3.6,3.33,4.33,4.0,4.0,3.5,2.83,4.5,4.17,3.88,3.81
R2317,Manufacturing,Micro: Fewer than 10 employees,11-20 years,Fewer than 10,Industrial area,Mixed municipal waste,No,External waste-management agency,2,2,2,2,2,2,2,2,2,2,2,2,2,2,2,2,2,2,2,2,2,2,2,2,2,2,2,2,2,2,2,2,,2,2,2,2,2,2,2,2,2,2,2,2,2,2,2,2,2,2,2,2,2,2,2,2,2,2,2,2,2,2.0,2.0,2.0,2.0,2.0,2.0,2.0,2.0,2.0,2.0,2.0
R2318,Retail,Medium: 50-249 employees,6-10 years,50-99,Semi-urban area,Paper and cardboard,Not sure,Facility management team,4,3,3,4,4,2,3,4,4,3,4,3,2,3,3,2,3,2,5,5,4,5,4,5,4,4,3,4,3,3,3,3,3,2,3,5,4,3,3,4,4,4,3,3,4,4,3,3,5,5,5,4,5,5,2,3,,3,3,2,2,4,3.33,3.5,2.5,4.67,3.5,3.17,3.67,3.33,4.83,2.71,3.61
R2319,Retail,Large: 250 employees or more,11-20 years,250 or more,Urban area,Paper and cardboard,Yes,Environmental or sustainability department,5,5,5,4,5,4,5,5,5,5,5,5,4,4,3,3,4,3,3,3,4,4,5,4,4,5,5,5,5,5,3,4,4,4,4,3,5,3,5,4,4,5,3,4,3,4,4,4,4,4,5,3,4,4,3,3,3,2,3,4,2,4,4.67,5.0,3.5,3.83,4.83,3.67,4.33,3.67,4.0,3.0,4.17
R2320,Manufacturing,Small: 10-49 employees,Less than 3 years,10-49,Semi-urban area,Paper and cardboard,Under development,External waste-management agency,3,4,4,3,3,4,4,4,3,4,2,3,2,3,3,4,3,3,3,3,3,4,3,4,4,3,4,3,4,4,4,4,4,3,4,4,3,4,3,2,3,3,5,4,4,4,4,4,3,3,5,4,3,3,4,,5,4,5,3,4,4,3.5,3.33,3.0,3.33,3.67,3.83,3.0,4.17,3.5,4.14,3.48
R2321,Retail,Medium: 50-249 employees,11-20 years,100-249,Urban area,Paper and cardboard,Under development,Operations department,4,3,4,2,4,3,3,4,5,1,4,3,4,4,3,2,3,4,3,3,2,4,5,4,5,5,5,4,4,4,3,3,4,3,4,4,4,3,2,4,3,3,2,3,4,4,4,4,3,4,3,4,3,4,2,3,3,3,3,3,3,3,3.33,3.33,3.33,3.5,4.5,3.5,3.17,3.5,3.5,2.88,3.52
R2322,Healthcare,Small: 10-49 employees,11-20 years,10-49,Urban area,Paper and cardboard,Yes,Operations department,3,4,3,5,4,4,4,5,5,5,4,4,3,3,3,2,3,4,3,3,3,4,5,4,3,4,3,4,4,4,3,3,3,4,3,3,4,4,4,4,4,3,4,4,5,5,4,4,4,3,4,4,5,4,3,3,2,3,3,2,3,2,3.83,4.5,3.0,3.67,3.67,3.17,3.83,4.33,4.0,2.62,3.78
R2323,Manufacturing,Large: 250 employees or more,11-20 years,100-249,Urban area,Paper and cardboard,Under development,Environmental or sustainability department,5,5,5,3,,5,3,3,3,3,5,4,3,4,4,4,4,5,4,5,3,3,3,3,4,4,3,3,3,3,3,4,3,5,,3,4,4,5,4,5,4,3,4,4,3,2,4,3,4,4,4,4,5,2,2,3,2,3,3,4,2,4.6,3.5,4.0,3.5,3.33,3.6,4.33,3.33,4.0,2.62,3.8
R2324,Manufacturing,Medium: 50-249 employees,Less than 3 years,100-249,Industrial area,Mixed municipal waste,Yes,Facility management team,2,4,,3,3,3,3,2,3,3,2,3,3,3,3,3,4,3,4,3,4,4,3,4,3,3,3,4,4,4,3,4,3,4,3,2,4,4,3,3,3,4,5,4,3,4,4,4,3,3,4,4,4,3,2,4,2,4,3,3,3,4,3.0,2.67,3.17,3.67,3.5,3.17,3.5,4.0,3.5,3.12,3.35
R2325,Healthcare,Micro: Fewer than 10 employees,Less than 3 years,Fewer than 10,Semi-urban area,Mixed municipal waste,No,External waste-management agency,3,3,3,3,3,2,1,2,2,1,2,4,3,3,2,3,4,2,3,,3,4,3,2,2,3,2,3,2,4,3,1,3,2,1,2,4,3,3,2,4,3,2,2,1,2,2,1,1,2,3,2,2,4,4,3,2,2,2,4,4,4,2.83,2.0,2.83,3.0,2.67,2.0,3.17,1.67,2.33,3.12,2.5
R2326,Information Technology,Large: 250 employees or more,6-10 years,250 or more,Urban area,Food or organic waste,Yes,Facility management team,4,3,4,3,3,3,4,4,4,5,4,2,3,4,3,3,4,4,4,4,3,5,5,4,4,4,4,3,3,3,3,4,3,5,4,3,3,4,3,5,4,4,3,5,4,3,4,2,5,3,3,3,4,3,3,3,2,2,3,4,4,4,3.33,3.83,3.5,4.17,3.5,3.67,3.83,3.5,3.5,3.12,3.65
R2327,Information Technology,Small: 10-49 employees,Less than 3 years,10-49,Urban area,Mixed municipal waste,No,Operations department,3,2,1,2,2,1,3,2,2,3,,3,3,2,2,3,3,1,2,2,3,3,3,2,2,4,3,3,2,2,2,3,2,1,2,2,3,2,4,4,3,4,3,2,2,2,2,2,2,,3,2,2,3,3,2,3,3,3,3,2,2,1.83,2.6,2.33,2.5,2.67,2.0,3.33,2.17,2.4,2.62,2.43
R2328,Retail,Large: 250 employees or more,6-10 years,250 or more,Urban area,Food or organic waste,Yes,Environmental or sustainability department,3,3,3,3,3,3,3,3,3,3,3,3,3,3,3,3,3,3,3,3,3,3,3,3,3,3,3,3,3,3,3,3,3,3,3,3,3,3,3,3,3,3,3,3,3,3,3,3,3,3,3,3,3,3,3,3,3,3,3,3,3,3,3.0,3.0,3.0,3.0,3.0,3.0,3.0,3.0,3.0,3.0,3.0
R2329,Information Technology,Medium: 50-249 employees,11-20 years,10-49,Commercial area,Paper and cardboard,No,External waste-management agency,4,,3,3,3,3,2,2,1,2,2,2,4,3,3,3,4,4,2,3,3,3,3,4,4,3,3,3,3,3,4,4,4,3,4,4,3,4,4,4,3,3,4,4,4,4,4,4,3,4,3,2,3,4,3,3,4,4,3,3,3,2,3.2,1.83,3.5,3.0,3.17,3.83,3.5,4.0,3.17,3.12,3.24
R2330,Information Technology,Small: 10-49 employees,11-20 years,10-49,Urban area,Mixed municipal waste,No,Facility management team,5,3,4,3,3,4,5,4,4,4,4,4,3,3,3,3,3,3,3,4,4,2,4,3,4,5,4,4,3,5,4,4,4,3,3,3,3,3,3,3,3,4,3,2,3,4,3,3,4,4,4,3,3,4,1,2,3,3,2,2,3,2,3.67,4.17,3.0,3.33,4.17,3.5,3.17,3.0,3.67,2.25,3.52
R2331,Healthcare,Micro: Fewer than 10 employees,Less than 3 years,Fewer than 10,Industrial area,Mixed municipal waste,Under development,External waste-management agency,4,4,4,4,5,4,4,5,4,4,4,3,5,4,4,4,3,5,2,2,2,3,3,2,3,4,2,3,2,2,3,3,3,4,4,3,3,5,3,3,4,3,4,3,4,4,3,2,3,3,3,3,4,5,4,4,2,4,4,4,4,4,4.17,4.0,4.17,2.33,2.67,3.33,3.5,3.33,3.5,3.75,3.44
R2332,Retail,Micro: Fewer than 10 employees,3-5 years,Fewer than 10,Urban area,Paper and cardboard,No,External waste-management agency,4,4,3,3,2,3,2,4,2,3,2,2,2,3,2,2,3,2,4,4,3,2,3,3,4,1,3,3,4,2,3,3,3,3,3,3,3,3,1,2,2,2,2,4,3,2,3,3,1,2,3,2,1,1,4,4,1,3,3,5,3,4,3.17,2.5,2.33,3.17,2.83,3.0,2.17,2.83,1.67,3.38,2.63
R2333,Manufacturing,Medium: 50-249 employees,Less than 3 years,100-249,Semi-urban area,Plastic waste,Under development,Operations department,4,4,4,3,3,3,3,4,3,3,4,3,4,4,3,3,4,4,5,5,4,4,5,5,4,3,4,4,5,4,4,3,3,4,5,5,3,4,3,3,4,4,3,3,3,,3,4,3,3,3,4,4,3,3,2,2,2,2,2,3,2,3.5,3.33,3.67,4.67,4.0,4.0,3.5,3.2,3.33,2.25,3.69
R2334,Manufacturing,Small: 10-49 employees,6-10 years,10-49,Industrial area,Food or organic waste,No,External waste-management agency,4,4,2,3,4,3,4,3,4,3,3,4,3,3,2,3,3,3,4,3,3,4,4,,4,4,4,3,4,4,3,4,4,4,3,4,3,3,3,3,3,2,5,5,4,5,5,4,3,4,2,3,4,4,3,4,4,3,3,3,2,4,3.33,3.5,2.83,3.6,3.83,3.67,2.83,4.67,3.33,3.25,3.51
R2335,Retail,Micro: Fewer than 10 employees,Less than 3 years,Fewer than 10,Commercial area,Mixed municipal waste,No,External waste-management agency,2,3,3,3,3,4,3,3,3,3,4,3,3,3,3,3,4,3,2,2,4,4,2,2,2,4,3,4,3,3,4,5,4,3,3,4,4,3,3,4,3,4,4,4,3,3,4,5,4,4,3,3,3,3,4,3,3,3,5,4,4,4,3.0,3.17,3.17,2.67,3.17,3.83,3.5,3.83,3.33,3.75,3.3
R2336,Retail,Micro: Fewer than 10 employees,3-5 years,Fewer than 10,Semi-urban area,Mixed municipal waste,Under development,Operations department,3,4,3,4,4,4,3,4,3,3,3,3,4,4,4,4,3,3,4,5,4,4,3,4,4,4,3,5,3,3,2,4,4,1,4,5,3,3,3,3,2,3,3,3,3,3,4,4,2,3,2,4,4,3,4,4,3,4,4,4,4,2,3.67,3.17,3.67,4.0,3.67,3.33,2.83,3.33,3.0,3.62,3.41
R2337,Hospitality/Services,Medium: 50-249 employees,11-20 years,50-99,Semi-urban area,Plastic waste,Yes,Environmental or sustainability department,4,4,4,4,4,4,5,5,5,5,3,4,4,5,4,4,5,4,2,4,4,3,4,3,5,4,5,4,5,4,5,5,5,5,5,5,4,4,4,4,3,4,4,5,4,4,4,4,5,5,4,4,4,5,2,2,2,2,2,2,2,3,4.0,4.5,4.33,3.33,4.5,5.0,3.83,4.17,4.5,2.12,4.24
R2338,Manufacturing,Medium: 50-249 employees,6-10 years,50-99,Industrial area,Plastic waste,Under development,Environmental or sustainability department,3,4,3,4,3,4,3,3,4,3,3,4,4,3,3,3,3,3,4,4,3,4,3,2,4,,4,4,5,5,2,5,2,3,4,2,4,3,4,3,3,3,3,3,3,4,4,4,4,4,4,3,4,4,2,2,3,1,2,2,3,1,3.5,3.33,3.17,3.33,4.4,3.0,3.33,3.5,3.83,2.0,3.49
R2339,Healthcare,Small: 10-49 employees,11-20 years,50-99,Urban area,Paper and cardboard,Yes,Facility management team,5,5,5,5,4,4,4,4,3,3,3,5,4,4,4,4,4,4,4,5,5,5,5,5,4,5,5,4,5,5,3,,3,4,4,5,4,4,4,2,3,3,4,3,3,4,3,3,4,4,3,3,4,3,2,2,4,2,2,4,2,4,4.67,3.67,4.0,4.83,4.67,3.8,3.33,3.33,3.5,2.75,3.98
R2340,Hospitality/Services,Small: 10-49 employees,Less than 3 years,10-49,Commercial area,Food or organic waste,Under development,Operations department,4,3,4,3,3,2,5,4,4,3,4,4,5,4,5,4,4,5,4,4,4,4,5,3,3,3,4,4,3,3,2,3,3,3,3,3,4,4,3,5,4,4,4,3,4,4,3,3,4,5,4,5,4,4,3,3,3,2,2,2,3,2,3.17,4.0,4.5,4.0,3.33,2.83,4.0,3.5,4.33,2.5,3.74
R2341,Healthcare,Medium: 50-249 employees,6-10 years,100-249,Semi-urban area,Paper and cardboard,Yes,External waste-management agency,3,3,3,4,3,3,3,3,3,3,3,3,2,2,4,4,4,3,4,4,5,3,4,4,4,4,4,4,4,4,5,5,4,4,4,5,4,3,4,3,3,4,4,3,2,4,4,4,3,2,3,4,3,3,2,3,2,3,2,2,2,2,3.17,3.0,3.17,4.0,4.0,4.5,3.5,3.5,3.0,2.25,3.54
R2342,Manufacturing,Micro: Fewer than 10 employees,3-5 years,Fewer than 10,Semi-urban area,Mixed municipal waste,Yes,Operations department,3,3,4,4,2,4,3,3,4,3,3,3,4,3,4,4,5,4,3,2,4,3,5,4,3,3,4,3,3,3,4,3,5,2,2,4,2,3,2,3,3,4,3,3,4,4,3,3,3,2,2,3,,4,3,5,4,3,3,3,3,3,3.33,3.17,4.0,3.5,3.17,3.33,2.83,3.33,2.8,3.38,3.27
R2343,Hospitality/Services,Micro: Fewer than 10 employees,6-10 years,10-49,Urban area,Plastic waste,No,External waste-management agency,3,3,4,2,3,2,2,4,3,2,2,4,2,3,3,3,2,2,3,4,2,3,3,3,4,3,3,1,3,2,3,3,3,3,3,3,2,2,3,2,4,3,2,2,2,1,2,2,2,3,2,3,2,3,4,5,4,5,5,5,5,5,2.83,2.83,2.5,3.0,2.67,3.0,2.67,1.83,2.5,4.75,2.65
R2344,Retail,Medium: 50-249 employees,6-10 years,100-249,Urban area,Paper and cardboard,Under development,External waste-management agency,3,3,2,3,2,3,3,4,3,4,3,3,4,4,4,4,4,4,3,3,3,5,3,4,3,4,1,3,2,3,3,4,4,3,3,3,3,3,3,3,4,5,4,4,4,3,3,4,3,3,4,4,3,3,2,2,2,2,2,2,2,4,2.67,3.33,4.0,3.5,2.67,3.33,3.5,3.67,3.33,2.25,3.33
R2345,Manufacturing,Medium: 50-249 employees,3-5 years,100-249,Industrial area,Mixed municipal waste,Yes,Operations department,5,4,4,5,3,4,4,4,4,5,4,4,4,3,3,2,3,3,4,4,3,3,2,4,3,3,4,3,3,5,2,3,4,3,3,4,4,4,3,5,4,4,3,4,4,4,3,4,5,5,3,4,3,5,3,4,3,2,4,2,3,3,4.17,4.17,3.0,3.33,3.5,3.17,4.0,3.67,4.17,3.0,3.69
R2346,Retail,Micro: Fewer than 10 employees,Less than 3 years,Fewer than 10,Commercial area,Mixed municipal waste,No,External waste-management agency,3,3,3,4,3,3,3,3,2,2,3,3,,4,3,3,3,3,2,3,4,4,2,2,2,2,2,2,3,3,3,2,3,3,3,3,4,3,4,4,5,3,3,3,2,4,3,4,3,3,3,3,4,4,2,3,2,3,2,2,1,3,3.17,2.67,3.2,2.83,2.33,2.83,3.83,3.17,3.33,2.25,3.04
R2347,Manufacturing,Medium: 50-249 employees,11-20 years,100-249,Semi-urban area,Plastic waste,Under development,Operations department,4,4,3,4,3,2,3,4,4,4,4,4,3,3,3,3,3,4,2,3,3,2,4,3,4,4,4,5,3,4,3,3,4,5,5,3,4,5,3,4,4,4,3,4,3,5,4,5,3,4,3,4,4,3,4,3,4,2,3,3,4,4,3.33,3.83,3.17,2.83,4.0,3.83,4.0,4.0,3.5,3.38,3.61
R2348,Information Technology,Micro: Fewer than 10 employees,6-10 years,10-49,Urban area,Paper and cardboard,Not sure,Facility management team,5,3,4,5,4,3,4,4,5,3,5,5,3,4,3,3,3,4,3,3,2,3,3,4,4,3,3,3,3,3,4,4,3,3,4,4,4,4,3,4,4,5,2,4,2,3,3,2,3,2,1,2,3,2,4,4,4,3,4,3,5,4,4.0,4.33,3.33,3.0,3.17,3.67,4.0,2.67,2.17,3.88,3.37
R2349,Manufacturing,Medium: 50-249 employees,6-10 years,50-99,Semi-urban area,Mixed municipal waste,Yes,Environmental or sustainability department,5,4,4,4,5,3,4,3,4,4,5,4,3,4,3,3,3,3,5,5,5,5,3,4,4,5,4,3,4,4,4,4,4,4,4,4,3,4,5,5,4,4,4,3,4,4,3,4,4,4,5,4,5,3,2,2,2,1,2,1,4,3,4.17,4.0,3.17,4.5,4.0,4.0,4.17,3.67,4.17,2.12,3.98
R2350,Information Technology,Large: 250 employees or more,6-10 years,100-249,Urban area,Mixed municipal waste,Yes,Facility management team,4,3,3,3,4,4,3,2,3,3,2,3,4,3,4,4,3,2,4,4,5,4,4,5,4,4,4,5,5,5,2,2,5,4,4,2,3,3,3,3,5,3,3,3,4,4,5,3,2,2,4,2,1,2,2,2,2,1,1,2,2,3,3.5,2.67,3.33,4.33,4.5,3.17,3.33,3.67,2.17,1.88,3.41
R2351,Manufacturing,Large: 250 employees or more,6-10 years,250 or more,Industrial area,Paper and cardboard,Yes,Environmental or sustainability department,4,4,5,5,5,5,5,3,3,3,3,3,5,3,5,5,5,4,4,2,3,3,3,4,4,4,4,4,4,4,4,4,4,5,4,4,2,3,3,4,3,3,4,3,3,3,4,3,3,4,4,5,5,4,3,3,3,4,4,3,3,3,4.67,3.33,4.5,3.17,4.0,4.17,3.0,3.33,4.17,3.25,3.82
R2352,Hospitality/Services,Large: 250 employees or more,6-10 years,250 or more,Industrial area,Plastic waste,Yes,Environmental or sustainability department,5,4,3,3,4,3,4,3,4,3,4,4,,3,4,4,4,3,4,3,4,3,3,5,3,3,4,4,4,4,4,4,4,4,5,4,4,4,4,2,4,4,4,3,3,4,4,3,5,3,4,3,4,3,3,3,3,4,3,3,4,3,3.67,3.67,3.6,3.67,3.67,4.17,3.67,3.5,3.67,3.25,3.7
R2353,Manufacturing,Large: 250 employees or more,Less than 3 years,250 or more,Urban area,Food or organic waste,No,Facility management team,3,4,2,5,4,3,3,3,3,4,4,2,3,5,3,4,4,5,4,4,5,4,4,4,3,3,3,5,4,3,5,3,3,3,4,4,2,4,3,5,3,4,3,4,3,3,3,4,2,4,3,3,2,3,2,2,2,4,2,3,2,3,3.5,3.17,4.0,4.17,3.5,3.67,3.5,3.33,2.83,2.5,3.52
R2354,Hospitality/Services,Micro: Fewer than 10 employees,3-5 years,10-49,Industrial area,Food or organic waste,Under development,External waste-management agency,4,3,2,4,4,4,3,3,2,5,3,2,4,5,4,4,4,4,4,4,4,3,3,4,4,2,2,3,4,3,3,2,3,3,3,5,4,3,3,3,4,3,3,3,3,3,3,4,3,4,5,,4,3,4,2,3,3,4,3,3,3,3.5,3.0,4.17,3.67,3.0,3.17,3.33,3.17,3.8,3.12,3.42
R2355,Manufacturing,Medium: 50-249 employees,6-10 years,100-249,Semi-urban area,Mixed municipal waste,No,External waste-management agency,3,3,3,3,4,4,3,4,3,5,3,5,3,3,3,4,4,3,4,3,4,3,4,4,3,3,2,2,4,3,2,3,3,,3,2,3,2,3,3,3,3,4,3,2,3,3,3,3,4,3,4,4,3,3,2,2,4,2,3,2,2,3.33,3.83,3.33,3.67,2.83,2.6,2.83,3.0,3.5,2.5,3.21
R2356,Information Technology,Micro: Fewer than 10 employees,Less than 3 years,Fewer than 10,Urban area,Food or organic waste,No,External waste-management agency,1,2,3,2,3,2,4,3,3,3,2,3,2,1,3,2,3,2,2,4,3,3,5,4,1,2,3,3,2,3,2,3,4,4,3,3,2,2,2,2,2,2,2,2,2,2,1,1,3,3,3,3,3,3,5,5,5,4,4,4,5,5,2.17,3.0,2.17,3.5,2.33,3.17,2.0,1.67,3.0,4.62,2.56
R2357,Information Technology,Large: 250 employees or more,6-10 years,250 or more,Semi-urban area,Paper and cardboard,Under development,Operations department,3,4,3,3,3,4,3,3,4,3,3,3,4,5,4,4,3,5,4,4,4,5,3,4,4,4,4,4,4,4,3,4,4,4,3,4,3,3,3,3,3,3,3,,3,3,3,3,4,3,3,3,3,3,2,4,4,2,2,3,3,1,3.33,3.17,4.17,4.0,4.0,3.67,3.0,3.0,3.17,2.62,3.5
R2358,Healthcare,Medium: 50-249 employees,6-10 years,100-249,Urban area,Paper and cardboard,Under development,External waste-management agency,4,4,4,4,4,4,4,4,4,4,4,4,4,4,4,4,4,4,4,4,4,4,4,4,4,4,4,4,4,4,4,4,4,4,4,4,4,4,4,4,4,4,4,4,4,4,4,4,4,4,4,4,4,4,4,4,4,4,4,4,4,4,4.0,4.0,4.0,4.0,4.0,4.0,4.0,4.0,4.0,4.0,4.0
R2359,Manufacturing,Large: 250 employees or more,11-20 years,100-249,Industrial area,Mixed municipal waste,Yes,Facility management team,3,3,4,4,3,4,,3,4,5,4,4,3,3,4,5,4,3,3,4,3,3,2,2,3,4,3,3,3,4,5,4,5,4,4,4,5,4,4,3,3,,4,3,4,4,2,3,3,3,4,5,4,3,4,1,2,4,3,3,3,2,3.5,4.0,3.67,2.83,3.33,4.33,3.8,3.33,3.67,2.75,3.61
R2360,Healthcare,Large: 250 employees or more,11-20 years,250 or more,Semi-urban area,Paper and cardboard,Yes,Environmental or sustainability department,4,5,5,3,5,4,3,4,4,2,3,2,3,3,4,3,4,4,3,3,3,3,4,4,5,4,4,4,4,5,4,4,5,4,5,5,4,3,3,5,5,3,5,5,3,3,4,3,4,4,3,4,5,5,3,2,2,3,3,2,2,2,4.33,3.0,3.5,3.33,4.33,4.5,3.83,3.83,4.17,2.38,3.87
R2361,Healthcare,Large: 250 employees or more,11-20 years,250 or more,Commercial area,Mixed municipal waste,Yes,Operations department,4,3,2,4,3,2,4,4,5,2,4,3,3,3,4,5,3,3,3,3,3,3,4,4,4,5,3,4,5,3,4,5,4,3,5,4,3,4,4,5,5,4,4,5,4,4,4,4,4,4,4,4,3,4,4,4,3,2,3,1,2,2,3.0,3.67,3.5,3.33,4.0,4.17,4.17,4.17,3.83,2.62,3.76
R2362,Healthcare,Micro: Fewer than 10 employees,Less than 3 years,Fewer than 10,Commercial area,Mixed municipal waste,Not sure,External waste-management agency,4,3,2,3,4,2,3,3,2,2,2,3,3,4,4,3,4,3,3,3,2,3,1,2,3,2,3,3,3,2,3,3,3,2,3,4,4,3,2,2,2,2,3,3,4,4,4,3,3,2,1,3,1,3,3,3,3,3,3,3,4,4,3.0,2.5,3.5,2.33,2.67,3.0,2.5,3.5,2.17,3.25,2.8
R2363,Healthcare,Medium: 50-249 employees,3-5 years,50-99,Commercial area,Mixed municipal waste,Under development,Operations department,3,3,3,2,4,5,3,3,3,4,3,3,3,3,3,3,2,2,4,4,3,3,2,4,4,4,3,4,3,3,3,4,4,3,3,4,3,3,3,3,4,3,3,3,2,3,3,3,5,3,3,3,5,3,4,4,5,5,4,4,3,2,3.33,3.17,2.67,3.33,3.5,3.5,3.17,2.83,3.67,3.88,3.24
R2364,Hospitality/Services,Micro: Fewer than 10 employees,6-10 years,Fewer than 10,Urban area,Mixed municipal waste,Under development,Operations department,3,4,4,4,3,3,5,5,5,5,5,5,3,2,4,3,3,3,3,2,4,3,4,3,4,3,4,4,3,3,3,3,4,3,4,3,4,4,4,4,2,3,4,4,4,5,4,4,5,5,4,4,4,4,4,4,4,4,4,,4,4,3.5,5.0,3.0,3.17,3.5,3.33,3.5,4.17,4.33,4.0,3.72
R2365,Hospitality/Services,Large: 250 employees or more,11-20 years,100-249,Commercial area,Mixed municipal waste,Yes,Environmental or sustainability department,4,,5,5,5,5,5,4,4,4,4,4,3,3,4,4,4,3,4,4,4,4,2,4,4,5,5,5,4,4,5,4,4,5,4,5,4,5,4,4,5,4,5,5,4,5,5,5,4,4,5,4,3,4,3,3,4,2,2,3,2,2,4.8,4.17,3.5,3.67,4.5,4.5,4.33,4.83,4.0,2.62,4.26
R2366,Retail,Large: 250 employees or more,11-20 years,250 or more,Commercial area,Paper and cardboard,Yes,Environmental or sustainability department,3,3,3,3,3,4,4,4,3,4,3,5,4,5,4,3,4,5,2,3,3,3,3,4,5,4,5,4,3,5,5,5,4,4,5,4,4,5,3,4,3,5,3,3,4,5,5,3,3,3,3,5,4,2,3,3,2,2,3,2,2,5,3.17,3.83,4.17,3.0,4.33,4.5,4.0,3.83,3.33,2.75,3.8
R2367,Manufacturing,Medium: 50-249 employees,11-20 years,50-99,Industrial area,Food or organic waste,Under development,Operations department,5,4,4,5,4,4,4,2,3,3,3,4,3,3,2,3,4,2,3,3,3,3,4,2,3,4,3,5,4,4,5,3,4,4,3,3,5,4,5,4,4,4,4,3,3,4,4,3,,3,4,2,4,4,2,3,3,2,3,1,2,3,4.33,3.17,2.83,3.0,3.83,3.67,4.33,3.5,3.4,2.38,3.56
R2368,Manufacturing,Small: 10-49 employees,Less than 3 years,10-49,Commercial area,Mixed municipal waste,Under development,External waste-management agency,4,3,2,3,3,3,2,3,2,3,3,3,3,2,4,2,3,4,2,3,2,4,3,4,3,3,2,3,3,3,4,3,5,4,4,4,5,4,3,4,5,5,4,4,4,2,4,3,3,4,3,3,4,3,3,3,4,3,4,3,3,4,3.0,2.67,3.0,3.0,2.83,4.0,4.33,3.5,3.33,3.38,3.3
R2369,Information Technology,Micro: Fewer than 10 employees,3-5 years,10-49,Urban area,Paper and cardboard,No,External waste-management agency,3,2,3,3,2,3,2,2,3,3,4,3,2,2,1,1,2,2,3,4,3,2,5,3,2,3,3,3,4,4,4,3,4,4,4,3,2,2,3,3,2,2,4,4,4,4,4,3,4,3,3,2,4,4,3,3,3,4,3,4,2,2,2.67,2.83,1.67,3.33,3.17,3.67,2.33,3.83,3.33,3.0,2.98
R2370,Hospitality/Services,Large: 250 employees or more,11-20 years,250 or more,Commercial area,Paper and cardboard,Yes,Facility management team,4,3,3,3,2,3,4,3,4,5,4,4,4,4,5,4,5,3,4,3,4,4,4,5,4,5,3,2,3,4,4,,4,4,3,4,4,5,5,4,4,5,3,3,,4,3,4,4,4,3,3,3,3,2,2,4,2,3,2,2,2,3.0,4.0,4.17,4.0,3.5,3.8,4.5,3.4,3.33,2.38,3.74
R2371,Retail,Micro: Fewer than 10 employees,Less than 3 years,Fewer than 10,Urban area,Plastic waste,Not sure,External waste-management agency,3,3,4,3,2,2,4,3,4,4,4,4,2,4,4,4,4,3,2,3,2,3,2,2,3,3,4,4,3,3,3,5,3,4,3,4,3,3,3,1,3,3,3,2,3,2,1,3,4,2,3,2,3,3,2,2,2,,2,2,2,2,2.83,3.83,3.5,2.33,3.33,3.67,2.67,2.33,2.83,2.0,3.04
R2372,Manufacturing,Small: 10-49 employees,11-20 years,10-49,Industrial area,Plastic waste,No,Operations department,2,3,3,2,3,3,5,3,5,4,5,4,4,4,4,4,3,3,2,2,4,3,2,3,3,3,3,3,3,4,4,5,4,3,3,4,3,4,3,3,3,3,4,4,4,5,3,3,3,3,2,3,2,4,4,3,2,4,3,4,4,2,2.67,4.33,3.67,2.67,3.17,3.83,3.17,3.83,2.83,3.25,3.35
R2373,Retail,Medium: 50-249 employees,6-10 years,100-249,Semi-urban area,Paper and cardboard,Yes,Facility management team,3,3,5,4,5,3,2,3,3,3,3,3,3,4,3,3,,3,3,3,3,3,4,4,3,4,3,3,3,3,3,3,3,3,2,2,4,3,3,2,2,4,3,4,4,3,3,4,3,3,3,1,3,2,4,3,2,3,2,3,4,3,3.83,2.83,3.2,3.33,3.17,2.67,3.0,3.5,2.5,3.0,3.11
R2374,Retail,Medium: 50-249 employees,11-20 years,50-99,Semi-urban area,Mixed municipal waste,Not sure,Environmental or sustainability department,3,4,4,4,,3,5,4,4,5,4,5,4,4,4,5,5,3,4,3,4,4,2,5,5,4,4,4,3,3,4,5,4,5,5,4,5,4,4,3,5,4,3,3,3,3,2,3,5,4,5,4,5,5,4,3,4,3,5,3,2,3,3.6,4.5,4.17,3.67,3.83,4.5,4.17,2.83,4.67,3.38,3.99
R2375,Hospitality/Services,Medium: 50-249 employees,Less than 3 years,50-99,Commercial area,Food or organic waste,Under development,External waste-management agency,4,3,4,4,3,3,3,4,3,3,3,4,2,2,2,2,3,3,2,3,2,3,3,1,2,2,3,2,3,4,4,3,2,2,2,3,1,4,4,1,3,2,,5,3,4,4,4,3,3,4,,3,3,3,3,3,3,1,2,3,3,3.5,3.33,2.33,2.33,2.67,2.67,2.5,4.0,3.2,2.62,2.95
R2376,Healthcare,Micro: Fewer than 10 employees,Less than 3 years,Fewer than 10,Semi-urban area,Plastic waste,No,External waste-management agency,2,2,2,2,2,3,2,2,2,2,2,3,3,3,2,3,3,3,4,2,4,3,4,3,3,1,4,3,1,3,2,2,3,3,2,3,3,3,4,4,2,3,3,3,3,2,1,1,2,2,2,2,2,2,2,3,3,2,4,2,3,3,2.17,2.17,2.83,3.33,2.5,2.5,3.17,2.17,2.0,2.75,2.54
R2377,Manufacturing,Large: 250 employees or more,6-10 years,250 or more,Industrial area,Mixed municipal waste,Yes,Environmental or sustainability department,3,4,4,4,3,4,4,3,3,3,3,5,4,3,3,3,3,3,3,4,3,4,4,5,3,4,4,3,3,2,4,4,4,4,4,4,4,2,3,2,5,3,3,5,4,5,4,4,3,3,4,3,4,3,2,3,2,3,4,4,4,3,3.67,3.5,3.17,3.83,3.17,4.0,3.17,4.17,3.33,3.12,3.56
R2378,Retail,Small: 10-49 employees,11-20 years,10-49,Industrial area,Mixed municipal waste,Not sure,Operations department,3,5,4,4,4,4,2,3,3,3,3,3,3,2,3,2,3,4,4,3,4,4,5,3,5,3,4,4,5,4,3,2,3,3,2,3,3,4,3,4,1,3,4,4,3,2,3,2,3,3,4,3,3,3,2,3,4,2,1,4,3,3,4.0,2.83,2.83,3.83,4.17,2.67,3.0,3.0,3.17,2.75,3.28
R2379,Manufacturing,Large: 250 employees or more,6-10 years,250 or more,Industrial area,Paper and cardboard,Not sure,Operations department,3,4,4,5,3,4,3,4,4,3,3,5,3,3,4,2,2,3,4,3,4,4,2,4,3,3,4,3,5,3,4,5,4,4,4,4,3,4,3,2,2,3,5,4,3,4,4,5,4,3,4,4,4,3,2,4,4,4,3,4,3,4,3.83,3.67,2.83,3.5,3.5,4.17,2.83,4.17,3.67,3.5,3.57
R2380,Healthcare,Large: 250 employees or more,11-20 years,250 or more,Urban area,Mixed municipal waste,Not sure,Facility management team,2,2,3,2,3,3,3,4,3,3,3,3,4,3,4,3,4,4,3,4,3,4,4,3,4,3,3,2,3,3,4,4,4,4,4,3,4,4,4,5,5,5,4,2,3,2,3,2,4,4,3,3,4,5,3,3,3,4,3,3,3,3,2.5,3.17,3.67,3.5,3.0,3.83,4.5,2.67,3.83,3.12,3.41
R2381,Healthcare,Medium: 50-249 employees,Less than 3 years,100-249,Semi-urban area,Paper and cardboard,No,Facility management team,4,3,3,3,3,2,3,4,4,3,4,4,3,4,4,4,4,2,2,4,3,3,3,3,3,4,4,2,2,4,4,2,3,2,4,1,4,3,3,3,2,2,4,4,4,4,4,4,4,3,3,4,4,3,4,2,2,3,3,3,,1,3.0,3.67,3.5,3.0,3.17,2.67,2.83,4.0,3.5,2.57,3.26
R2382,Manufacturing,Small: 10-49 employees,6-10 years,Fewer than 10,Industrial area,Plastic waste,Under development,Environmental or sustainability department,5,5,3,3,3,4,4,4,,3,4,,4,3,4,3,3,3,3,3,3,3,3,3,3,4,5,2,4,4,4,3,3,3,2,2,2,5,3,5,4,3,3,4,3,4,4,3,4,3,4,5,3,4,2,3,3,4,5,4,3,4,3.83,3.75,3.33,3.0,3.67,2.83,3.67,3.5,3.83,3.5,3.49
R2383,Retail,Micro: Fewer than 10 employees,6-10 years,Fewer than 10,Commercial area,Paper and cardboard,No,External waste-management agency,4,2,2,1,3,3,1,3,2,3,2,2,3,3,3,3,4,3,3,,4,4,3,5,3,4,3,3,4,4,3,2,4,3,3,4,1,3,4,3,3,3,3,3,4,4,4,4,3,3,3,2,3,3,2,4,3,3,4,3,4,5,2.5,2.17,3.17,3.8,3.5,3.17,2.83,3.67,2.83,3.5,3.07
R2384,Hospitality/Services,Large: 250 employees or more,Less than 3 years,250 or more,Urban area,Mixed municipal waste,No,Facility management team,5,4,4,4,4,5,3,4,4,4,3,3,4,4,3,2,3,2,3,3,2,3,4,3,4,4,4,5,3,3,4,3,3,4,5,5,2,3,5,2,2,3,4,3,4,4,3,4,3,3,3,3,4,2,3,4,5,5,4,4,3,3,4.33,3.5,3.0,3.0,3.83,4.0,2.83,3.67,3.0,3.88,3.46
R2385,Information Technology,Large: 250 employees or more,11-20 years,100-249,Urban area,Paper and cardboard,Under development,Operations department,3,3,3,4,5,3,5,4,5,5,5,4,2,3,4,3,3,4,3,4,3,3,3,4,4,4,5,5,3,3,4,4,4,3,4,3,4,4,5,5,4,4,4,4,4,3,4,4,5,5,5,5,4,4,2,3,3,4,3,3,3,3,3.5,4.67,3.17,3.33,4.0,3.67,4.33,3.83,4.67,3.0,3.91
R2386,Healthcare,Large: 250 employees or more,6-10 years,100-249,Urban area,Paper and cardboard,Not sure,Operations department,3,3,3,3,3,4,4,4,4,3,4,3,2,3,3,3,3,3,4,4,4,3,3,3,5,3,4,5,4,4,2,2,2,3,3,1,,4,5,3,4,3,3,5,4,4,4,5,4,3,3,4,3,3,3,3,4,3,4,4,3,4,3.17,3.67,2.83,3.5,4.17,2.17,3.8,4.17,3.33,3.5,3.42
R2387,Retail,Small: 10-49 employees,Less than 3 years,10-49,Industrial area,Paper and cardboard,No,External waste-management agency,3,2,2,2,3,,2,2,3,2,3,3,2,2,2,1,2,2,3,4,2,4,4,4,2,2,3,3,3,2,5,4,3,4,4,,3,3,2,2,3,2,2,3,2,1,1,2,3,2,2,3,2,3,3,4,2,2,5,4,4,4,2.4,2.5,1.83,3.5,2.5,4.0,2.5,1.83,2.5,3.5,2.62
R2388,Hospitality/Services,Small: 10-49 employees,6-10 years,10-49,Commercial area,Plastic waste,No,Operations department,4,3,3,4,2,3,4,4,4,3,4,5,4,4,4,2,2,3,3,3,3,3,4,3,3,4,3,4,3,2,3,4,4,4,3,4,4,5,3,5,5,4,4,5,5,4,3,4,4,4,4,4,4,5,3,4,3,4,5,3,3,2,3.17,4.0,3.17,3.17,3.17,3.67,4.33,4.17,4.17,3.38,3.67
R2389,Information Technology,Large: 250 employees or more,3-5 years,250 or more,Urban area,Mixed municipal waste,Yes,Environmental or sustainability department,5,4,5,5,4,5,3,4,5,3,5,3,4,4,4,4,5,4,4,3,3,4,4,3,4,4,4,5,4,4,5,4,4,5,4,5,4,5,4,5,5,5,4,3,3,3,3,4,3,4,5,4,4,5,4,3,2,2,4,2,3,4,4.67,3.83,4.17,3.5,4.17,4.5,4.67,3.33,4.17,3.0,4.11
R2390,Hospitality/Services,Micro: Fewer than 10 employees,11-20 years,Fewer than 10,Urban area,Food or organic waste,Under development,Operations department,5,3,2,4,2,5,3,2,3,4,2,3,3,3,3,3,4,5,2,3,3,4,2,3,3,4,3,3,3,3,4,3,4,3,3,3,4,4,3,3,4,4,4,3,4,4,4,4,3,3,3,3,4,3,3,3,2,3,3,4,3,3,3.5,2.83,3.5,2.83,3.17,3.33,3.67,3.83,3.17,3.0,3.31
R2391,Manufacturing,Micro: Fewer than 10 employees,3-5 years,Fewer than 10,Urban area,Mixed municipal waste,No,External waste-management agency,3,,3,3,3,3,3,2,2,2,2,3,3,4,3,3,3,3,2,1,1,1,1,2,3,2,2,4,4,3,3,3,3,3,3,3,3,2,3,3,3,3,2,2,2,1,1,2,2,2,3,4,2,4,1,3,2,4,3,3,2,4,3.0,2.33,3.17,1.33,3.0,3.0,2.83,1.67,2.83,2.75,2.57
R2392,Manufacturing,Medium: 50-249 employees,11-20 years,100-249,Industrial area,Plastic waste,Yes,Operations department,5,3,3,3,3,3,2,3,4,4,3,3,4,4,5,5,4,3,3,4,4,4,4,3,4,4,5,,3,4,3,4,2,4,5,4,5,4,3,4,3,5,4,3,3,4,4,4,4,4,2,4,5,5,,2,2,2,3,3,4,3,3.33,3.17,4.17,3.67,4.0,3.67,4.0,3.67,4.0,2.71,3.74
R2393,Manufacturing,Small: 10-49 employees,Less than 3 years,10-49,Industrial area,Plastic waste,Not sure,Operations department,3,3,4,3,4,4,4,3,2,3,3,3,4,3,3,4,3,3,2,3,3,2,3,4,3,5,4,4,3,4,2,2,3,3,3,2,3,3,3,4,3,4,4,3,3,4,4,3,3,3,3,2,2,4,4,5,2,5,4,4,4,3,3.5,3.0,3.33,2.83,3.83,2.5,3.33,3.5,2.83,3.88,3.18
R2394,Information Technology,Large: 250 employees or more,6-10 years,250 or more,Urban area,Paper and cardboard,Yes,Facility management team,4,3,4,4,3,4,4,3,4,4,4,5,3,2,3,3,2,2,4,4,4,4,4,4,3,5,4,4,3,4,4,3,5,3,3,4,4,4,5,4,4,5,4,4,5,3,3,3,3,2,3,3,3,4,4,2,2,3,4,3,3,,3.67,4.0,2.5,4.0,3.83,3.67,4.33,3.67,3.0,3.0,3.63
R2395,Healthcare,Small: 10-49 employees,3-5 years,10-49,Semi-urban area,Paper and cardboard,Yes,Operations department,3,3,3,2,3,4,4,4,4,3,2,3,1,2,3,1,1,3,3,3,2,3,3,3,3,3,4,4,4,3,4,4,3,4,3,4,3,2,2,3,2,4,3,3,3,2,3,2,3,4,3,4,3,3,3,5,4,3,4,4,5,5,3.0,3.33,1.83,2.83,3.5,3.67,2.67,2.67,3.33,4.12,2.98
R2396,Manufacturing,Small: 10-49 employees,3-5 years,10-49,Semi-urban area,Mixed municipal waste,Yes,External waste-management agency,1,2,2,2,3,3,3,2,3,4,2,2,4,4,3,4,5,4,1,2,3,2,3,3,3,3,3,4,1,3,3,3,3,3,4,4,2,4,3,4,3,3,3,3,4,3,3,4,3,3,3,3,3,4,4,3,2,3,4,4,4,5,2.17,2.67,4.0,2.33,2.83,3.33,3.17,3.33,3.17,3.62,3.0
R2397,Hospitality/Services,Micro: Fewer than 10 employees,6-10 years,Fewer than 10,Commercial area,Food or organic waste,No,Operations department,4,3,4,4,3,3,3,3,3,2,3,3,2,,2,3,2,3,3,5,4,3,3,3,3,3,4,3,4,4,3,3,4,3,3,3,3,3,2,2,3,4,3,4,4,4,4,3,2,4,4,,3,3,2,3,4,3,3,2,3,4,3.5,2.83,2.4,3.5,3.5,3.17,2.83,3.67,3.2,3.0,3.18
R2398,Hospitality/Services,Small: 10-49 employees,Less than 3 years,Fewer than 10,Urban area,Mixed municipal waste,No,External waste-management agency,4,2,4,3,4,4,4,4,3,4,3,4,4,3,2,5,3,3,4,3,3,3,4,3,2,3,3,4,3,4,4,4,4,5,4,4,4,5,2,4,3,3,2,2,3,2,2,3,2,2,4,3,3,2,4,4,4,3,5,4,4,3,3.5,3.67,3.33,3.33,3.17,4.17,3.5,2.33,2.67,3.88,3.3
R2399,Manufacturing,Micro: Fewer than 10 employees,Less than 3 years,Fewer than 10,Industrial area,Plastic waste,Not sure,External waste-management agency,4,2,3,2,3,3,3,5,4,4,4,4,3,3,3,3,4,2,4,3,4,4,3,4,3,3,4,3,4,3,4,2,3,3,3,3,3,3,4,3,3,4,3,4,4,4,5,4,5,4,4,4,4,5,3,2,4,3,3,3,4,4,2.83,4.0,3.0,3.67,3.33,3.0,3.33,4.0,4.33,3.25,3.5
R2400,Healthcare,Micro: Fewer than 10 employees,6-10 years,Fewer than 10,Urban area,Mixed municipal waste,Under development,External waste-management agency,4,4,5,5,4,5,3,2,3,4,4,4,4,4,4,4,4,4,3,5,4,4,3,3,4,4,4,3,4,3,4,4,4,2,3,4,3,4,3,3,3,4,3,3,4,2,3,2,3,3,3,3,3,2,3,3,,4,3,3,3,2,4.5,3.33,4.0,3.67,3.67,3.5,3.33,2.83,2.83,3.0,3.52
R2401,Healthcare,Medium: 50-249 employees,Less than 3 years,100-249,Urban area,Mixed municipal waste,Not sure,Operations department,2,2,2,4,4,,3,3,2,3,3,3,3,3,4,4,3,3,2,3,2,3,3,3,3,2,3,3,2,4,5,3,3,4,3,4,2,3,3,3,3,4,3,4,4,4,3,3,2,3,3,3,3,3,4,4,3,3,4,,4,4,2.8,2.83,3.33,2.67,2.83,3.67,3.0,3.5,2.83,3.71,3.05
R2402,Manufacturing,Small: 10-49 employees,6-10 years,10-49,Industrial area,Paper and cardboard,Yes,Operations department,5,4,5,5,5,5,5,3,3,4,5,5,4,3,3,3,3,4,5,4,4,4,5,5,5,3,4,4,3,4,4,4,4,3,5,4,2,4,3,4,4,4,4,3,2,5,4,4,4,4,4,4,4,5,3,4,3,3,3,3,3,4,4.83,4.17,3.33,4.5,3.83,4.0,3.5,3.67,4.17,3.25,4.0
R2403,Healthcare,Large: 250 employees or more,3-5 years,250 or more,Urban area,Mixed municipal waste,Not sure,External waste-management agency,5,5,4,4,3,4,3,5,4,4,4,4,2,3,3,4,3,2,4,,4,5,5,3,3,3,3,2,3,3,2,2,3,3,3,4,3,3,3,3,3,4,4,4,4,4,4,3,3,5,3,4,4,4,5,5,4,2,3,2,5,4,4.17,4.0,2.83,4.2,2.83,2.83,3.17,3.83,3.83,3.75,3.52
R2404,Manufacturing,Medium: 50-249 employees,6-10 years,100-249,Industrial area,Paper and cardboard,No,External waste-management agency,3,2,2,2,4,3,4,3,2,2,4,4,4,3,3,2,3,3,2,4,3,3,3,4,4,5,5,4,,4,3,4,3,3,4,4,3,5,3,4,3,3,3,3,3,4,4,4,1,4,4,2,4,3,3,3,4,2,3,4,3,4,2.67,3.17,3.0,3.17,4.4,3.5,3.5,3.5,3.0,3.25,3.32
R2405,Hospitality/Services,Micro: Fewer than 10 employees,11-20 years,Fewer than 10,Semi-urban area,Food or organic waste,No,External waste-management agency,4,4,4,4,3,4,4,4,4,4,3,4,3,4,3,3,4,4,3,4,3,3,3,4,4,4,4,4,4,4,2,3,3,2,3,3,3,1,3,2,3,2,3,3,2,4,3,3,3,4,2,4,3,3,3,2,5,2,3,3,3,1,3.83,3.83,3.5,3.33,4.0,2.67,2.33,3.0,3.17,2.75,3.3
R2406,Information Technology,Small: 10-49 employees,Less than 3 years,50-99,Urban area,Mixed municipal waste,No,External waste-management agency,3,4,3,4,4,3,3,2,2,3,3,3,3,3,3,3,4,4,3,2,3,3,2,2,3,3,2,2,4,4,4,4,3,3,3,3,3,4,,4,4,3,2,2,3,3,3,3,3,4,2,5,4,4,3,3,3,5,5,5,3,4,3.5,2.67,3.33,2.5,3.0,3.33,3.6,2.67,3.67,3.88,3.14
R2407,Hospitality/Services,Small: 10-49 employees,11-20 years,50-99,Urban area,Mixed municipal waste,Under development,Operations department,3,4,3,3,3,3,3,3,3,3,4,4,4,4,4,2,2,3,4,5,5,4,4,4,4,4,3,4,4,4,2,4,4,4,3,4,3,2,3,2,2,1,4,3,4,4,3,4,5,5,5,5,4,4,1,3,4,4,3,5,4,3,3.17,3.33,3.17,4.33,3.83,3.5,2.17,3.67,4.67,3.38,3.54
R2408,Information Technology,Micro: Fewer than 10 employees,3-5 years,Fewer than 10,Urban area,Paper and cardboard,No,Facility management team,4,,2,2,1,3,3,4,3,4,3,2,,3,4,2,3,4,3,4,3,3,4,4,4,4,4,5,4,5,3,3,3,4,3,4,3,4,4,2,2,3,3,3,2,2,3,3,4,4,4,4,5,5,3,4,2,3,3,4,2,3,2.4,3.17,3.2,3.5,4.33,3.33,3.0,2.67,4.33,3.0,3.33
R2409,Manufacturing,Micro: Fewer than 10 employees,Less than 3 years,10-49,Urban area,Plastic waste,No,External waste-management agency,3,1,1,2,2,2,3,3,3,3,4,2,2,2,3,2,3,4,3,3,2,3,3,2,2,3,2,3,2,3,2,4,2,2,2,3,4,3,3,4,3,3,2,1,2,1,3,2,3,3,3,3,2,3,4,4,4,4,3,4,4,3,1.83,3.0,2.67,2.67,2.5,2.5,3.33,1.83,2.83,3.75,2.57
R2410,Retail,Small: 10-49 employees,Less than 3 years,10-49,Commercial area,Plastic waste,Not sure,Operations department,3,4,4,3,3,3,5,5,4,4,4,4,3,3,2,3,3,3,3,2,4,3,4,5,3,3,2,3,3,3,3,3,3,3,2,3,4,4,3,3,3,3,3,2,3,3,2,2,5,4,4,4,4,5,3,3,3,4,4,4,4,4,3.33,4.33,2.83,3.5,2.83,2.83,3.33,2.5,4.33,3.62,3.31
R2411,Information Technology,Micro: Fewer than 10 employees,6-10 years,Fewer than 10,Urban area,Mixed municipal waste,No,Operations department,2,3,3,3,2,3,4,2,3,3,2,2,2,3,3,3,4,3,3,3,3,3,3,3,4,4,2,3,3,5,2,4,2,5,2,,3,4,3,3,3,4,2,3,3,3,3,3,2,3,4,2,3,3,3,,4,4,3,4,3,4,2.67,2.67,3.0,3.0,3.5,3.0,3.33,2.83,2.83,3.57,2.98
R2412,Retail,Large: 250 employees or more,11-20 years,100-249,Commercial area,Plastic waste,Yes,Environmental or sustainability department,3,4,3,5,4,3,5,5,5,5,4,5,4,4,4,3,3,3,3,3,5,4,4,4,5,3,5,5,4,4,4,4,4,5,4,4,4,3,3,3,4,4,4,3,3,3,4,4,5,4,5,5,5,5,5,2,4,4,2,3,3,4,3.67,4.83,3.5,3.83,4.33,4.17,3.5,3.5,4.83,3.38,4.02
R2413,Information Technology,Micro: Fewer than 10 employees,Less than 3 years,Fewer than 10,Urban area,Paper and cardboard,No,External waste-management agency,4,3,3,3,3,3,2,3,3,3,4,3,3,4,3,3,3,3,3,3,5,3,2,2,3,3,3,4,3,4,4,4,2,3,3,2,3,3,3,4,4,3,3,3,2,2,3,3,3,3,2,2,3,2,3,4,4,3,4,3,5,4,3.17,3.0,3.17,3.0,3.33,3.0,3.33,2.67,2.5,3.75,3.02
R2414,Retail,Small: 10-49 employees,Less than 3 years,10-49,Commercial area,Paper and cardboard,No,External waste-management agency,3,2,3,3,2,3,2,3,3,2,2,4,3,3,3,3,3,2,3,3,2,3,2,2,3,3,3,4,2,3,1,1,1,1,1,1,2,2,2,2,1,3,3,3,4,3,3,2,4,3,4,4,4,4,4,4,3,2,3,1,3,4,2.67,2.67,2.83,2.5,3.0,1.0,2.0,3.0,3.83,3.0,2.61
R2415,Manufacturing,Small: 10-49 employees,11-20 years,10-49,Commercial area,Plastic waste,Yes,Facility management team,2,4,4,4,4,3,4,5,5,5,5,4,4,3,4,4,3,3,4,3,3,4,4,4,3,4,3,4,4,3,5,3,4,4,4,4,5,4,5,4,5,4,5,4,3,4,5,5,3,3,5,3,3,3,4,3,3,2,2,2,3,4,3.5,4.67,3.5,3.67,3.5,4.0,4.5,4.33,3.33,2.88,3.89
R2416,Retail,Large: 250 employees or more,11-20 years,250 or more,Industrial area,Mixed municipal waste,Yes,External waste-management agency,3,4,3,4,2,4,3,3,4,4,3,4,4,4,4,5,3,2,4,3,4,3,4,3,4,4,5,3,5,5,5,3,5,4,5,4,3,5,4,3,3,4,4,5,5,5,3,4,5,5,4,4,5,5,4,2,2,2,2,3,3,2,3.33,3.5,3.67,3.5,4.33,4.33,3.67,4.33,4.67,2.5,3.93
R2417,Healthcare,Small: 10-49 employees,3-5 years,10-49,Urban area,Mixed municipal waste,No,Environmental or sustainability department,3,2,3,2,3,3,3,2,4,2,2,4,4,2,3,3,4,3,4,2,3,3,3,3,4,3,3,2,2,3,4,3,4,4,4,4,3,3,3,3,2,3,4,3,3,2,4,3,3,3,2,3,,2,3,2,3,3,2,3,2,2,2.67,2.83,3.17,3.0,2.83,3.83,2.83,3.17,2.6,2.5,2.99
R2418,Retail,Small: 10-49 employees,6-10 years,10-49,Commercial area,Mixed municipal waste,Under development,Facility management team,2,3,2,3,3,3,3,3,2,2,3,3,2,2,2,2,1,3,4,4,4,2,4,3,5,3,3,4,4,3,2,4,3,3,3,4,3,3,2,3,2,3,2,3,2,2,2,3,3,4,4,3,2,2,4,3,3,3,3,3,3,2,2.67,2.67,2.0,3.5,3.67,3.17,2.67,2.33,3.0,3.0,2.85
R2419,Healthcare,Small: 10-49 employees,11-20 years,Fewer than 10,Urban area,Paper and cardboard,Yes,Operations department,4,3,3,4,4,4,4,3,4,5,4,4,3,5,4,4,3,4,4,5,4,3,2,2,4,2,3,3,4,3,4,3,3,4,3,3,4,5,4,4,3,4,4,3,4,4,5,4,4,3,4,3,4,5,3,3,3,5,3,3,2,3,3.67,4.0,3.83,3.33,3.17,3.33,4.0,4.0,3.83,3.12,3.68
R2420,Retail,Micro: Fewer than 10 employees,Less than 3 years,10-49,Commercial area,Plastic waste,No,External waste-management agency,3,3,2,2,3,4,2,2,2,3,3,3,2,2,2,3,3,2,2,3,2,3,3,3,5,4,3,3,4,3,2,1,1,3,1,3,2,2,2,2,3,4,2,3,3,2,3,2,3,2,2,3,3,3,3,4,4,3,3,4,5,3,2.83,2.5,2.33,2.67,3.67,1.83,2.5,2.5,2.67,3.62,2.61
R2421,Information Technology,Small: 10-49 employees,6-10 years,10-49,Urban area,Food or organic waste,Not sure,Operations department,3,3,1,3,2,3,3,2,3,2,2,3,4,3,4,2,2,3,4,3,3,3,1,4,3,3,4,2,2,3,3,3,3,2,2,3,3,2,2,1,3,2,3,1,2,3,2,2,3,2,4,3,4,3,3,3,4,3,4,4,3,4,2.5,2.5,3.0,3.0,2.83,2.67,2.17,2.17,3.17,3.5,2.67
R2422,Healthcare,Large: 250 employees or more,3-5 years,100-249,Urban area,Food or organic waste,No,Operations department,3,4,4,3,3,3,5,4,3,4,4,4,2,,3,2,2,4,3,3,3,2,3,3,4,4,4,4,4,3,3,4,3,4,3,4,5,4,4,3,3,3,2,2,2,2,2,2,2,3,3,3,3,4,3,1,3,3,2,3,2,4,3.33,4.0,2.6,2.83,3.83,3.5,3.67,2.0,3.0,2.62,3.2
R2423,Healthcare,Large: 250 employees or more,11-20 years,100-249,Urban area,Mixed municipal waste,Yes,Environmental or sustainability department,3,3,3,3,3,3,3,3,3,3,3,3,3,3,3,3,3,3,3,3,3,3,3,3,3,3,3,3,3,3,3,3,3,3,3,3,3,3,3,3,3,3,3,3,3,3,3,3,3,3,3,3,3,3,3,3,3,3,3,3,3,3,3.0,3.0,3.0,3.0,3.0,3.0,3.0,3.0,3.0,3.0,3.0
R2424,Retail,Micro: Fewer than 10 employees,3-5 years,Fewer than 10,Commercial area,Mixed municipal waste,No,External waste-management agency,4,3,4,4,3,4,4,3,4,2,4,3,2,1,2,2,2,1,4,4,4,3,4,4,3,3,3,5,4,2,2,1,4,4,4,3,2,2,,2,3,3,4,3,3,5,5,3,5,4,4,3,3,4,5,4,4,3,4,4,4,3,3.67,3.33,1.67,3.83,3.33,3.0,2.4,3.83,3.83,3.88,3.21
R2425,Retail,Medium: 50-249 employees,6-10 years,10-49,Urban area,Food or organic waste,Under development,Environmental or sustainability department,3,4,4,4,3,4,3,3,3,3,4,3,4,4,4,3,4,5,2,3,4,4,4,4,4,4,4,4,4,4,5,4,4,2,4,4,4,4,4,2,4,4,4,3,4,2,3,4,3,3,2,3,4,3,3,2,3,4,3,3,4,4,3.67,3.17,4.0,3.5,4.0,3.83,3.67,3.33,3.0,3.25,3.57
R2426,Manufacturing,Large: 250 employees or more,Less than 3 years,100-249,Urban area,Paper and cardboard,Under development,Operations department,4,4,4,4,4,4,4,4,4,4,4,4,4,4,4,4,4,4,4,4,4,4,4,4,4,4,4,4,4,4,4,4,4,,4,4,4,4,4,4,4,4,4,4,4,4,4,4,4,4,4,4,4,4,4,4,4,4,4,4,4,4,4.0,4.0,4.0,4.0,4.0,4.0,4.0,4.0,4.0,4.0,4.0
R2427,Healthcare,Large: 250 employees or more,11-20 years,250 or more,Urban area,Mixed municipal waste,Yes,Environmental or sustainability department,4,4,5,4,5,4,4,4,4,3,4,4,3,3,3,4,4,3,4,4,4,4,4,3,4,4,5,3,4,5,4,3,5,3,4,5,4,5,4,4,4,4,4,5,4,4,5,4,4,5,3,4,4,4,1,1,3,3,3,2,2,3,4.33,3.83,3.33,3.83,4.17,4.0,4.17,4.33,4.0,2.25,4.0
R2428,Manufacturing,Large: 250 employees or more,Less than 3 years,250 or more,Commercial area,Mixed municipal waste,No,External waste-management agency,2,3,3,3,2,4,4,4,4,3,5,3,4,2,4,3,2,4,3,3,4,2,3,2,3,3,3,4,3,3,4,3,3,2,3,4,3,5,4,4,5,4,2,3,2,4,3,3,3,2,2,3,4,2,4,3,3,4,3,4,3,2,2.83,3.83,3.17,2.83,3.17,3.17,4.17,2.83,2.67,3.25,3.19
R2429,Information Technology,Small: 10-49 employees,11-20 years,10-49,Commercial area,Mixed municipal waste,Not sure,Operations department,3,2,4,4,4,5,5,5,4,3,5,4,3,4,3,3,4,3,3,3,3,3,4,3,4,2,4,3,3,3,2,4,3,2,3,3,4,4,3,3,3,4,4,3,5,4,3,4,3,2,2,3,4,2,4,4,2,2,2,2,4,4,3.67,4.33,3.33,3.17,3.17,2.83,3.5,3.83,2.67,3.0,3.39
R2430,Information Technology,Large: 250 employees or more,11-20 years,100-249,Urban area,Paper and cardboard,Yes,Facility management team,4,5,4,5,3,3,4,3,3,3,4,4,5,5,5,5,4,3,4,2,3,4,3,4,4,4,3,4,5,4,5,5,2,5,5,4,3,4,3,2,5,3,4,5,4,3,4,4,4,2,2,4,2,2,4,4,2,3,3,3,4,3,4.0,3.5,4.5,3.33,4.0,4.33,3.33,4.0,2.67,3.25,3.74
R2431,Retail,Small: 10-49 employees,3-5 years,10-49,Urban area,Plastic waste,No,Operations department,5,3,3,4,3,5,2,2,2,3,3,2,3,2,3,4,3,3,3,3,3,3,2,2,2,2,3,2,2,2,3,4,4,2,3,4,2,,3,2,4,3,1,3,3,2,2,2,4,3,3,4,5,4,5,5,3,3,5,4,4,5,3.83,2.33,3.0,2.67,2.17,3.33,2.8,2.17,3.83,4.25,2.9
R2432,Information Technology,Large: 250 employees or more,6-10 years,100-249,Urban area,Paper and cardboard,Yes,Facility management team,4,3,3,4,3,4,5,5,5,4,4,4,3,3,5,5,5,5,5,4,5,4,,5,4,3,5,4,2,3,5,3,4,3,4,3,5,3,5,4,5,4,4,3,4,3,3,5,3,3,3,2,3,3,2,3,2,4,2,3,2,3,3.5,4.5,4.33,4.6,3.5,3.67,4.33,3.67,2.83,2.62,3.88
R2433,Healthcare,Micro: Fewer than 10 employees,Less than 3 years,Fewer than 10,Commercial area,Mixed municipal waste,No,Operations department,3,4,3,3,3,5,3,2,3,3,3,3,4,3,5,3,4,4,3,3,3,3,2,3,4,4,3,4,4,2,4,3,3,3,2,3,2,2,3,4,3,4,3,3,2,3,3,3,3,3,3,4,3,4,3,3,4,3,3,4,5,5,3.5,2.83,3.83,2.83,3.5,3.0,3.0,2.83,3.33,3.75,3.18
R2434,Manufacturing,Small: 10-49 employees,3-5 years,10-49,Industrial area,Plastic waste,Yes,External waste-management agency,4,3,4,3,4,3,4,3,4,4,3,3,4,4,4,4,4,5,4,4,4,5,3,4,3,2,3,3,2,4,4,4,5,5,3,4,3,3,4,3,4,3,2,4,2,2,3,3,2,2,3,2,4,2,4,4,3,3,3,3,4,3,3.5,3.5,4.17,4.0,2.83,4.17,3.33,2.67,2.5,3.38,3.41
R2435,Information Technology,Large: 250 employees or more,11-20 years,250 or more,Urban area,Plastic waste,No,Operations department,3,3,3,3,4,4,3,3,3,3,3,3,4,3,3,3,3,4,3,3,3,3,3,3,4,3,3,2,3,3,2,3,3,4,3,2,4,3,3,3,3,2,3,4,3,3,3,3,3,2,3,3,4,3,5,3,,2,3,4,4,3,3.33,3.0,3.33,3.0,3.0,2.83,3.0,3.17,3.0,3.43,3.07
R2436,Hospitality/Services,Medium: 50-249 employees,Less than 3 years,100-249,Industrial area,Food or organic waste,No,External waste-management agency,4,3,3,3,3,3,4,4,4,5,4,4,3,3,3,4,4,2,2,2,3,5,3,2,5,2,3,3,,,1,2,2,2,2,3,3,4,4,2,3,2,3,5,3,2,4,3,2,2,5,2,4,3,4,3,3,4,3,3,4,4,3.17,4.17,3.17,2.83,3.25,2.0,3.0,3.33,3.0,3.5,3.1
R2437,Manufacturing,Large: 250 employees or more,Less than 3 years,250 or more,Commercial area,Mixed municipal waste,No,Operations department,3,3,3,3,5,3,2,2,2,3,2,2,3,3,3,3,3,3,3,2,3,4,3,3,5,3,3,3,3,2,3,2,4,2,2,3,3,4,3,3,3,4,2,4,3,4,2,2,4,2,3,3,3,3,2,3,2,3,2,2,2,3,3.33,2.17,3.0,3.0,3.17,2.67,3.33,2.83,3.0,2.38,2.94
R2438,Manufacturing,Large: 250 employees or more,11-20 years,250 or more,Commercial area,Mixed municipal waste,Yes,Facility management team,4,3,3,3,3,4,4,5,4,4,3,3,2,3,3,2,2,2,4,3,2,3,4,4,3,2,3,3,3,3,3,3,3,2,3,4,2,2,3,3,2,1,3,2,4,3,3,3,4,5,5,5,4,5,3,4,5,5,4,4,4,3,3.33,3.83,2.33,3.33,2.83,3.0,2.17,3.0,4.67,4.0,3.17
R2439,Healthcare,Large: 250 employees or more,11-20 years,100-249,Urban area,Paper and cardboard,Yes,Environmental or sustainability department,3,4,4,4,3,4,2,3,3,,3,3,3,4,4,3,4,3,3,4,4,3,5,4,3,4,4,5,,4,2,2,2,2,3,2,5,5,5,4,5,4,3,4,4,4,3,3,5,4,3,3,4,4,3,2,4,4,2,2,3,3,3.67,2.8,3.5,3.83,4.0,2.17,4.67,3.5,3.83,2.88,3.55
R2440,Retail,Small: 10-49 employees,11-20 years,10-49,Urban area,Mixed municipal waste,No,Operations department,2,3,3,2,3,4,3,3,1,4,2,3,3,1,2,2,3,2,3,2,4,4,2,3,3,4,3,4,4,4,5,5,4,4,5,5,4,4,3,3,4,3,2,3,3,3,2,4,3,4,3,4,4,3,3,3,5,4,3,4,3,2,2.83,2.67,2.17,3.0,3.67,4.67,3.5,2.83,3.5,3.38,3.2
R2441,Healthcare,Large: 250 employees or more,11-20 years,250 or more,Industrial area,Mixed municipal waste,No,Facility management team,4,3,4,3,3,3,3,3,3,3,3,4,3,2,3,3,4,3,3,4,2,2,3,2,4,3,3,3,3,4,2,2,2,3,3,4,3,4,2,4,3,3,5,4,4,3,4,3,4,3,4,3,3,4,2,3,3,2,3,3,4,3,3.33,3.17,3.0,2.67,3.33,2.67,3.17,3.83,3.5,2.88,3.19
R2442,Healthcare,Large: 250 employees or more,11-20 years,250 or more,Urban area,Food or organic waste,Not sure,Operations department,4,3,3,4,,3,3,4,4,3,3,4,3,3,2,2,3,4,4,3,4,4,3,4,3,4,4,2,4,3,4,5,5,3,4,4,4,4,5,3,4,4,5,3,4,4,5,4,5,4,5,4,5,4,2,3,2,2,3,3,2,4,3.4,3.5,2.83,3.67,3.33,4.17,4.0,4.17,4.5,2.62,3.73
R2443,Information Technology,Micro: Fewer than 10 employees,3-5 years,10-49,Urban area,Food or organic waste,Not sure,External waste-management agency,5,3,3,4,,4,3,3,2,4,2,3,3,3,3,4,3,3,3,3,4,3,4,3,4,3,4,3,4,3,2,2,3,4,4,3,3,3,4,3,4,4,2,2,1,2,2,3,3,3,2,3,4,3,3,2,5,3,3,3,2,3,3.8,2.83,3.17,3.33,3.5,3.0,3.5,2.0,3.0,3.0,3.13
R2444,Manufacturing,Small: 10-49 employees,Less than 3 years,10-49,Industrial area,Plastic waste,Yes,Environmental or sustainability department,2,4,4,4,4,3,4,3,3,3,3,3,4,5,3,4,5,3,2,3,4,2,2,2,4,3,4,4,4,4,3,4,4,4,5,5,4,4,4,4,3,4,3,5,3,3,3,4,4,3,4,3,3,3,3,3,3,4,4,4,2,3,3.5,3.17,4.0,2.5,3.83,4.17,3.83,3.5,3.33,3.25,3.54
R2445,Retail,Large: 250 employees or more,6-10 years,250 or more,Urban area,Plastic waste,Under development,External waste-management agency,4,4,5,3,5,4,3,4,3,3,3,3,5,4,4,4,5,4,4,3,5,3,4,4,5,4,4,4,5,3,4,4,4,3,4,4,4,3,4,3,4,3,3,5,4,3,3,3,3,3,4,3,3,3,3,4,3,5,4,3,3,3,4.17,3.17,4.33,3.83,4.17,3.83,3.5,3.5,3.17,3.5,3.74
R2446,Information Technology,Large: 250 employees or more,11-20 years,100-249,Urban area,Mixed municipal waste,Yes,Environmental or sustainability department,4,4,3,5,4,3,3,3,3,3,3,3,4,4,4,4,4,3,4,3,4,4,3,4,5,4,5,5,5,4,5,5,5,5,5,5,4,5,5,4,4,3,4,3,5,5,4,4,4,5,5,4,4,4,3,3,2,3,3,2,2,3,3.83,3.0,3.83,3.67,4.67,5.0,4.17,4.17,4.33,2.62,4.07
R2447,Retail,Small: 10-49 employees,3-5 years,10-49,Commercial area,Plastic waste,Under development,Operations department,3,3,3,4,4,3,3,3,3,2,2,3,2,2,2,3,3,3,3,3,3,3,2,4,4,3,3,2,3,3,2,3,3,3,3,3,3,3,3,3,3,3,3,2,2,2,4,2,2,3,2,4,3,3,3,2,2,2,2,2,2,3,3.33,2.67,2.5,3.0,3.0,2.83,3.0,2.5,2.83,2.25,2.85
R2448,Retail,Medium: 50-249 employees,3-5 years,50-99,Commercial area,Paper and cardboard,No,Facility management team,4,4,3,3,3,3,3,3,4,4,4,3,4,,4,3,4,5,2,3,3,3,3,4,3,1,3,3,4,4,4,4,2,3,3,3,4,2,4,1,3,3,2,4,3,2,3,2,4,5,5,5,5,4,3,2,3,3,2,2,4,3,3.33,3.5,4.0,3.0,3.0,3.17,2.83,2.67,4.67,2.75,3.35
R2449,Manufacturing,Large: 250 employees or more,3-5 years,250 or more,Industrial area,Mixed municipal waste,Yes,Environmental or sustainability department,5,4,5,4,4,4,3,4,3,3,3,3,4,4,4,4,2,2,4,3,4,3,4,3,4,3,3,4,3,3,2,4,3,4,3,4,3,4,4,4,5,4,4,3,5,4,4,3,4,4,5,4,5,3,2,2,1,3,1,1,2,3,4.33,3.17,3.33,3.5,3.33,3.33,4.0,3.83,4.17,1.88,3.67
R2450,Manufacturing,Large: 250 employees or more,3-5 years,100-249,Urban area,Paper and cardboard,Yes,Facility management team,2,3,4,3,3,3,3,2,3,3,3,3,4,5,4,3,4,5,4,3,3,4,4,3,4,3,3,4,3,4,4,4,4,3,5,4,3,3,3,4,3,4,4,3,3,3,2,3,3,4,3,3,4,4,3,3,3,3,3,2,2,3,3.0,2.83,4.17,3.5,3.5,4.0,3.33,3.0,3.5,2.75,3.43
R2451,Retail,Micro: Fewer than 10 employees,11-20 years,Fewer than 10,Urban area,Mixed municipal waste,No,External waste-management agency,4,3,3,3,,3,3,4,3,3,3,3,4,3,4,3,3,4,4,4,5,4,2,4,4,2,4,3,4,3,,3,4,2,4,3,3,3,3,2,3,3,5,4,4,4,5,4,1,3,3,2,3,4,4,3,4,4,3,4,3,3,3.2,3.17,3.5,3.83,3.33,3.2,2.83,4.33,2.67,3.5,3.34
R2452,Retail,Medium: 50-249 employees,11-20 years,100-249,Semi-urban area,Paper and cardboard,Not sure,External waste-management agency,4,2,3,3,3,3,4,2,4,3,3,3,4,3,2,4,4,4,4,4,3,4,3,3,3,3,4,3,3,4,2,2,3,2,2,3,4,4,2,4,3,2,4,5,4,4,5,4,4,3,3,3,3,3,4,4,4,2,3,4,3,4,3.0,3.17,3.5,3.5,3.33,2.33,3.17,4.33,3.17,3.5,3.28
R2453,Information Technology,Large: 250 employees or more,6-10 years,100-249,Urban area,Paper and cardboard,Under development,Operations department,4,3,4,3,4,,4,4,3,3,3,3,5,3,4,4,,3,4,4,4,5,4,5,3,4,5,4,5,4,4,4,4,4,3,3,4,3,5,3,3,3,4,4,4,4,5,5,4,5,4,4,5,4,2,4,4,2,4,2,3,3,3.6,3.33,3.8,4.33,4.17,3.67,3.5,4.33,4.33,3.0,3.9
R2454,Healthcare,Micro: Fewer than 10 employees,3-5 years,Fewer than 10,Commercial area,Plastic waste,Not sure,External waste-management agency,2,3,3,3,3,2,4,2,2,3,2,4,3,3,4,3,3,3,3,3,3,3,2,3,3,3,4,4,3,3,4,3,4,3,3,4,3,4,3,2,3,3,4,2,4,4,4,4,4,3,4,3,3,4,4,4,5,4,2,3,4,3,2.67,2.83,3.17,2.83,3.33,3.5,3.0,3.67,3.5,3.62,3.17
R2455,Information Technology,Micro: Fewer than 10 employees,Less than 3 years,Fewer than 10,Urban area,Mixed municipal waste,No,Facility management team,3,3,4,4,3,3,4,3,4,3,4,3,4,4,4,3,3,3,3,5,2,4,3,3,3,3,3,4,2,4,3,2,3,3,2,3,3,3,3,3,4,2,4,3,3,4,4,3,3,4,3,4,4,3,3,3,4,3,3,3,3,4,3.33,3.5,3.5,3.33,3.17,2.67,3.0,3.5,3.5,3.25,3.28
R2456,Information Technology,Small: 10-49 employees,6-10 years,10-49,Urban area,Mixed municipal waste,Under development,Operations department,3,2,3,3,4,4,3,2,3,3,3,3,4,5,5,4,4,3,3,4,4,3,5,3,3,3,5,4,3,5,3,2,3,5,2,4,3,3,4,2,2,4,1,2,1,2,1,1,3,3,4,3,3,3,4,3,3,4,3,3,3,3,3.17,2.83,4.17,3.67,3.83,3.17,3.0,1.33,3.17,3.25,3.15
R2457,Manufacturing,Medium: 50-249 employees,11-20 years,50-99,Urban area,Food or organic waste,Yes,Operations department,4,3,3,3,3,3,3,4,3,4,4,4,5,4,4,4,5,4,2,3,3,3,4,3,5,5,5,4,5,4,3,3,4,3,3,5,4,3,3,3,4,3,3,3,3,3,3,3,3,4,4,4,3,3,2,3,3,2,2,2,3,1,3.17,3.67,4.33,3.0,4.67,3.5,3.33,3.0,3.5,2.25,3.57
R2458,Manufacturing,Large: 250 employees or more,Less than 3 years,100-249,Industrial area,Mixed municipal waste,Not sure,Operations department,2,3,3,2,2,3,3,3,4,2,2,3,2,3,3,3,3,5,2,2,3,4,2,2,3,2,3,4,3,4,4,4,4,4,3,3,3,3,3,4,4,3,5,4,4,4,4,5,3,3,4,4,4,3,1,3,4,3,2,3,2,3,2.5,2.83,3.17,2.5,3.17,3.67,3.33,4.33,3.5,2.62,3.22
R2459,Information Technology,Medium: 50-249 employees,Less than 3 years,100-249,Urban area,Mixed municipal waste,No,Operations department,3,4,4,4,3,3,3,2,4,3,4,2,4,5,,3,3,4,3,4,2,4,4,4,3,3,2,2,3,3,3,3,3,2,3,4,3,2,2,4,2,3,3,4,4,4,3,3,3,3,4,3,3,3,3,4,3,4,4,5,4,3,3.5,3.0,3.8,3.5,2.67,3.0,2.67,3.5,3.17,3.75,3.2
R2460,Retail,Micro: Fewer than 10 employees,Less than 3 years,Fewer than 10,Urban area,Paper and cardboard,No,External waste-management agency,3,3,2,2,2,2,3,3,3,3,4,4,4,3,3,3,3,3,3,2,2,2,3,2,3,3,2,,3,2,2,2,3,3,2,2,4,3,3,3,,3,4,1,2,2,2,3,1,1,2,2,2,2,3,3,,2,3,3,3,3,2.33,3.33,3.17,2.33,2.6,2.33,3.2,2.33,1.67,2.86,2.59
R2461,Retail,Small: 10-49 employees,3-5 years,10-49,Commercial area,Plastic waste,Not sure,External waste-management agency,3,2,1,1,2,2,3,4,3,3,3,3,2,2,2,3,2,3,3,3,1,2,2,4,4,2,3,4,3,3,2,3,3,2,3,3,2,2,2,2,2,3,3,2,5,3,3,3,4,3,3,4,3,4,4,2,3,3,3,3,3,4,1.83,3.17,2.33,2.5,3.17,2.67,2.17,3.17,3.5,3.12,2.72
R2462,Manufacturing,Small: 10-49 employees,6-10 years,10-49,Industrial area,Mixed municipal waste,No,External waste-management agency,3,4,4,3,3,2,4,3,4,5,4,3,2,3,4,3,4,3,3,4,3,3,4,3,3,3,4,4,3,3,5,3,3,3,4,4,1,1,2,1,2,4,3,4,3,3,2,3,2,3,3,3,3,2,4,4,4,4,5,5,5,4,3.17,3.83,3.17,3.33,3.33,3.67,1.83,3.0,2.67,4.38,3.11
R2463,Healthcare,Medium: 50-249 employees,11-20 years,100-249,Semi-urban area,Paper and cardboard,No,Operations department,4,2,2,3,3,2,2,2,3,3,2,3,5,3,3,5,4,5,3,3,4,3,3,3,2,4,3,4,3,3,5,4,3,3,4,4,3,3,3,4,2,2,3,3,4,4,3,2,4,5,3,,3,4,3,3,3,2,2,2,4,2,2.67,2.5,4.17,3.17,3.17,3.83,2.83,3.17,3.8,2.62,3.26
R2464,Manufacturing,Small: 10-49 employees,Less than 3 years,50-99,Urban area,Paper and cardboard,Not sure,External waste-management agency,,4,4,2,3,4,3,4,4,4,4,3,3,4,3,4,3,3,4,,2,3,2,3,4,4,3,5,3,4,4,3,2,2,3,4,3,3,3,3,4,3,3,3,3,4,2,3,4,3,3,3,3,3,3,4,4,3,2,3,3,4,3.4,3.67,3.33,2.8,3.83,3.0,3.17,3.0,3.17,3.25,3.26
R2465,Manufacturing,Small: 10-49 employees,6-10 years,10-49,Industrial area,Plastic waste,No,Operations department,4,3,2,2,3,3,1,2,1,2,2,1,4,4,3,4,3,4,3,3,3,3,3,3,4,3,3,3,4,4,3,3,3,2,3,4,2,2,3,1,2,3,2,3,4,3,4,4,3,2,2,4,3,3,3,3,4,3,3,2,3,2,2.83,1.5,3.67,3.0,3.5,3.0,2.17,3.33,2.83,2.88,2.87
R2466,Retail,Large: 250 employees or more,3-5 years,250 or more,Commercial area,Plastic waste,Not sure,Facility management team,3,3,3,3,3,4,4,4,3,4,4,4,4,3,3,4,3,2,3,4,3,4,3,3,3,1,3,3,2,4,4,2,2,3,2,4,3,3,3,3,4,3,3,3,3,3,4,4,3,2,3,3,3,4,3,2,3,4,4,3,3,4,3.17,3.83,3.17,3.33,2.67,2.83,3.17,3.33,3.0,3.25,3.17
R2467,Information Technology,Large: 250 employees or more,Less than 3 years,250 or more,Commercial area,Paper and cardboard,No,Facility management team,4,3,4,4,5,4,2,3,3,3,3,2,3,3,4,2,2,3,4,2,4,3,3,3,4,3,2,5,2,3,3,3,3,3,3,3,4,5,3,3,5,3,3,2,3,3,4,3,4,3,4,4,4,4,4,4,3,5,4,4,4,5,4.0,2.67,2.83,3.17,3.17,3.0,3.83,3.0,3.83,4.12,3.28
R2468,Manufacturing,Small: 10-49 employees,11-20 years,50-99,Commercial area,Plastic waste,Under development,Environmental or sustainability department,3,4,3,4,5,4,5,5,4,3,4,4,4,3,4,3,4,4,5,4,5,5,4,4,3,4,4,4,4,3,3,3,2,3,3,5,3,4,4,5,2,,4,4,3,4,3,4,4,5,4,4,4,4,3,4,2,3,3,3,3,3,3.83,4.17,3.67,4.5,3.67,3.17,3.6,3.67,4.17,3.0,3.83
R2469,Information Technology,Large: 250 employees or more,11-20 years,250 or more,Industrial area,Paper and cardboard,Under development,Environmental or sustainability department,4,2,3,3,4,3,4,4,5,5,4,5,4,3,4,3,3,5,4,5,3,4,4,5,4,5,4,5,4,3,4,3,4,4,3,4,4,4,4,3,5,4,4,5,4,5,4,4,4,5,4,5,5,5,2,2,2,2,2,2,1,2,3.17,4.5,3.67,4.17,4.17,3.67,4.0,4.33,4.67,1.88,4.04
R2470,Retail,Large: 250 employees or more,6-10 years,250 or more,Urban area,Paper and cardboard,Not sure,Environmental or sustainability department,2,3,2,,3,4,4,4,3,5,3,3,3,4,4,4,4,2,4,4,3,2,3,3,3,3,4,4,3,4,5,4,4,2,3,3,3,3,4,3,2,2,3,3,3,4,3,3,2,3,4,3,3,3,3,4,3,5,4,3,3,5,2.8,3.67,3.5,3.17,3.5,3.5,2.83,3.17,3.0,3.75,3.24
R2471,Retail,Medium: 50-249 employees,Less than 3 years,100-249,Semi-urban area,Paper and cardboard,Not sure,Facility management team,3,2,2,3,2,3,4,4,3,3,3,4,3,3,4,3,3,2,3,3,4,3,3,4,2,5,2,3,3,5,3,3,2,3,3,4,4,3,4,4,4,4,4,3,4,3,4,3,4,3,4,4,4,4,2,2,2,3,2,3,2,4,2.5,3.5,3.0,3.33,3.33,3.0,3.83,3.5,3.83,2.5,3.31
R2472,Retail,Large: 250 employees or more,3-5 years,250 or more,Commercial area,Mixed municipal waste,Not sure,Environmental or sustainability department,4,4,4,4,5,5,4,3,5,4,4,3,1,2,2,2,3,3,3,3,4,3,3,4,3,3,3,3,4,4,4,3,4,3,3,4,2,4,4,4,3,2,3,3,3,3,4,3,4,3,4,3,3,4,3,3,3,4,2,3,3,3,4.33,3.83,2.17,3.33,3.33,3.5,3.17,3.17,3.5,3.0,3.37
R2473,Manufacturing,Medium: 50-249 employees,3-5 years,50-99,Industrial area,Mixed municipal waste,Not sure,Operations department,3,2,2,4,3,3,2,3,3,2,2,3,4,4,3,4,3,4,4,3,3,2,3,3,4,,4,3,4,4,4,4,3,4,4,3,3,2,3,4,3,2,3,2,4,4,4,4,4,3,4,3,3,4,3,4,3,3,4,3,3,2,2.83,2.5,3.67,3.0,3.8,3.67,2.83,3.5,3.5,3.12,3.26
R2474,Retail,Medium: 50-249 employees,3-5 years,50-99,Commercial area,Plastic waste,Yes,External waste-management agency,3,5,4,4,4,4,3,2,4,3,3,3,3,3,3,3,3,3,3,2,4,3,4,2,4,5,3,4,3,3,4,3,4,4,4,3,4,4,4,4,4,4,4,4,5,4,4,5,3,4,3,4,4,3,2,3,3,5,2,1,3,2,4.0,3.0,3.0,3.0,3.67,3.67,4.0,4.33,3.5,2.62,3.57
R2475,Information Technology,Small: 10-49 employees,3-5 years,10-49,Urban area,Mixed municipal waste,No,Environmental or sustainability department,3,3,2,2,2,3,4,4,4,2,4,4,4,3,3,3,3,3,4,4,4,5,5,4,3,2,4,3,3,3,4,4,3,3,4,4,4,2,3,2,2,2,3,2,3,2,3,2,3,3,,4,3,4,5,5,4,4,5,4,3,4,2.5,3.67,3.17,4.33,3.0,3.67,2.5,2.5,3.4,4.25,3.19
R2476,Manufacturing,Micro: Fewer than 10 employees,6-10 years,Fewer than 10,Semi-urban area,Paper and cardboard,Under development,External waste-management agency,3,4,3,2,3,3,5,5,3,3,3,4,4,3,3,3,4,4,4,4,4,3,3,4,4,4,4,3,5,4,3,2,3,3,2,3,3,3,3,2,4,3,3,4,3,4,3,3,4,4,4,3,4,4,4,2,1,2,2,3,2,2,3.0,3.83,3.5,3.67,4.0,2.67,3.0,3.33,3.83,2.25,3.43
R2477,Hospitality/Services,Micro: Fewer than 10 employees,3-5 years,Fewer than 10,Urban area,Food or organic waste,No,External waste-management agency,3,4,3,2,2,2,2,2,3,2,,2,3,4,2,3,3,2,1,3,2,2,2,2,3,2,3,3,2,3,2,4,4,4,4,3,2,2,3,2,2,2,1,3,3,1,2,2,3,2,3,4,4,3,3,4,4,5,5,4,3,2,2.67,2.2,2.83,2.0,2.67,3.5,2.17,2.0,3.17,3.75,2.58
R2478,Manufacturing,Small: 10-49 employees,3-5 years,10-49,Industrial area,Plastic waste,Yes,External waste-management agency,4,3,5,2,5,3,4,5,5,4,5,4,4,4,3,2,3,3,4,4,4,4,5,5,2,4,3,2,3,2,4,5,4,4,4,3,3,2,3,4,3,3,4,3,4,4,4,4,3,3,4,3,4,3,4,3,2,4,4,3,3,4,3.67,4.5,3.17,4.33,2.67,4.0,3.0,3.83,3.33,3.38,3.61
R2479,Retail,Small: 10-49 employees,6-10 years,10-49,Commercial area,Plastic waste,Yes,Facility management team,3,5,4,4,3,4,4,5,4,3,4,4,3,4,4,4,3,3,3,4,4,3,4,4,3,3,2,2,3,2,5,4,3,5,5,5,3,4,3,3,3,2,4,4,4,5,4,5,4,3,4,4,4,4,4,4,2,5,4,4,3,1,3.83,4.0,3.5,3.67,2.5,4.5,3.0,4.33,3.83,3.38,3.68
R2480,Healthcare,Large: 250 employees or more,11-20 years,100-249,Commercial area,Paper and cardboard,Not sure,External waste-management agency,3,4,3,3,3,3,3,3,3,1,3,2,3,3,4,4,4,5,2,3,2,2,3,2,4,4,3,5,3,4,4,4,3,3,4,3,4,5,4,4,3,3,4,5,4,5,2,3,3,3,3,4,3,2,4,3,4,,3,4,3,3,3.17,2.5,3.83,2.33,3.83,3.5,3.83,3.83,3.0,3.43,3.31
R2481,Information Technology,Large: 250 employees or more,11-20 years,250 or more,Commercial area,Mixed municipal waste,Under development,Facility management team,3,4,4,4,4,4,5,,5,3,5,4,4,4,4,5,5,4,3,3,4,4,3,4,3,3,5,4,5,4,3,4,3,4,3,3,5,4,3,4,4,5,4,2,4,4,5,5,4,3,4,5,5,4,4,3,3,2,1,1,2,2,3.83,4.4,4.33,3.5,4.0,3.33,4.17,4.0,4.17,2.25,3.97
R2482,Manufacturing,Small: 10-49 employees,3-5 years,10-49,Semi-urban area,Plastic waste,Not sure,External waste-management agency,2,2,2,3,2,2,2,2,1,2,2,2,4,4,3,4,3,4,4,4,3,4,2,4,3,3,2,3,3,3,3,1,3,2,1,2,2,3,4,2,3,3,4,4,4,4,3,3,4,3,,4,2,3,2,2,1,1,3,2,2,1,2.17,1.83,3.67,3.5,2.83,2.0,2.83,3.67,3.2,1.75,2.86
R2483,Manufacturing,Small: 10-49 employees,6-10 years,Fewer than 10,Semi-urban area,Plastic waste,Yes,Operations department,4,3,3,3,3,3,2,3,3,2,2,3,4,4,4,4,4,4,4,3,4,2,3,3,5,4,4,5,4,4,3,3,3,3,2,3,5,4,4,5,4,4,2,2,4,2,4,4,3,3,3,3,2,3,3,3,4,2,3,4,4,2,3.17,2.5,4.0,3.17,4.33,2.83,4.33,3.0,2.83,3.12,3.35
R2484,Healthcare,Medium: 50-249 employees,11-20 years,50-99,Commercial area,Mixed municipal waste,Under development,Facility management team,3,5,2,2,3,2,3,2,4,3,3,3,4,3,4,4,4,3,3,3,4,4,4,4,3,2,3,3,,4,4,3,3,3,4,3,4,3,3,2,4,3,3,3,2,3,2,2,4,3,4,4,4,3,4,2,3,3,3,5,4,3,2.83,3.0,3.67,3.67,3.0,3.33,3.17,2.5,3.67,3.38,3.2
R2485,Manufacturing,Large: 250 employees or more,11-20 years,100-249,Commercial area,Plastic waste,No,External waste-management agency,4,4,4,4,4,4,4,4,4,4,4,4,4,4,4,4,4,4,4,4,4,4,4,4,4,4,4,4,4,4,4,4,4,4,4,4,4,4,4,4,4,4,4,4,4,4,4,4,4,4,4,4,4,4,4,4,4,4,4,4,4,4,4.0,4.0,4.0,4.0,4.0,4.0,4.0,4.0,4.0,4.0,4.0
R2486,Healthcare,Micro: Fewer than 10 employees,11-20 years,Fewer than 10,Semi-urban area,Mixed municipal waste,Under development,Operations department,5,3,2,3,3,3,3,2,4,3,3,2,3,4,4,4,4,3,3,3,3,2,3,2,2,5,3,3,3,4,3,3,3,2,3,3,3,3,2,3,4,2,3,3,2,2,3,3,5,3,3,2,4,4,2,4,4,3,3,4,4,3,3.17,2.83,3.67,2.67,3.33,2.83,2.83,2.67,3.5,3.38,3.06
R2487,Information Technology,Medium: 50-249 employees,6-10 years,10-49,Urban area,Food or organic waste,Under development,Facility management team,4,3,3,3,4,3,3,3,4,4,4,4,3,4,3,4,4,3,2,3,2,1,2,3,4,3,3,3,4,3,3,4,3,4,3,4,4,3,4,3,4,3,3,4,4,3,4,5,4,4,4,3,3,4,3,3,3,3,3,2,3,3,3.33,3.67,3.5,2.17,3.33,3.5,3.5,3.83,3.67,2.88,3.39
R2488,Manufacturing,Large: 250 employees or more,3-5 years,250 or more,Commercial area,Plastic waste,Under development,Environmental or sustainability department,2,3,2,4,2,2,4,3,3,5,4,3,4,4,5,5,4,4,3,,3,2,2,3,4,4,2,4,3,4,4,4,4,4,3,5,3,3,4,3,5,4,4,4,3,4,4,5,2,3,2,3,2,3,1,3,4,4,3,3,3,4,2.5,3.67,4.33,2.6,3.5,4.0,3.67,4.0,2.5,3.12,3.42
R2489,Information Technology,Micro: Fewer than 10 employees,11-20 years,Fewer than 10,Urban area,Mixed municipal waste,Yes,Facility management team,3,4,4,4,3,4,4,5,5,4,3,5,5,4,5,5,4,,2,3,2,4,3,3,4,4,4,4,4,4,3,4,4,3,3,2,3,4,3,4,4,4,2,3,3,3,,3,4,4,4,4,4,4,4,3,4,5,3,5,3,2,3.67,4.33,4.6,2.83,4.0,3.17,3.67,2.8,4.0,3.62,3.67
R2490,Manufacturing,Small: 10-49 employees,11-20 years,50-99,Semi-urban area,Plastic waste,Under development,Operations department,2,4,3,3,3,3,4,3,4,3,4,4,5,3,3,4,4,5,4,4,4,5,4,4,4,4,5,4,4,4,3,4,4,3,4,3,2,3,4,5,5,3,3,3,,3,3,3,4,3,4,5,5,5,4,2,4,3,2,3,3,3,3.0,3.67,4.0,4.17,4.17,3.5,3.67,3.0,4.33,3.0,3.72
R2491,Information Technology,Medium: 50-249 employees,6-10 years,100-249,Urban area,Paper and cardboard,Under development,External waste-management agency,3,4,4,4,5,3,3,3,3,3,3,3,3,3,3,4,3,3,2,3,2,4,3,4,4,4,4,4,4,4,3,3,5,4,5,4,3,4,3,2,4,4,4,3,5,4,4,4,5,4,3,4,3,3,2,2,4,1,2,3,1,3,3.83,3.0,3.17,3.0,4.0,4.0,3.33,4.0,3.67,2.25,3.56
R2492,Hospitality/Services,Small: 10-49 employees,11-20 years,10-49,Commercial area,Plastic waste,Under development,Facility management team,3,2,3,2,2,3,4,3,4,3,3,4,4,3,3,4,3,3,4,4,3,3,3,4,3,3,2,3,3,3,3,4,4,3,4,5,2,2,3,4,3,4,3,3,2,4,4,3,3,3,3,3,4,4,3,2,,2,4,5,4,4,2.5,3.5,3.33,3.5,2.83,3.83,3.0,3.17,3.33,3.43,3.22
R2493,Healthcare,Medium: 50-249 employees,6-10 years,50-99,Urban area,Plastic waste,Not sure,Facility management team,4,4,4,3,3,3,3,3,3,3,4,3,3,3,3,3,3,4,4,5,5,4,4,2,4,3,3,4,4,4,4,4,4,4,3,4,,4,5,4,2,,4,4,5,4,3,4,5,4,5,4,4,5,4,3,3,3,3,3,4,1,3.5,3.17,3.17,4.0,3.67,3.83,3.75,4.0,4.5,3.0,3.73
R2494,Hospitality/Services,Small: 10-49 employees,11-20 years,10-49,Commercial area,Food or organic waste,No,External waste-management agency,2,3,2,3,3,3,3,3,4,3,3,2,3,4,4,3,3,3,3,4,4,2,4,4,4,3,4,5,3,4,3,3,3,2,3,3,3,3,2,2,3,3,4,4,3,4,3,3,3,3,3,4,3,3,4,5,4,3,4,3,3,3,2.67,3.0,3.33,3.5,3.83,2.83,2.67,3.5,3.17,3.62,3.17
R2495,Information Technology,Large: 250 employees or more,11-20 years,100-249,Commercial area,Mixed municipal waste,Under development,Operations department,3,3,3,4,4,3,3,3,3,4,3,3,3,4,3,3,3,4,4,3,3,3,3,4,4,3,4,4,5,4,4,3,4,5,4,5,4,3,1,3,2,3,5,3,4,3,4,3,4,4,5,4,4,3,3,3,3,3,3,2,4,3,3.33,3.17,3.33,3.33,4.0,4.17,2.67,3.67,4.0,3.0,3.52
R2496,Manufacturing,Large: 250 employees or more,6-10 years,250 or more,Semi-urban area,Plastic waste,Yes,Facility management team,3,3,3,3,3,5,4,5,5,4,5,4,4,5,5,4,4,5,5,4,5,5,5,4,4,3,3,2,2,4,5,5,4,5,5,4,5,4,4,5,4,4,4,4,5,4,5,4,5,5,5,4,4,5,3,2,3,4,3,4,2,3,3.33,4.5,4.5,4.67,3.0,4.67,4.33,4.33,4.67,3.0,4.22
R2497,Manufacturing,Medium: 50-249 employees,6-10 years,100-249,Industrial area,Plastic waste,Under development,Facility management team,4,4,3,3,3,4,4,3,4,4,4,4,2,2,2,3,2,3,4,4,5,5,4,4,4,3,4,5,3,3,3,3,3,4,5,3,4,4,3,5,4,4,4,4,3,5,3,3,3,4,3,3,3,4,3,4,4,3,5,3,3,3,3.5,3.83,2.33,4.33,3.67,3.5,4.0,3.67,3.33,3.5,3.57
R2498,Manufacturing,Medium: 50-249 employees,3-5 years,10-49,Industrial area,Plastic waste,No,External waste-management agency,1,3,3,3,2,3,2,2,3,4,3,2,3,1,2,3,2,3,3,2,2,3,3,3,2,2,2,2,1,2,2,2,1,3,2,3,3,2,2,2,2,3,3,4,2,3,2,3,3,2,3,2,4,3,5,4,4,4,5,4,4,,2.5,2.67,2.33,2.67,1.83,2.17,2.33,2.83,2.83,4.29,2.46
R2499,Retail,Micro: Fewer than 10 employees,11-20 years,Fewer than 10,Semi-urban area,Mixed municipal waste,Under development,External waste-management agency,2,3,3,3,4,3,3,3,3,2,3,2,3,4,3,3,3,4,3,1,3,2,3,2,4,3,3,2,3,2,4,4,,2,3,3,3,4,3,4,4,3,2,3,2,3,3,4,2,1,2,2,2,2,4,3,3,4,5,4,4,3,3.0,2.67,3.33,2.33,2.83,3.2,3.5,2.83,1.83,3.75,2.84
R2500,Healthcare,Large: 250 employees or more,6-10 years,250 or more,Urban area,Paper and cardboard,Yes,Environmental or sustainability department,5,4,4,5,4,4,5,5,5,5,5,4,3,4,4,4,3,4,2,3,4,3,4,3,4,5,5,5,3,3,4,4,4,3,4,3,4,4,3,5,4,4,3,,4,3,3,4,4,4,5,3,4,3,2,3,3,2,3,2,3,3,4.33,4.83,3.67,3.17,4.17,3.67,4.0,3.4,3.83,2.62,3.9
R2501,Retail,Medium: 50-249 employees,11-20 years,50-99,Urban area,Mixed municipal waste,No,External waste-management agency,3,4,3,4,4,3,4,4,3,3,3,4,4,4,4,5,3,4,4,3,2,3,3,3,3,3,3,3,2,3,3,4,3,4,4,4,4,3,5,3,4,4,5,5,4,3,5,4,4,3,3,4,4,3,4,4,2,3,4,3,3,5,3.5,3.5,4.0,3.0,2.83,3.67,3.83,4.33,3.5,3.5,3.57
R2502,Healthcare,Large: 250 employees or more,6-10 years,100-249,Urban area,Mixed municipal waste,No,Environmental or sustainability department,3,3,3,3,3,3,3,3,3,3,3,3,3,3,3,3,3,3,3,3,3,3,3,3,3,3,3,3,3,3,3,3,3,3,3,,3,3,3,3,3,3,3,3,3,3,3,3,3,3,3,3,3,3,3,3,3,3,3,3,3,3,3.0,3.0,3.0,3.0,3.0,3.0,3.0,3.0,3.0,3.0,3.0
R2503,Retail,Large: 250 employees or more,3-5 years,100-249,Commercial area,Paper and cardboard,Yes,Facility management team,3,4,4,4,4,4,3,3,3,4,4,3,4,3,4,5,4,4,3,3,4,2,3,3,5,4,4,4,3,5,5,3,4,4,4,3,5,4,4,5,5,5,5,4,4,5,4,5,3,3,3,3,4,,2,1,1,3,2,3,2,3,3.83,3.33,4.0,3.0,4.17,3.83,4.67,4.5,3.2,2.12,3.84
R2504,Manufacturing,Medium: 50-249 employees,6-10 years,100-249,Urban area,Plastic waste,Under development,Operations department,5,5,4,4,5,5,2,2,3,4,3,2,3,3,3,4,4,3,3,3,3,3,3,2,4,4,4,5,4,5,,4,4,5,4,4,3,4,3,5,4,2,5,5,4,4,3,4,1,3,4,2,1,3,3,4,3,3,2,3,2,2,4.67,2.67,3.33,2.83,4.33,4.2,3.5,4.17,2.33,2.75,3.56
R2505,Manufacturing,Medium: 50-249 employees,11-20 years,50-99,Urban area,Mixed municipal waste,Under development,Environmental or sustainability department,2,4,3,4,4,4,3,3,3,3,3,4,5,4,,5,5,5,3,3,3,3,4,4,3,3,3,5,4,2,5,4,5,5,5,5,3,5,4,3,5,5,4,3,4,3,5,4,4,4,4,4,3,3,3,4,2,2,2,1,3,3,3.5,3.17,4.8,3.33,3.33,4.83,4.17,3.83,3.67,2.5,3.85
R2506,Hospitality/Services,Medium: 50-249 employees,3-5 years,50-99,Urban area,Food or organic waste,Yes,Facility management team,3,2,2,2,3,3,3,3,3,4,3,2,4,4,4,3,4,4,4,4,5,4,4,4,4,5,3,3,4,4,4,4,4,4,3,5,4,3,3,3,5,3,5,4,4,4,5,3,3,,3,4,3,3,3,3,2,4,2,4,3,2,2.5,3.0,3.83,4.17,3.83,4.0,3.5,4.17,3.2,2.88,3.58
R2507,Retail,Large: 250 employees or more,11-20 years,250 or more,Urban area,Plastic waste,Yes,Environmental or sustainability department,5,4,5,4,3,4,3,4,4,4,5,5,5,4,4,4,4,3,2,,3,3,3,3,5,5,4,4,4,5,4,5,4,5,4,5,4,3,4,5,4,5,4,3,3,4,3,3,5,4,5,3,4,4,3,2,4,5,2,2,3,2,4.17,4.17,4.0,2.8,4.5,4.5,4.17,3.33,4.17,2.88,3.98
R2508,Retail,Large: 250 employees or more,11-20 years,100-249,Commercial area,Plastic waste,Under development,Facility management team,4,3,3,3,3,3,3,2,2,3,1,3,3,5,3,3,2,4,3,3,3,2,4,3,2,3,1,3,3,3,5,5,4,4,4,4,3,4,4,4,2,3,5,3,3,3,4,5,4,4,3,5,3,4,3,2,4,1,2,3,3,4,3.17,2.33,3.33,3.0,2.5,4.33,3.33,3.83,3.83,2.75,3.29
R2509,Manufacturing,Medium: 50-249 employees,11-20 years,50-99,Industrial area,Plastic waste,Yes,Facility management team,3,2,3,3,3,2,4,3,3,3,3,3,4,5,4,4,5,4,3,5,3,3,5,4,5,4,5,4,5,5,4,4,,4,4,4,4,4,3,2,4,4,5,4,4,4,3,4,5,5,5,4,5,4,3,2,2,2,3,2,3,4,2.67,3.17,4.33,3.83,4.67,4.0,3.5,4.0,4.67,2.62,3.87
R2510,Hospitality/Services,Small: 10-49 employees,3-5 years,10-49,Commercial area,Paper and cardboard,Not sure,External waste-management agency,4,5,4,4,4,5,3,3,3,3,2,4,3,3,3,3,3,2,3,3,3,,3,4,4,3,3,4,4,3,3,4,2,4,3,4,3,3,3,5,3,3,3,4,3,3,,3,3,4,3,3,3,3,3,2,2,2,2,2,3,2,4.33,3.0,2.83,3.2,3.5,3.33,3.33,3.2,3.17,2.25,3.32
R2511,Manufacturing,Small: 10-49 employees,3-5 years,Fewer than 10,Semi-urban area,Plastic waste,Yes,Operations department,4,4,4,4,4,4,2,3,3,3,3,2,4,4,3,4,4,5,2,2,1,1,5,2,3,4,3,4,2,1,4,3,4,3,5,3,5,5,4,3,4,3,2,3,1,1,3,2,3,4,3,4,4,3,3,2,2,3,4,3,5,3,4.0,2.67,4.0,2.17,2.83,3.67,4.0,2.0,3.5,3.12,3.2
R2512,Healthcare,Large: 250 employees or more,11-20 years,100-249,Commercial area,Food or organic waste,Under development,Environmental or sustainability department,3,4,3,3,3,5,5,,4,4,4,5,4,5,5,4,5,5,4,2,2,3,3,3,3,4,4,4,4,4,4,4,4,5,5,4,5,5,5,4,4,5,5,5,3,3,4,4,4,4,4,3,5,4,3,3,4,3,3,3,3,4,3.5,4.4,4.67,2.83,3.83,4.33,4.67,4.0,4.0,3.25,4.03
R2513,Manufacturing,Large: 250 employees or more,6-10 years,100-249,Industrial area,Paper and cardboard,Not sure,Operations department,3,3,3,2,2,3,3,3,2,2,4,3,4,4,4,4,4,4,3,3,2,,3,3,2,5,3,4,4,2,5,4,4,4,5,4,5,3,5,4,4,4,3,5,3,3,3,4,4,4,3,4,4,4,4,4,3,3,5,5,4,4,2.67,2.83,4.0,2.8,3.33,4.33,4.17,3.5,3.83,4.0,3.5
R2514,Manufacturing,Small: 10-49 employees,11-20 years,10-49,Industrial area,Paper and cardboard,Not sure,Facility management team,4,4,4,3,4,5,3,3,3,2,2,2,3,3,4,4,4,3,5,2,5,4,3,4,3,3,4,4,2,3,4,4,4,3,2,3,3,4,4,3,4,4,3,5,4,3,4,4,3,4,4,5,4,3,3,2,2,3,3,4,3,3,4.0,2.5,3.5,3.83,3.17,3.33,3.67,3.83,3.83,2.88,3.52
R2515,Information Technology,Small: 10-49 employees,6-10 years,10-49,Urban area,Food or organic waste,Yes,External waste-management agency,3,4,4,4,2,3,5,4,3,5,3,5,3,3,2,4,3,4,3,4,3,2,3,4,3,4,3,3,4,4,3,3,3,4,4,2,5,4,3,5,3,3,4,5,5,4,4,5,4,4,4,5,4,4,3,3,3,2,4,3,3,3,3.33,4.17,3.17,3.17,3.5,3.17,3.83,4.5,4.17,3.0,3.67
R2516,Healthcare,Medium: 50-249 employees,Less than 3 years,50-99,Commercial area,Plastic waste,Under development,External waste-management agency,4,3,3,4,4,4,3,4,5,5,3,3,3,3,2,2,3,3,2,2,3,2,2,3,3,2,4,3,4,4,3,3,1,3,2,2,3,3,4,3,4,4,3,3,2,3,1,2,3,3,3,4,3,3,4,4,4,3,3,4,4,3,3.67,3.83,2.67,2.33,3.33,2.33,3.5,2.33,3.17,3.62,3.02
R2517,Healthcare,Large: 250 employees or more,3-5 years,250 or more,Urban area,Plastic waste,Not sure,Facility management team,2,3,3,3,3,3,3,3,3,2,3,3,4,2,3,3,3,4,4,4,4,4,4,3,2,3,3,3,3,2,3,3,4,3,5,5,4,3,3,3,3,3,4,4,5,4,4,3,3,3,3,4,3,3,4,4,2,3,2,4,3,2,2.83,2.83,3.17,3.83,2.67,3.83,3.17,4.0,3.17,3.0,3.28
R2518,Manufacturing,Large: 250 employees or more,11-20 years,250 or more,Industrial area,Mixed municipal waste,Under development,Environmental or sustainability department,2,3,3,4,3,4,3,3,3,3,3,4,4,4,5,4,4,3,5,5,5,5,5,5,2,4,3,4,4,4,3,4,5,3,3,4,4,3,4,3,3,4,3,3,4,5,3,3,3,4,3,3,5,3,2,2,3,2,1,2,3,2,3.17,3.17,4.0,5.0,3.5,3.67,3.5,3.5,3.5,2.12,3.67
R2519,Hospitality/Services,Micro: Fewer than 10 employees,11-20 years,Fewer than 10,Industrial area,Food or organic waste,Yes,Operations department,3,4,3,2,2,3,4,3,4,3,4,4,5,4,5,4,2,4,3,3,3,4,4,3,3,4,4,4,4,4,3,5,4,3,3,3,4,3,5,3,4,4,3,3,4,4,4,4,4,3,4,4,5,4,3,4,3,3,2,3,2,2,2.83,3.67,4.0,3.33,3.83,3.5,3.83,3.67,4.0,2.75,3.63
R2520,Healthcare,Micro: Fewer than 10 employees,6-10 years,Fewer than 10,Semi-urban area,Mixed municipal waste,No,External waste-management agency,3,3,3,3,3,3,1,1,2,3,3,2,2,3,2,3,3,3,3,3,2,3,2,2,3,2,5,4,3,3,4,2,4,3,3,3,4,3,4,4,4,4,3,3,3,2,3,3,2,3,1,2,1,1,4,3,3,4,3,2,3,3,3.0,2.0,2.67,2.5,3.33,3.17,3.83,2.83,1.67,3.12,2.78
R2521,Hospitality/Services,Micro: Fewer than 10 employees,11-20 years,Fewer than 10,Semi-urban area,Plastic waste,Under development,Operations department,4,3,3,4,4,4,3,3,3,3,3,4,4,4,3,3,4,3,4,3,3,3,4,4,4,2,3,2,4,4,3,5,4,4,3,4,3,3,4,4,4,4,4,4,3,4,3,2,3,4,5,3,4,4,5,3,4,3,4,4,3,3,3.67,3.17,3.5,3.5,3.17,3.83,3.67,3.33,3.83,3.62,3.52
R2522,Manufacturing,Large: 250 employees or more,11-20 years,100-249,Industrial area,Mixed municipal waste,Yes,Environmental or sustainability department,4,3,4,4,3,4,3,5,4,5,4,4,3,4,5,4,4,5,4,5,4,4,4,4,4,4,3,3,4,4,3,4,5,3,3,3,5,,4,5,5,4,4,4,5,5,4,5,4,4,5,4,3,5,3,4,4,3,4,4,3,4,3.67,4.17,4.17,4.17,3.67,3.5,4.6,4.5,4.17,3.62,4.07
R2523,Retail,Large: 250 employees or more,6-10 years,250 or more,Commercial area,Plastic waste,Under development,Operations department,3,4,3,4,3,4,3,4,4,2,4,3,4,4,3,2,4,4,3,4,4,3,4,5,3,3,3,4,3,3,4,4,4,3,2,3,3,3,3,4,2,3,4,4,3,4,4,5,4,4,3,4,3,4,3,4,3,4,3,4,3,3,3.5,3.33,3.5,3.83,3.17,3.33,3.0,4.0,3.67,3.38,3.48
R2524,Retail,Micro: Fewer than 10 employees,Less than 3 years,Fewer than 10,Urban area,Mixed municipal waste,No,External waste-management agency,2,2,3,3,2,4,4,3,4,3,3,3,3,3,3,3,2,3,2,2,2,2,2,3,2,2,3,2,3,3,3,3,3,4,3,1,3,3,3,3,2,3,2,3,5,4,2,2,2,2,2,2,3,2,4,4,3,4,5,3,4,5,2.67,3.33,2.83,2.17,2.5,2.83,2.83,3.0,2.17,4.0,2.7
R2525,Information Technology,Small: 10-49 employees,11-20 years,10-49,Commercial area,Mixed municipal waste,Yes,Facility management team,4,4,5,4,4,5,4,4,5,3,3,4,5,4,5,4,4,5,4,5,4,5,4,5,4,4,4,4,4,5,3,4,4,3,,4,5,5,5,4,4,4,4,4,4,4,4,4,4,4,4,4,4,3,4,3,2,2,2,2,1,2,4.33,3.83,4.5,4.5,4.17,3.6,4.5,4.0,3.83,2.25,4.14
R2526,Information Technology,Small: 10-49 employees,3-5 years,10-49,Semi-urban area,Mixed municipal waste,Under development,Facility management team,4,4,5,5,5,5,3,3,5,3,4,3,4,5,3,4,3,3,1,2,2,2,2,3,3,3,3,1,3,4,4,5,4,4,4,3,4,3,2,4,3,4,4,4,,5,4,4,5,5,5,4,4,5,1,3,2,3,2,3,4,3,4.67,3.5,3.67,2.0,2.83,4.0,3.33,4.2,4.67,2.62,3.65
R2527,Retail,Medium: 50-249 employees,3-5 years,100-249,Semi-urban area,Paper and cardboard,No,Operations department,4,3,2,3,4,2,3,3,3,4,3,4,4,3,3,4,4,3,3,3,4,3,4,,3,3,3,4,3,3,1,3,2,3,3,3,5,4,5,5,4,4,5,4,5,4,5,3,4,3,3,4,4,3,3,3,5,2,3,2,3,2,3.0,3.33,3.5,3.4,3.17,2.5,4.5,4.33,3.5,2.88,3.47
R2528,Manufacturing,Medium: 50-249 employees,11-20 years,50-99,Industrial area,Paper and cardboard,Not sure,External waste-management agency,4,3,4,3,3,3,,2,2,2,1,3,3,3,3,3,3,4,3,3,3,2,2,3,2,2,4,3,3,3,3,3,2,4,3,4,4,3,2,3,3,3,3,3,4,2,4,3,4,3,2,4,4,3,3,4,4,2,4,4,4,4,3.33,2.0,3.17,2.67,2.83,3.17,3.0,3.17,3.33,3.62,2.96
R2529,Manufacturing,Large: 250 employees or more,11-20 years,250 or more,Semi-urban area,Plastic waste,Yes,Facility management team,3,3,4,4,4,4,,2,4,3,,3,4,4,,3,4,3,5,5,4,5,5,4,4,3,3,5,4,4,4,4,4,3,3,4,4,4,3,4,4,5,5,5,5,3,4,4,4,4,,2,3,4,3,3,3,3,2,3,2,3,3.67,3.0,3.6,4.67,3.83,3.67,4.0,4.33,3.4,2.75,3.8
R2530,Manufacturing,Large: 250 employees or more,Less than 3 years,100-249,Industrial area,Plastic waste,Under development,Facility management team,4,2,3,3,3,3,2,2,4,4,3,3,2,2,1,1,2,3,3,3,4,3,3,4,4,2,3,3,2,4,3,2,3,2,3,3,2,3,2,3,3,2,3,3,3,4,2,3,3,4,3,3,4,3,2,2,3,3,3,4,3,3,3.0,3.0,1.83,3.33,3.0,2.67,2.5,3.0,3.33,2.88,2.85
R2531,Information Technology,Micro: Fewer than 10 employees,11-20 years,10-49,Urban area,Plastic waste,Yes,External waste-management agency,5,5,5,5,3,5,4,4,5,4,4,4,3,4,3,3,4,3,4,5,4,5,4,4,3,3,5,5,3,4,5,3,5,5,5,4,5,4,4,3,5,5,4,4,3,4,4,4,2,3,3,4,3,3,2,2,1,2,2,2,2,1,4.67,4.17,3.33,4.33,3.83,4.5,4.33,3.83,3.0,1.75,4.0
R2532,Manufacturing,Large: 250 employees or more,3-5 years,250 or more,Urban area,Food or organic waste,Under development,Facility management team,4,5,5,4,4,5,4,3,5,5,5,4,2,3,3,3,3,3,4,4,5,5,4,5,5,5,3,5,,4,4,3,3,4,4,5,5,4,4,4,3,4,4,4,4,5,3,3,5,4,5,5,4,4,2,,1,4,2,2,2,2,4.5,4.33,2.83,4.5,4.4,3.83,4.0,3.83,4.5,2.14,4.08
R2533,Manufacturing,Small: 10-49 employees,3-5 years,10-49,Commercial area,Paper and cardboard,Yes,Facility management team,1,4,4,3,2,3,3,4,4,2,4,4,5,5,3,3,4,4,5,4,4,4,3,5,4,5,4,4,4,3,4,4,2,4,3,5,2,3,4,3,5,3,4,3,4,4,4,4,3,4,3,4,5,3,3,5,4,4,3,4,5,4,2.83,3.5,4.0,4.17,4.0,3.67,3.33,3.83,3.67,4.0,3.67
R2534,Retail,Large: 250 employees or more,11-20 years,250 or more,Commercial area,Plastic waste,Under development,External waste-management agency,3,4,4,4,4,5,4,4,4,3,4,3,3,3,4,4,4,4,3,3,2,4,4,4,5,4,4,3,4,4,3,3,2,3,2,,4,4,5,4,4,3,3,3,4,2,2,3,4,5,4,4,4,4,3,4,3,4,2,2,3,3,4.0,3.67,3.67,3.33,4.0,2.6,4.0,2.83,4.17,3.0,3.59
R2535,Manufacturing,Micro: Fewer than 10 employees,11-20 years,Fewer than 10,Urban area,Mixed municipal waste,Yes,Operations department,4,3,2,3,4,3,3,4,4,3,,4,4,4,4,3,4,4,3,4,3,4,4,3,4,2,3,1,2,4,3,3,3,5,4,3,1,2,2,3,2,2,2,2,3,3,4,3,4,3,4,4,4,4,4,4,2,3,3,3,3,2,3.17,3.6,3.83,3.5,2.67,3.5,2.0,2.83,3.83,3.0,3.21
R2536,Hospitality/Services,Medium: 50-249 employees,11-20 years,50-99,Urban area,Mixed municipal waste,Yes,Environmental or sustainability department,4,4,3,2,4,3,3,4,3,3,4,4,5,5,5,4,5,4,4,3,4,3,5,4,4,3,4,3,4,4,5,5,5,4,3,3,4,,4,5,4,4,4,4,3,3,4,5,4,4,3,3,4,4,3,2,1,3,2,2,2,3,3.33,3.5,4.67,3.83,3.67,4.17,4.2,3.83,3.67,2.25,3.87
R2537,Retail,Small: 10-49 employees,Less than 3 years,10-49,Commercial area,Paper and cardboard,No,External waste-management agency,2,2,3,2,3,2,4,3,3,3,3,2,3,5,3,3,4,2,4,3,3,3,4,4,2,2,3,3,2,4,4,2,3,3,3,4,4,2,5,3,4,3,3,3,3,3,3,3,2,4,3,3,2,2,4,4,3,3,4,3,3,3,2.33,3.0,3.33,3.5,2.67,3.17,3.5,3.0,2.67,3.38,3.02
R2538,Hospitality/Services,Medium: 50-249 employees,Less than 3 years,100-249,Urban area,Mixed municipal waste,No,External waste-management agency,3,2,1,2,2,1,2,2,2,3,1,3,2,3,2,3,4,2,1,1,1,2,3,2,4,4,3,4,3,3,2,2,2,3,3,3,3,3,3,4,3,2,3,3,3,2,3,4,2,3,1,2,2,2,3,4,3,3,4,5,4,3,1.83,2.17,2.67,1.67,3.5,2.5,3.0,3.0,2.0,3.62,2.48
R2539,Healthcare,Micro: Fewer than 10 employees,11-20 years,Fewer than 10,Urban area,Mixed municipal waste,Yes,Facility management team,5,5,4,4,4,4,3,4,3,3,3,3,3,3,4,3,3,3,4,4,4,4,4,4,3,4,4,4,4,4,3,5,4,4,4,4,4,4,5,,5,4,4,3,5,5,4,4,5,5,5,5,5,4,3,3,2,2,2,2,2,4,4.33,3.17,3.17,4.0,3.83,4.0,4.4,4.17,4.83,2.5,3.99
R2540,Healthcare,Medium: 50-249 employees,6-10 years,50-99,Semi-urban area,Food or organic waste,Not sure,Operations department,5,3,4,4,4,4,3,3,4,2,3,4,4,4,3,3,4,3,4,3,3,4,3,2,5,5,3,4,5,5,4,3,4,3,4,4,4,4,4,3,3,3,4,4,4,3,3,4,3,3,3,4,4,4,3,3,4,4,3,4,2,2,4.0,3.17,3.5,3.17,4.5,3.67,3.5,3.67,3.5,3.12,3.63
R2541,Retail,Small: 10-49 employees,Less than 3 years,10-49,Semi-urban area,Plastic waste,Not sure,External waste-management agency,4,4,3,3,4,4,4,3,4,5,4,5,4,3,2,3,3,3,3,4,4,4,5,4,4,4,3,3,3,3,4,3,4,5,4,5,4,5,,5,4,4,3,3,4,3,3,5,2,4,4,3,5,5,3,4,1,2,3,2,4,4,3.67,4.17,3.0,4.0,3.33,4.17,4.4,3.5,3.83,2.88,3.79
R2542,Healthcare,Large: 250 employees or more,11-20 years,100-249,Semi-urban area,Mixed municipal waste,No,Operations department,4,3,3,4,3,3,4,4,5,3,4,4,3,3,4,3,4,3,3,3,4,3,3,5,4,4,4,4,5,5,4,4,4,4,5,5,3,3,2,3,3,3,5,3,3,3,3,4,4,3,3,4,3,5,4,2,3,3,2,4,4,3,3.33,4.0,3.33,3.5,4.33,4.33,2.83,3.5,3.67,3.12,3.65
R2543,Healthcare,Medium: 50-249 employees,6-10 years,100-249,Urban area,Mixed municipal waste,Not sure,Operations department,4,3,3,4,3,3,3,4,3,5,3,4,3,4,4,3,3,3,3,3,4,2,4,3,4,3,4,4,5,5,3,3,2,4,2,3,4,4,3,3,4,3,4,3,4,4,4,3,3,3,3,2,4,3,3,2,4,3,3,4,4,2,3.33,3.67,3.33,3.17,4.17,2.83,3.5,3.67,3.0,3.12,3.41
R2544,Manufacturing,Large: 250 employees or more,11-20 years,100-249,Industrial area,Paper and cardboard,Under development,Environmental or sustainability department,4,4,4,4,4,4,4,4,4,4,4,4,4,4,4,4,4,4,4,4,4,4,4,4,4,4,4,4,4,4,4,4,4,4,4,4,4,4,4,4,4,4,4,4,4,4,4,4,4,4,4,4,4,4,4,4,,4,4,4,4,4,4.0,4.0,4.0,4.0,4.0,4.0,4.0,4.0,4.0,4.0,4.0
R2545,Hospitality/Services,Small: 10-49 employees,11-20 years,Fewer than 10,Urban area,Food or organic waste,No,External waste-management agency,3,4,4,3,3,2,3,4,3,3,4,3,3,3,2,3,3,4,4,3,2,3,4,2,4,2,4,3,4,3,3,3,3,3,5,3,3,5,3,3,4,4,3,4,4,2,1,2,2,4,3,4,3,4,3,2,4,4,3,2,3,2,3.17,3.33,3.0,3.0,3.33,3.33,3.67,2.67,3.33,2.88,3.2
R2546,Retail,Medium: 50-249 employees,6-10 years,50-99,Commercial area,Paper and cardboard,Not sure,Operations department,3,3,2,3,3,4,2,,2,4,2,2,3,4,3,4,3,3,5,3,5,5,4,4,3,3,3,4,4,3,3,3,2,4,3,3,2,4,3,2,3,3,2,3,2,4,3,2,3,4,2,2,4,3,2,2,3,2,3,3,4,2,3.0,2.4,3.33,4.33,3.33,3.0,2.83,2.67,3.0,2.62,3.1
R2547,Retail,Large: 250 employees or more,6-10 years,100-249,Urban area,Mixed municipal waste,Not sure,Facility management team,3,4,4,4,5,5,3,2,2,3,2,3,3,3,4,5,4,4,2,2,2,1,3,2,2,,2,3,2,3,2,3,3,2,2,2,3,3,3,2,4,4,5,3,4,5,5,5,2,3,3,2,3,3,4,3,4,2,2,3,3,3,4.17,2.5,3.83,2.0,2.4,2.33,3.17,4.5,2.67,3.0,3.06
R2548,Retail,Small: 10-49 employees,11-20 years,10-49,Commercial area,Plastic waste,Yes,Facility management team,3,4,3,4,2,4,5,4,4,5,5,5,5,5,5,5,5,3,5,5,5,5,5,5,4,4,4,4,4,4,4,4,3,2,3,3,3,3,3,3,3,2,4,4,3,5,3,3,4,4,5,4,4,4,3,2,3,5,2,2,2,2,3.33,4.67,4.67,5.0,4.0,3.17,2.83,3.67,4.17,2.62,3.95
R2549,Healthcare,Small: 10-49 employees,Less than 3 years,10-49,Commercial area,Paper and cardboard,Not sure,External waste-management agency,3,1,2,2,2,3,3,3,3,3,3,3,3,3,2,2,2,2,4,4,4,5,4,4,2,2,2,1,1,1,2,3,2,3,3,2,3,3,1,2,3,1,2,3,2,2,3,2,3,2,3,3,2,2,4,3,3,5,4,4,4,3,2.17,3.0,2.33,4.17,1.5,2.5,2.17,2.33,2.5,3.75,2.52
R2550,Retail,Large: 250 employees or more,6-10 years,100-249,Commercial area,Paper and cardboard,Under development,Environmental or sustainability department,4,2,2,3,2,1,3,3,4,3,3,3,3,1,4,2,2,3,4,5,3,4,3,3,4,3,4,4,3,4,4,5,4,3,3,4,4,4,4,3,4,3,3,3,4,3,3,3,3,3,3,2,3,4,3,2,2,2,2,1,2,3,2.33,3.17,2.5,3.67,3.67,3.83,3.67,3.17,3.0,2.12,3.22
R2551,Retail,Micro: Fewer than 10 employees,6-10 years,Fewer than 10,Urban area,Mixed municipal waste,No,External waste-management agency,2,2,4,2,2,,4,4,3,3,3,3,3,3,3,2,2,3,3,3,3,2,4,3,2,3,3,3,3,4,4,3,2,4,3,3,4,4,3,3,3,2,3,3,4,3,3,4,3,3,3,3,2,3,3,3,4,3,2,3,3,1,2.4,3.33,2.67,3.0,3.0,3.17,3.17,3.33,2.83,2.75,2.99
R2552,Manufacturing,Micro: Fewer than 10 employees,3-5 years,Fewer than 10,Urban area,Mixed municipal waste,Under development,Facility management team,4,4,2,5,2,4,3,4,4,4,4,4,3,3,2,3,2,2,2,4,4,3,5,3,3,4,3,4,3,4,3,4,4,3,3,3,4,3,5,3,4,3,3,3,,4,4,5,3,3,3,3,3,4,4,3,3,3,3,3,2,3,3.5,3.83,2.5,3.5,3.5,3.33,3.67,3.8,3.17,3.0,3.42
R2553,Retail,Medium: 50-249 employees,Less than 3 years,100-249,Commercial area,Paper and cardboard,Not sure,External waste-management agency,4,4,4,3,3,4,2,2,3,4,3,2,3,2,2,3,4,3,3,4,2,,4,2,3,4,4,3,3,3,3,1,3,3,4,4,4,4,4,4,3,4,3,3,4,4,3,4,3,2,2,3,3,3,4,4,5,3,5,5,4,5,3.67,2.67,2.83,3.0,3.33,3.0,3.83,3.5,2.67,4.38,3.17
R2554,Manufacturing,Micro: Fewer than 10 employees,3-5 years,10-49,Industrial area,Paper and cardboard,No,External waste-management agency,3,2,2,4,2,3,2,3,3,2,4,4,3,3,3,3,3,4,3,2,2,3,1,2,2,3,1,4,2,2,2,4,2,4,2,1,2,3,3,4,2,3,2,2,2,3,3,1,2,4,2,3,3,4,3,3,2,2,2,1,3,2,2.67,3.0,3.17,2.17,2.33,2.5,2.83,2.17,3.0,2.25,2.65
R2555,Information Technology,Medium: 50-249 employees,3-5 years,50-99,Urban area,Paper and cardboard,Not sure,Facility management team,3,3,4,3,4,4,3,2,3,3,3,4,3,3,3,3,3,3,3,4,4,4,3,4,2,4,4,3,4,3,4,4,5,4,2,4,2,3,3,4,3,3,4,3,2,3,3,2,4,5,5,5,4,4,1,2,3,3,3,1,3,4,3.5,3.0,3.0,3.67,3.33,3.83,3.0,2.83,4.5,2.5,3.41
R2556,Retail,Small: 10-49 employees,3-5 years,10-49,Commercial area,Plastic waste,No,Operations department,4,3,4,4,4,4,4,5,4,3,4,3,3,,2,2,2,2,4,2,4,4,4,4,3,3,4,5,3,3,3,4,3,4,4,3,4,3,3,4,3,2,4,3,4,3,4,4,3,4,4,3,3,3,2,3,2,3,1,2,3,3,3.83,3.83,2.2,3.67,3.5,3.5,3.17,3.67,3.33,2.38,3.41
R2557,Hospitality/Services,Small: 10-49 employees,Less than 3 years,10-49,Semi-urban area,Food or organic waste,No,External waste-management agency,3,2,2,3,3,2,1,1,2,1,1,2,3,4,3,3,3,2,2,2,2,3,2,1,,3,2,2,2,2,3,3,3,3,4,3,3,2,4,2,4,2,2,3,2,2,3,2,2,2,3,5,3,2,3,3,3,4,4,3,3,2,2.5,1.33,3.0,2.0,2.2,3.17,2.83,2.33,2.83,3.12,2.47
R2558,Healthcare,Small: 10-49 employees,6-10 years,10-49,Urban area,Mixed municipal waste,Yes,External waste-management agency,4,5,5,4,3,5,3,4,3,4,3,3,4,4,4,3,3,4,4,4,4,4,3,4,3,4,4,4,4,4,3,4,4,4,3,4,4,4,4,4,2,4,2,2,3,3,4,3,3,3,4,4,4,3,2,2,3,4,4,2,2,2,4.33,3.33,3.67,3.83,3.83,3.67,3.67,2.83,3.5,2.62,3.63
R2559,Information Technology,Medium: 50-249 employees,3-5 years,50-99,Urban area,Mixed municipal waste,Yes,Environmental or sustainability department,3,4,3,4,5,3,4,4,4,4,5,4,5,4,5,5,5,4,3,3,4,3,4,2,4,4,5,3,5,3,3,4,4,3,3,4,2,5,4,4,3,4,4,5,3,4,5,4,4,4,4,4,5,4,4,3,2,3,3,2,3,3,3.67,4.17,4.67,3.17,4.0,3.5,3.67,4.17,4.17,2.88,3.91
R2560,Hospitality/Services,Large: 250 employees or more,6-10 years,250 or more,Semi-urban area,Plastic waste,Yes,Environmental or sustainability department,5,4,4,4,4,4,4,3,4,4,4,4,4,4,3,4,4,3,5,5,5,5,4,5,5,5,4,4,4,3,4,5,5,4,4,5,5,4,5,5,4,4,5,5,5,5,4,5,5,3,3,3,4,4,,1,4,2,3,3,3,3,4.17,3.83,3.67,4.83,4.17,4.5,4.5,4.83,3.67,2.71,4.24
R2561,Manufacturing,Large: 250 employees or more,6-10 years,250 or more,Industrial area,Plastic waste,Under development,Environmental or sustainability department,3,4,4,4,5,4,3,3,4,4,4,3,4,4,4,5,4,3,4,5,3,3,4,4,3,3,3,3,4,3,3,4,3,3,3,3,2,3,3,3,3,2,5,4,3,4,3,4,4,3,4,4,5,3,2,4,3,4,3,4,3,3,4.0,3.5,4.0,3.83,3.17,3.17,2.67,3.83,3.83,3.25,3.56
R2562,Healthcare,Large: 250 employees or more,6-10 years,250 or more,Semi-urban area,Food or organic waste,Under development,Environmental or sustainability department,2,3,3,3,4,3,4,3,3,2,4,4,3,5,4,2,3,3,2,3,3,3,2,2,3,4,3,4,4,5,4,3,4,4,4,5,2,3,3,4,3,3,3,3,4,4,4,2,3,3,2,2,2,3,1,2,1,3,2,3,3,2,3.0,3.33,3.33,2.5,3.83,4.0,3.0,3.33,2.5,2.12,3.2
R2563,Manufacturing,Small: 10-49 employees,11-20 years,10-49,Urban area,Plastic waste,Under development,Facility management team,4,4,4,4,4,5,4,4,4,4,3,4,4,4,3,4,3,4,5,5,5,5,5,4,5,3,4,4,3,4,4,4,4,5,5,5,4,2,3,3,3,4,4,3,4,3,4,3,4,3,5,3,4,3,2,3,1,2,2,2,2,3,4.17,3.83,3.67,4.83,3.83,4.5,3.17,3.5,3.67,2.12,3.91
R2564,Manufacturing,Large: 250 employees or more,11-20 years,100-249,Industrial area,Plastic waste,Under development,Facility management team,3,5,5,,5,4,4,4,3,3,3,3,4,4,3,4,,4,4,4,4,3,3,3,4,3,4,4,3,3,3,3,3,3,2,3,4,4,3,4,5,3,5,3,5,5,5,5,5,3,3,5,4,4,3,2,2,3,3,2,1,2,4.4,3.33,3.8,3.5,3.5,2.83,3.83,4.67,4.0,2.25,3.76
R2565,Retail,Small: 10-49 employees,11-20 years,10-49,Commercial area,Plastic waste,Under development,Facility management team,5,3,4,4,4,4,4,3,4,3,4,4,4,3,3,4,3,3,5,4,5,4,4,4,5,4,5,4,3,4,4,4,4,4,4,5,4,4,4,3,5,5,4,4,3,5,4,4,3,4,3,3,3,3,3,4,3,4,3,4,4,4,4.0,3.67,3.33,4.33,4.17,4.17,4.17,4.0,3.17,3.62,3.89
R2566,Healthcare,Medium: 50-249 employees,6-10 years,100-249,Semi-urban area,Mixed municipal waste,No,Facility management team,4,4,4,3,3,4,3,3,4,3,2,3,4,4,4,4,4,5,3,4,4,5,4,4,2,2,3,2,2,3,4,2,2,2,3,2,3,2,3,3,3,3,3,3,3,3,2,3,3,3,3,3,4,4,5,4,3,4,5,5,4,3,3.67,3.0,4.17,4.0,2.33,2.5,2.83,2.83,3.33,4.12,3.18
R2567,Information Technology,Small: 10-49 employees,6-10 years,10-49,Industrial area,Mixed municipal waste,No,Operations department,4,4,2,3,3,3,5,4,4,3,4,3,4,3,3,5,3,4,3,4,2,4,3,4,4,4,3,3,3,3,4,2,3,4,2,2,3,2,1,3,3,3,4,4,4,4,4,4,4,4,4,5,4,4,3,4,3,3,4,2,3,3,3.17,3.83,3.67,3.33,3.33,2.83,2.5,4.0,4.17,3.12,3.43
R2568,Manufacturing,Small: 10-49 employees,3-5 years,10-49,Urban area,Mixed municipal waste,Not sure,Environmental or sustainability department,3,3,3,4,4,4,4,4,3,3,3,4,4,4,4,3,4,3,4,4,4,4,3,3,4,5,4,4,4,4,3,4,4,4,4,4,2,2,3,,3,3,3,3,3,3,3,3,4,4,3,4,3,4,3,4,3,2,3,3,3,2,3.5,3.5,3.67,3.67,4.17,3.83,2.6,3.0,3.67,2.88,3.51
R2569,Information Technology,Micro: Fewer than 10 employees,Less than 3 years,Fewer than 10,Urban area,Paper and cardboard,Not sure,External waste-management agency,5,4,4,4,3,4,3,2,2,3,2,2,2,3,2,2,2,3,3,2,3,3,4,3,3,2,2,3,2,4,3,3,3,3,1,4,3,3,4,3,5,4,2,2,1,2,3,2,4,,4,3,2,3,2,3,2,2,2,2,4,2,4.0,2.33,2.33,3.0,2.67,2.83,3.67,2.0,3.2,2.38,2.89
R2570,Manufacturing,Medium: 50-249 employees,11-20 years,100-249,Industrial area,Plastic waste,Under development,External waste-management agency,5,5,3,3,4,4,3,3,3,3,2,4,3,2,2,2,2,3,4,4,4,4,5,5,4,5,3,3,2,3,4,4,2,2,3,3,4,5,3,3,3,3,4,4,3,4,4,4,5,5,4,4,4,5,4,4,2,3,4,2,3,4,4.0,3.0,2.33,4.33,3.33,3.0,3.5,3.83,4.5,3.25,3.54
R2571,Manufacturing,Large: 250 employees or more,11-20 years,100-249,Semi-urban area,Paper and cardboard,Yes,Environmental or sustainability department,3,4,3,3,3,3,5,5,4,4,5,4,5,5,5,5,5,5,4,4,3,3,4,4,5,3,4,4,3,4,4,4,5,5,5,5,3,4,5,5,4,4,5,5,4,4,4,4,4,5,4,5,4,4,2,3,1,3,2,4,2,3,3.17,4.5,5.0,3.67,3.83,4.67,4.17,4.33,4.33,2.5,4.19
R2572,Manufacturing,Large: 250 employees or more,11-20 years,250 or more,Industrial area,Mixed municipal waste,Under development,Operations department,4,3,3,2,3,4,3,5,4,3,4,,3,3,4,3,3,3,5,4,4,4,4,3,4,4,4,3,5,4,3,3,3,4,3,4,3,3,2,2,4,3,5,4,3,5,4,3,4,4,3,4,3,2,3,4,3,,3,4,3,4,3.17,3.8,3.17,4.0,4.0,3.33,2.83,4.0,3.33,3.43,3.51
R2573,Healthcare,Large: 250 employees or more,11-20 years,250 or more,Urban area,Mixed municipal waste,Not sure,Environmental or sustainability department,3,3,2,4,3,3,4,5,5,3,5,5,4,4,5,5,4,2,3,4,3,4,2,3,4,5,4,5,5,3,4,3,4,3,3,3,,3,4,2,3,4,5,4,5,4,4,4,4,4,,3,3,4,3,3,3,3,1,2,3,4,3.0,4.5,4.0,3.17,4.33,3.33,3.2,4.33,3.6,2.75,3.72
R2574,Retail,Micro: Fewer than 10 employees,11-20 years,Fewer than 10,Urban area,Paper and cardboard,Under development,Facility management team,4,4,3,4,5,3,3,3,3,3,2,4,3,4,3,,5,3,5,5,5,4,5,5,4,4,4,3,3,5,3,3,2,3,3,3,3,3,3,2,4,3,2,2,3,4,4,3,3,4,4,5,4,5,4,4,3,3,2,3,3,4,3.83,3.0,3.6,4.83,3.83,2.83,3.0,3.0,4.17,3.25,3.57
R2575,Manufacturing,Medium: 50-249 employees,11-20 years,100-249,Industrial area,Paper and cardboard,Yes,Environmental or sustainability department,2,3,3,3,4,3,4,3,3,4,3,4,4,5,5,5,5,4,3,3,4,3,3,4,5,4,4,3,4,5,3,4,3,3,3,4,3,2,3,3,5,3,3,2,4,3,3,3,3,4,3,3,3,4,3,4,3,3,3,3,2,4,3.0,3.5,4.67,3.33,4.17,3.33,3.17,3.0,3.33,3.12,3.5
R2576,Manufacturing,Medium: 50-249 employees,11-20 years,100-249,Industrial area,Paper and cardboard,Under development,Facility management team,4,2,4,4,4,3,4,3,3,2,2,3,5,5,4,5,5,4,3,3,4,4,2,4,5,3,4,3,3,3,4,3,4,4,5,4,5,5,5,4,5,4,4,3,5,3,4,4,3,4,4,3,5,3,2,3,2,2,3,2,,3,3.5,2.83,4.67,3.33,3.5,4.0,4.67,3.83,3.67,2.43,3.78
R2577,Healthcare,Medium: 50-249 employees,3-5 years,10-49,Urban area,Plastic waste,No,External waste-management agency,3,3,2,4,2,3,4,3,3,2,4,3,3,4,3,3,3,2,4,4,4,3,3,4,3,3,3,2,2,4,4,3,3,4,3,2,3,1,2,3,3,2,4,2,3,5,3,4,4,3,4,5,4,5,3,3,3,3,4,3,2,5,2.83,3.17,3.0,3.67,2.83,3.17,2.33,3.5,4.17,3.25,3.19
R2578,Information Technology,Micro: Fewer than 10 employees,Less than 3 years,Fewer than 10,Urban area,Mixed municipal waste,No,External waste-management agency,3,3,3,2,3,2,5,5,4,5,4,4,3,5,4,4,4,4,3,3,4,3,4,3,3,3,3,3,3,3,3,3,3,3,3,3,3,2,4,3,2,4,2,2,1,2,3,2,2,2,3,2,2,3,2,3,1,3,3,2,2,4,2.67,4.5,4.0,3.33,3.0,3.0,3.0,2.0,2.33,2.5,3.09
R2579,Manufacturing,Small: 10-49 employees,6-10 years,10-49,Industrial area,Paper and cardboard,Yes,Environmental or sustainability department,4,4,5,4,4,5,3,4,4,5,4,4,4,4,2,4,4,2,4,3,4,,3,4,4,4,3,5,4,4,3,3,3,5,5,4,3,4,4,,3,3,4,4,4,4,5,5,5,4,5,4,4,4,4,3,3,2,3,2,2,4,4.33,4.0,3.33,3.6,4.0,3.83,3.4,4.33,4.33,2.88,3.91
R2580,Information Technology,Large: 250 employees or more,6-10 years,100-249,Urban area,Paper and cardboard,Yes,Operations department,4,4,4,3,5,5,3,5,4,4,4,5,4,3,4,4,4,4,4,4,4,3,3,3,3,2,4,3,4,3,4,4,4,4,5,4,4,3,4,5,2,3,4,4,,4,4,5,5,4,3,4,4,4,3,2,1,1,3,2,1,3,4.17,4.17,3.83,3.5,3.17,4.17,3.5,4.2,4.0,2.0,3.86
R2581,Healthcare,Medium: 50-249 employees,3-5 years,100-249,Urban area,Mixed municipal waste,No,Facility management team,3,4,4,4,4,5,2,2,4,3,3,2,3,3,4,3,4,2,2,3,2,3,3,2,3,3,4,2,3,2,3,1,3,3,3,3,4,4,3,4,4,4,4,4,3,4,3,3,2,2,1,2,3,3,4,4,4,4,4,3,3,4,4.0,2.67,3.17,2.5,2.83,2.67,3.83,3.5,2.17,3.75,3.04
R2582,Retail,Large: 250 employees or more,11-20 years,250 or more,Commercial area,Paper and cardboard,Yes,Environmental or sustainability department,4,2,3,3,4,2,4,4,3,4,3,3,4,2,3,3,4,2,3,3,4,4,2,3,4,4,4,4,5,4,3,3,4,3,4,3,3,4,4,4,5,3,3,4,3,3,3,3,4,3,3,3,3,3,4,4,3,3,3,2,4,3,3.0,3.5,3.0,3.17,4.17,3.33,3.83,3.17,3.17,3.25,3.37
R2583,Manufacturing,Small: 10-49 employees,Less than 3 years,Fewer than 10,Commercial area,Plastic waste,No,Operations department,3,3,4,3,3,3,3,2,3,3,4,3,3,4,3,3,4,4,2,1,4,3,4,3,4,3,4,4,4,4,3,4,,4,3,5,2,2,2,3,2,2,4,3,3,4,4,4,4,3,4,4,3,5,3,2,2,4,4,4,2,3,3.17,3.0,3.5,2.83,3.83,3.8,2.17,3.67,3.83,3.0,3.31
R2584,Hospitality/Services,Small: 10-49 employees,3-5 years,10-49,Semi-urban area,Food or organic waste,Under development,Operations department,4,4,3,4,3,4,3,3,3,2,2,2,3,4,,5,4,4,5,4,5,4,3,4,4,4,4,3,3,4,2,4,3,3,4,4,4,4,4,3,4,3,5,3,3,4,3,4,4,5,4,2,4,3,3,2,3,2,3,2,2,1,3.67,2.5,4.0,4.17,3.67,3.33,3.67,3.67,3.67,2.25,3.59
R2585,Retail,Large: 250 employees or more,6-10 years,250 or more,Commercial area,Paper and cardboard,Not sure,Environmental or sustainability department,3,4,3,3,3,4,3,4,4,3,4,3,3,5,4,4,4,3,4,,3,4,4,5,3,3,3,3,3,2,3,5,4,3,3,3,4,3,4,3,4,4,3,3,4,4,3,3,2,4,3,4,4,3,3,2,3,3,1,2,3,1,3.33,3.5,3.83,4.0,2.83,3.5,3.67,3.33,3.33,2.25,3.48
R2586,Retail,Small: 10-49 employees,3-5 years,10-49,Urban area,Mixed municipal waste,Not sure,Operations department,3,3,4,3,2,3,3,3,3,3,3,2,3,4,,3,2,4,4,4,4,2,3,4,3,4,4,4,5,4,4,4,5,4,4,4,4,5,3,4,3,4,4,3,4,3,3,4,3,4,5,4,3,2,1,3,2,3,1,2,2,3,3.0,2.83,3.2,3.5,4.0,4.17,3.83,3.5,3.5,2.12,3.5
R2587,Information Technology,Small: 10-49 employees,6-10 years,50-99,Commercial area,Paper and cardboard,Not sure,Facility management team,2,2,2,2,2,2,2,2,2,2,2,2,2,2,2,2,2,2,2,2,2,2,2,2,2,2,2,2,2,2,2,2,2,2,2,2,2,2,2,2,2,2,2,2,2,2,2,2,2,2,2,2,2,2,2,2,2,2,2,2,2,2,2.0,2.0,2.0,2.0,2.0,2.0,2.0,2.0,2.0,2.0,2.0
R2588,Information Technology,Large: 250 employees or more,6-10 years,250 or more,Semi-urban area,Mixed municipal waste,Yes,Environmental or sustainability department,4,5,4,4,4,5,5,5,5,4,5,5,5,5,4,4,,5,3,4,4,3,4,5,3,5,4,4,5,4,5,4,5,5,4,4,3,2,4,3,3,3,3,3,3,3,4,5,5,4,5,4,4,4,4,2,1,3,2,3,3,2,4.33,4.83,4.6,3.83,4.17,4.5,3.0,3.5,4.33,2.5,4.12
R2589,Information Technology,Micro: Fewer than 10 employees,3-5 years,Fewer than 10,Urban area,Food or organic waste,Yes,Operations department,3,3,3,3,3,2,3,3,5,4,4,4,3,4,3,2,3,4,2,3,3,3,2,,4,3,2,2,4,2,3,4,5,3,4,5,4,4,4,3,5,3,3,4,2,3,3,4,3,3,2,4,3,3,2,3,2,4,3,3,4,3,2.83,3.83,3.17,2.6,2.83,4.0,3.83,3.17,3.0,3.0,3.25
R2590,Information Technology,Large: 250 employees or more,6-10 years,250 or more,Urban area,Mixed municipal waste,Under development,Operations department,4,5,3,4,4,4,4,,4,4,4,,5,4,5,4,4,4,4,4,3,3,3,3,2,3,3,3,2,4,4,4,4,4,4,4,3,4,4,5,3,4,4,3,4,3,3,3,4,4,4,4,4,4,3,2,2,1,2,2,2,3,4.0,4.0,4.33,3.33,2.83,4.0,3.83,3.33,4.0,2.12,3.74
R2591,Manufacturing,Medium: 50-249 employees,3-5 years,100-249,Industrial area,Mixed municipal waste,No,Facility management team,3,2,4,3,3,2,3,2,3,3,2,2,3,4,4,4,3,3,3,4,4,3,3,2,4,2,2,3,3,3,3,2,3,4,3,3,3,2,4,4,4,4,3,4,3,3,2,4,2,3,3,3,3,3,2,2,3,3,4,4,3,2,2.83,2.5,3.5,3.17,2.83,3.0,3.5,3.17,2.83,2.88,3.04
R2592,Information Technology,Large: 250 employees or more,11-20 years,250 or more,Urban area,Mixed municipal waste,Yes,Operations department,3,4,4,4,4,4,4,3,4,4,3,2,5,5,4,5,4,2,3,3,3,2,2,3,5,5,5,5,5,4,4,5,3,5,5,5,4,4,4,4,2,4,5,4,3,4,5,4,5,4,4,3,5,4,4,3,3,4,2,2,3,,3.83,3.33,4.17,2.67,4.83,4.5,3.67,4.17,4.17,3.0,3.93
R2593,Retail,Large: 250 employees or more,6-10 years,100-249,Urban area,Mixed municipal waste,Under development,Facility management team,3,4,4,4,2,,4,3,3,4,3,2,4,4,4,4,3,4,3,3,3,3,2,3,4,4,4,3,4,3,3,4,3,4,3,3,3,4,4,4,4,4,5,3,4,2,2,4,5,3,4,4,5,4,3,2,3,3,2,3,2,3,3.4,3.17,3.83,2.83,3.67,3.33,3.83,3.33,4.17,2.62,3.51
R2594,Information Technology,Medium: 50-249 employees,11-20 years,50-99,Urban area,Plastic waste,Under development,Facility management team,4,4,4,3,4,5,5,5,5,5,5,4,4,4,5,5,4,5,4,4,2,3,3,3,3,5,5,4,4,4,4,4,4,4,,4,2,4,4,4,2,4,3,2,4,3,5,5,5,5,4,4,4,4,1,4,3,4,3,4,4,4,4.0,4.83,4.5,3.17,4.17,4.0,3.33,3.67,4.33,3.38,4.0
R2595,Retail,Micro: Fewer than 10 employees,Less than 3 years,Fewer than 10,Commercial area,Paper and cardboard,No,External waste-management agency,4,3,3,4,3,3,2,1,1,4,2,2,3,3,3,4,4,4,2,3,1,3,4,3,3,4,,3,3,3,2,4,2,3,3,3,4,4,4,3,2,4,2,1,4,2,2,3,3,2,3,3,4,3,4,4,4,3,4,5,5,4,3.33,2.0,3.5,2.67,3.2,2.83,3.5,2.33,3.0,4.12,2.93
R2596,Manufacturing,Small: 10-49 employees,Less than 3 years,10-49,Semi-urban area,Paper and cardboard,No,Operations department,4,,3,3,2,3,4,4,4,4,5,4,4,3,3,3,3,3,2,3,3,3,3,3,2,3,3,3,4,1,3,1,2,3,1,2,5,3,4,3,4,3,4,2,4,3,3,3,3,3,4,2,2,3,2,2,3,3,2,2,2,4,3.0,4.17,3.17,2.83,2.67,2.0,3.67,3.17,2.83,2.5,3.06
R2597,Retail,Small: 10-49 employees,3-5 years,10-49,Commercial area,Paper and cardboard,Yes,Facility management team,4,4,4,4,4,5,4,3,5,5,5,4,4,4,5,4,4,3,3,4,4,4,3,3,4,4,4,5,4,3,2,3,4,5,5,4,5,3,4,4,3,4,4,3,4,3,4,4,3,3,4,3,4,4,3,3,2,3,3,,3,3,4.17,4.33,4.0,3.5,4.0,3.83,3.83,3.67,3.5,2.86,3.87
R2598,Information Technology,Medium: 50-249 employees,3-5 years,50-99,Urban area,Paper and cardboard,Under development,Operations department,3,3,3,2,3,2,4,3,4,4,2,5,5,4,3,4,3,3,2,4,3,3,4,2,3,2,3,4,3,3,4,4,4,3,2,4,3,2,2,4,2,3,4,4,4,3,3,3,3,3,4,4,3,3,3,2,3,2,2,2,2,2,2.67,3.67,3.67,3.0,3.0,3.5,2.67,3.5,3.33,2.25,3.22
R2599,Retail,Small: 10-49 employees,Less than 3 years,10-49,Semi-urban area,Mixed municipal waste,No,Operations department,3,3,3,4,4,3,3,3,2,1,2,4,4,3,3,3,4,3,2,3,3,4,4,3,3,2,2,2,2,4,3,2,3,3,3,2,3,3,3,3,2,3,2,2,3,2,4,2,4,4,4,5,3,4,4,4,4,4,5,4,5,3,3.33,2.5,3.33,3.17,2.5,2.67,2.83,2.5,4.0,4.12,2.98
R2600,Information Technology,Large: 250 employees or more,6-10 years,100-249,Semi-urban area,Mixed municipal waste,Yes,Operations department,3,4,4,5,3,4,4,3,4,4,3,3,3,,4,,4,4,4,4,5,3,3,3,5,5,4,4,4,4,4,5,5,4,5,5,3,3,5,4,4,4,3,2,3,3,3,3,4,4,4,3,5,5,1,1,1,1,1,2,1,2,3.83,3.5,3.75,3.67,4.33,4.67,3.83,2.83,4.17,1.25,3.84
R2601,Manufacturing,Medium: 50-249 employees,11-20 years,50-99,Industrial area,Mixed municipal waste,Not sure,Operations department,3,3,2,4,3,3,3,4,4,3,4,2,2,3,2,2,2,3,4,4,4,5,4,3,3,4,4,2,4,2,4,4,4,4,3,4,2,3,4,2,3,4,2,4,4,4,2,3,3,4,4,2,3,2,4,3,2,4,2,3,2,2,3.0,3.33,2.33,4.0,3.17,3.83,3.0,3.17,3.0,2.75,3.2
R2602,Manufacturing,Large: 250 employees or more,3-5 years,250 or more,Semi-urban area,Plastic waste,Yes,Operations department,4,4,3,4,3,4,4,,5,4,4,4,4,5,5,5,4,4,4,3,3,3,5,4,4,4,4,5,3,3,4,5,4,4,4,4,5,4,4,5,5,5,4,3,4,4,4,5,3,4,4,4,3,3,3,4,4,4,3,3,3,3,3.67,4.2,4.5,3.67,3.83,4.17,4.67,4.0,3.5,3.38,4.02
R2603,Healthcare,Small: 10-49 employees,3-5 years,10-49,Semi-urban area,Mixed municipal waste,Under development,Operations department,3,3,3,3,3,3,3,3,3,4,3,3,4,3,5,4,4,4,4,4,4,4,4,4,5,4,3,4,4,4,3,4,3,3,3,4,3,3,4,3,4,4,4,2,4,3,3,4,3,3,3,3,3,4,2,1,1,1,2,1,2,1,3.0,3.17,4.0,4.0,4.0,3.33,3.5,3.33,3.17,1.38,3.5
R2604,Retail,Small: 10-49 employees,11-20 years,10-49,Commercial area,Paper and cardboard,Not sure,Operations department,3,3,3,4,3,4,3,3,3,3,5,4,4,4,4,3,4,3,3,4,4,5,3,,2,3,3,3,3,2,4,5,3,4,4,3,3,4,3,4,3,3,3,4,2,4,3,2,4,3,3,4,2,4,4,3,3,4,3,3,4,3,3.33,3.5,3.67,3.8,2.67,3.83,3.33,3.0,3.33,3.38,3.38
R2605,Healthcare,Large: 250 employees or more,11-20 years,100-249,Commercial area,Paper and cardboard,Yes,Facility management team,3,5,4,4,5,5,3,3,4,3,3,3,3,3,4,4,3,3,3,3,3,3,3,4,3,3,3,2,2,4,3,3,4,4,3,4,4,5,5,4,4,4,4,4,4,,3,4,5,4,3,4,5,5,2,3,4,3,3,3,4,2,4.33,3.17,3.33,3.17,2.83,3.5,4.33,3.8,4.33,3.0,3.64
R2606,Hospitality/Services,Micro: Fewer than 10 employees,Less than 3 years,10-49,Commercial area,Plastic waste,Not sure,External waste-management agency,2,3,2,3,2,3,4,5,4,4,4,3,3,2,1,2,1,3,5,4,4,4,3,4,3,4,3,,4,3,3,3,3,3,2,3,3,3,3,3,4,4,2,2,3,3,3,2,3,4,4,2,4,3,3,4,2,4,3,,3,4,2.5,4.0,2.0,4.0,3.4,2.83,3.33,2.5,3.33,3.29,3.1
R2607,Healthcare,Small: 10-49 employees,Less than 3 years,10-49,Urban area,Mixed municipal waste,No,External waste-management agency,4,4,3,3,3,2,3,4,4,3,4,3,4,4,4,3,4,3,3,4,4,3,3,4,4,2,4,4,4,3,2,3,4,2,3,3,4,3,3,4,3,3,2,3,4,3,3,3,4,3,4,,3,4,4,5,3,4,5,3,4,3,3.17,3.5,3.67,3.5,3.5,2.83,3.33,3.0,3.6,3.88,3.34
R2608,Retail,Micro: Fewer than 10 employees,6-10 years,Fewer than 10,Urban area,Plastic waste,Under development,Operations department,3,3,4,5,3,4,5,4,5,4,5,4,4,4,3,4,4,4,3,3,2,5,4,3,4,4,4,4,4,3,4,3,2,3,2,3,4,3,3,3,3,2,3,2,3,3,3,4,3,4,3,3,3,3,4,2,3,2,1,2,3,3,3.67,4.5,3.83,3.33,3.83,2.83,3.0,3.0,3.17,2.5,3.46
R2609,Healthcare,Small: 10-49 employees,11-20 years,10-49,Urban area,Mixed municipal waste,Under development,Facility management team,4,4,4,5,4,5,3,4,3,3,4,3,3,3,3,3,2,3,3,3,3,3,3,4,4,3,3,4,4,3,3,3,3,4,3,3,2,3,,1,2,3,4,4,3,4,5,3,3,3,3,3,4,4,2,2,2,3,1,1,3,2,4.33,3.33,2.83,3.17,3.5,3.17,2.2,3.83,3.33,2.0,3.3
R2610,Hospitality/Services,Small: 10-49 employees,Less than 3 years,10-49,Urban area,Food or organic waste,No,Operations department,4,4,4,4,5,3,3,3,3,4,3,2,3,3,3,3,2,3,3,3,3,4,2,3,2,3,3,3,3,3,3,2,3,2,3,2,3,3,,3,2,3,3,4,3,3,2,3,3,4,3,3,3,3,4,5,5,4,4,2,4,4,4.0,3.0,2.83,3.0,2.83,2.5,2.8,3.0,3.17,4.0,3.01
R2611,Healthcare,Small: 10-49 employees,Less than 3 years,10-49,Urban area,Mixed municipal waste,No,External waste-management agency,2,2,3,3,1,2,3,,3,5,3,3,4,2,2,2,2,3,3,3,2,2,3,2,3,5,4,2,4,3,1,4,2,3,2,3,3,4,,2,4,3,3,3,3,3,2,3,3,3,2,2,2,3,2,3,4,2,4,2,1,3,2.17,3.4,2.5,2.5,3.5,2.5,3.2,2.83,2.5,2.62,2.79
R2612,Information Technology,Small: 10-49 employees,3-5 years,10-49,Urban area,Plastic waste,Under development,Operations department,4,2,4,3,3,3,4,3,3,3,4,4,4,3,3,4,3,5,2,4,4,2,4,2,4,3,4,4,3,4,3,3,4,4,3,5,3,3,4,3,4,3,4,3,4,4,4,3,4,3,4,4,4,4,3,1,2,3,3,2,2,4,3.17,3.5,3.67,3.0,3.67,3.67,3.33,3.67,3.83,2.5,3.5
R2613,Retail,Medium: 50-249 employees,3-5 years,100-249,Commercial area,Food or organic waste,Under development,External waste-management agency,3,3,4,3,4,4,3,4,3,4,4,2,5,4,4,3,5,4,3,3,3,3,3,3,3,3,1,3,4,4,5,5,3,3,3,4,3,3,3,3,3,4,4,4,4,5,4,4,5,4,3,3,3,5,3,4,4,4,4,3,5,5,3.5,3.33,4.17,3.0,3.0,3.83,3.17,4.17,3.83,4.0,3.56
R2614,Information Technology,Small: 10-49 employees,Less than 3 years,10-49,Urban area,Plastic waste,Under development,Operations department,4,4,3,4,3,3,3,3,2,3,3,3,4,4,2,3,2,4,3,4,3,4,4,4,3,2,3,3,3,3,3,2,4,4,2,2,4,3,3,4,3,3,3,4,2,3,2,2,3,3,4,2,3,2,3,3,3,2,2,3,3,4,3.5,2.83,3.17,3.67,2.83,2.83,3.33,2.67,2.83,2.88,3.07
R2615,Manufacturing,Micro: Fewer than 10 employees,Less than 3 years,Fewer than 10,Industrial area,Paper and cardboard,No,External waste-management agency,2,2,2,2,3,3,2,2,2,3,2,3,2,3,3,1,2,2,4,4,4,4,4,4,3,2,2,2,3,2,2,3,3,3,3,3,3,2,3,3,1,3,3,3,3,2,,3,1,1,2,1,3,1,3,4,3,3,5,3,3,3,2.33,2.33,2.17,4.0,2.33,2.83,2.5,2.8,1.5,3.38,2.53
R2616,Information Technology,Large: 250 employees or more,Less than 3 years,100-249,Urban area,Plastic waste,No,Facility management team,3,3,4,3,4,4,2,3,2,4,3,3,4,4,3,4,5,3,4,4,3,4,5,3,4,4,4,3,3,4,2,2,3,3,3,3,3,3,3,2,3,2,2,4,3,3,3,3,3,3,4,5,4,3,4,3,4,3,3,3,2,4,3.5,2.83,3.83,3.83,3.67,2.67,2.67,3.0,3.67,3.25,3.3
R2617,Information Technology,Large: 250 employees or more,11-20 years,250 or more,Urban area,Paper and cardboard,Not sure,Operations department,4,5,5,4,4,4,4,4,3,4,2,5,2,3,2,2,3,3,3,2,3,3,4,4,4,3,3,3,4,3,3,3,3,3,3,3,4,4,3,4,,4,3,4,4,5,3,4,4,4,5,4,4,4,3,3,3,3,2,3,3,4,4.33,3.67,2.5,3.17,3.33,3.0,3.8,3.83,4.17,3.0,3.53
R2618,Hospitality/Services,Large: 250 employees or more,6-10 years,250 or more,Commercial area,Mixed municipal waste,Yes,Environmental or sustainability department,4,5,5,3,3,3,4,4,5,3,4,3,5,5,4,5,3,5,4,3,3,4,5,3,3,3,3,2,2,3,3,3,3,2,2,3,4,5,5,4,5,5,4,3,4,3,2,3,4,5,5,5,5,5,2,4,3,3,4,4,4,1,3.83,3.83,4.5,3.67,2.67,2.67,4.67,3.17,4.83,3.12,3.76
R2619,Manufacturing,Large: 250 employees or more,3-5 years,250 or more,Semi-urban area,Mixed municipal waste,Not sure,External waste-management agency,4,4,3,3,4,4,4,3,3,,3,3,3,4,3,3,4,4,3,3,4,3,4,3,4,3,3,2,2,4,2,3,3,1,2,3,3,3,2,3,3,3,3,3,3,3,3,3,3,3,2,1,3,2,3,4,1,3,4,3,4,3,3.67,3.2,3.5,3.33,3.0,2.33,2.83,3.0,2.33,3.12,3.02
R2620,Information Technology,Medium: 50-249 employees,3-5 years,50-99,Urban area,Paper and cardboard,Yes,Environmental or sustainability department,4,4,5,5,5,5,4,5,4,5,4,5,3,4,4,5,4,2,4,3,4,3,4,4,4,3,4,4,4,3,4,4,3,4,3,4,3,3,3,3,3,4,4,3,3,4,3,3,4,3,4,4,3,4,1,1,1,1,2,1,1,2,4.67,4.5,3.67,3.67,3.67,3.67,3.17,3.33,3.67,1.25,3.78
R2621,Manufacturing,Micro: Fewer than 10 employees,3-5 years,Fewer than 10,Industrial area,Mixed municipal waste,No,External waste-management agency,4,5,4,5,4,5,3,3,3,2,3,3,3,2,3,3,2,2,2,2,2,2,3,3,3,5,3,4,4,3,4,3,3,2,2,3,3,2,3,2,4,2,4,5,3,4,5,3,3,4,3,3,3,4,3,4,5,3,4,4,3,4,4.5,2.83,2.5,2.33,3.67,2.83,2.67,4.0,3.33,3.75,3.18
R2622,Retail,Micro: Fewer than 10 employees,Less than 3 years,Fewer than 10,Semi-urban area,Paper and cardboard,Under development,External waste-management agency,3,2,3,4,4,4,2,2,2,2,3,3,4,3,2,4,3,4,,2,3,4,3,3,3,4,4,5,4,3,3,3,3,3,3,3,2,3,3,3,3,3,2,3,3,4,2,4,3,3,3,2,2,3,2,4,4,2,2,2,2,4,3.33,2.33,3.33,3.0,3.83,3.0,2.83,3.0,2.67,2.75,3.04
R2623,Healthcare,Large: 250 employees or more,6-10 years,250 or more,Urban area,Mixed municipal waste,Under development,Environmental or sustainability department,5,4,5,5,5,3,4,4,3,4,4,4,3,5,4,4,3,3,4,4,4,4,5,5,5,5,5,5,4,4,5,4,5,3,4,3,5,3,4,4,4,4,4,4,4,5,4,4,4,5,5,4,4,4,2,3,2,4,2,2,2,2,4.5,3.83,3.67,4.33,4.67,4.0,4.0,4.17,4.33,2.38,4.17
R2624,Retail,Micro: Fewer than 10 employees,11-20 years,Fewer than 10,Urban area,Mixed municipal waste,Yes,Operations department,3,3,4,2,3,3,5,3,5,5,5,5,4,3,3,3,3,3,4,2,,3,3,3,4,5,5,5,3,4,4,4,4,4,3,5,3,2,3,2,4,2,2,3,3,2,3,2,3,2,4,4,3,3,4,3,3,3,3,3,3,2,3.0,4.67,3.17,3.0,4.33,4.0,2.67,2.5,3.17,3.0,3.39
R2625,Retail,Small: 10-49 employees,6-10 years,10-49,Commercial area,Paper and cardboard,Under development,Operations department,4,2,3,3,3,1,4,4,3,3,,3,2,4,2,3,3,2,4,3,3,4,4,3,4,3,3,3,3,4,3,3,3,4,3,4,4,3,4,3,4,2,4,,3,3,3,3,4,4,3,4,3,3,3,2,3,3,4,3,2,2,2.67,3.4,2.67,3.5,3.33,3.33,3.33,3.2,3.5,2.75,3.21
R2626,Healthcare,Small: 10-49 employees,3-5 years,10-49,Urban area,Paper and cardboard,No,Operations department,3,3,2,3,4,4,3,2,2,2,2,3,4,4,3,4,4,3,4,,3,4,5,3,5,4,4,5,3,4,4,3,2,3,3,3,2,3,3,3,3,3,4,3,5,5,4,4,3,3,4,3,3,3,3,3,2,3,3,3,2,1,3.17,2.33,3.67,3.8,4.17,3.0,2.83,4.17,3.17,2.5,3.37
R2627,Healthcare,Large: 250 employees or more,11-20 years,250 or more,Semi-urban area,Plastic waste,Yes,Facility management team,4,2,2,4,3,4,5,3,5,5,4,4,4,4,3,3,5,3,5,5,5,4,5,5,4,4,4,4,5,4,4,3,3,4,3,3,4,5,5,4,5,3,5,5,5,4,4,4,5,5,5,5,3,5,3,2,2,4,2,3,4,2,3.17,4.33,3.67,4.83,4.17,3.33,4.33,4.5,4.67,2.75,4.11
R2628,Healthcare,Large: 250 employees or more,6-10 years,100-249,Urban area,Paper and cardboard,Yes,Facility management team,3,3,2,3,4,3,4,3,3,4,4,3,4,3,3,3,4,4,4,5,4,4,4,4,3,3,4,5,4,4,5,5,5,5,4,4,4,4,4,5,5,5,4,3,5,4,3,5,4,4,5,5,4,5,3,3,2,3,2,1,3,3,3.0,3.5,3.5,4.17,3.83,4.67,4.5,4.0,4.5,2.5,3.96
R2629,Retail,Micro: Fewer than 10 employees,6-10 years,Fewer than 10,Commercial area,Mixed municipal waste,No,Operations department,4,4,3,3,3,2,4,,4,4,4,4,3,2,3,3,4,3,3,1,4,3,2,3,4,3,2,2,2,3,2,3,2,2,2,3,3,2,3,3,3,2,3,3,4,2,4,4,4,3,4,3,3,3,5,1,3,3,,3,,4,3.17,4.0,3.0,2.67,2.67,2.33,2.67,3.33,3.33,3.17,3.02
R2630,Information Technology,Medium: 50-249 employees,Less than 3 years,50-99,Semi-urban area,Food or organic waste,No,Facility management team,3,3,4,4,3,4,4,4,3,,3,5,3,3,3,4,3,3,2,3,2,3,3,2,4,3,4,4,3,3,3,3,3,2,1,3,3,3,4,3,2,2,3,3,,3,2,3,3,3,3,2,3,4,2,2,3,3,2,3,1,2,3.5,3.8,3.17,2.5,3.5,2.5,2.83,2.8,3.0,2.25,3.07
R2631,Retail,Medium: 50-249 employees,3-5 years,100-249,Urban area,Plastic waste,No,Operations department,2,3,2,2,4,4,2,4,3,3,3,2,3,4,3,4,5,5,3,3,3,3,3,3,4,3,4,3,4,3,2,3,4,3,3,3,3,4,3,3,4,3,4,4,3,4,4,4,4,3,4,5,4,5,3,3,,3,2,3,2,2,2.83,2.83,4.0,3.0,3.5,3.0,3.33,3.83,4.17,2.57,3.39
R2632,Manufacturing,Micro: Fewer than 10 employees,Less than 3 years,Fewer than 10,Industrial area,Plastic waste,Not sure,Facility management team,4,3,4,3,3,4,3,3,4,3,,4,2,4,3,3,4,3,3,3,3,3,4,3,4,4,3,3,4,5,3,3,4,2,3,3,3,3,3,3,4,4,2,2,2,2,3,2,2,3,3,3,2,2,3,4,5,3,4,4,5,3,3.5,3.4,3.17,3.17,3.83,3.0,3.33,2.17,2.5,3.88,3.12
R2633,Retail,Small: 10-49 employees,6-10 years,10-49,Commercial area,Paper and cardboard,No,Operations department,4,4,4,4,4,4,4,4,4,4,4,4,4,4,4,4,4,4,4,4,4,4,4,4,4,4,4,4,4,4,4,4,4,4,4,4,4,4,4,4,4,4,4,4,4,4,4,4,4,4,4,4,4,4,4,4,4,4,4,4,4,4,4.0,4.0,4.0,4.0,4.0,4.0,4.0,4.0,4.0,4.0,4.0
R2634,Information Technology,Micro: Fewer than 10 employees,6-10 years,Fewer than 10,Urban area,Mixed municipal waste,No,External waste-management agency,5,3,4,3,4,3,3,3,3,3,3,4,4,3,2,4,2,3,4,3,3,5,3,2,3,4,4,3,3,3,2,3,3,4,3,3,4,3,3,4,4,3,4,4,3,3,4,4,3,3,3,3,2,3,3,3,3,4,3,4,3,3,3.67,3.17,3.0,3.33,3.33,3.0,3.5,3.67,2.83,3.25,3.28
R2635,Manufacturing,Small: 10-49 employees,6-10 years,10-49,Industrial area,Paper and cardboard,Yes,External waste-management agency,3,4,4,3,4,5,4,4,3,3,4,3,5,4,4,4,4,3,4,5,4,3,4,4,4,4,4,4,4,4,4,4,3,5,5,5,3,4,3,4,4,4,5,3,4,4,4,4,4,4,5,4,5,4,4,4,4,3,3,3,3,4,3.83,3.5,4.0,4.0,4.0,4.33,3.67,4.0,4.33,3.5,3.96
R2636,Manufacturing,Medium: 50-249 employees,11-20 years,100-249,Urban area,Paper and cardboard,Under development,External waste-management agency,4,3,3,4,4,3,4,3,4,4,4,4,4,5,4,4,4,3,4,3,,4,2,3,3,4,3,2,5,3,4,4,5,3,4,4,4,3,5,4,3,3,4,3,4,4,4,3,2,4,2,3,4,2,3,3,2,2,3,3,3,2,3.5,3.83,4.0,3.2,3.33,4.0,3.67,3.67,2.83,2.62,3.56
R2637,Hospitality/Services,Small: 10-49 employees,3-5 years,50-99,Commercial area,Plastic waste,No,External waste-management agency,3,4,5,3,4,3,3,3,2,3,2,4,3,3,4,3,3,2,3,3,4,4,4,5,3,3,5,4,4,3,3,5,4,5,4,3,3,2,4,4,2,5,2,1,2,3,2,2,4,4,4,4,3,4,4,2,2,3,2,4,3,3,3.67,2.83,3.0,3.83,3.67,4.0,3.33,2.0,3.83,2.88,3.35
R2638,Information Technology,Micro: Fewer than 10 employees,6-10 years,10-49,Urban area,Plastic waste,Not sure,External waste-management agency,3,4,4,3,4,3,3,1,2,3,2,3,3,4,3,4,4,4,4,3,5,4,5,4,5,3,4,5,4,5,3,5,4,3,4,4,3,2,2,3,4,3,3,4,3,3,3,3,3,4,4,3,4,4,3,2,1,2,3,2,,2,3.5,2.33,3.67,4.17,4.33,3.83,2.83,3.17,3.67,2.14,3.5
R2639,Healthcare,Small: 10-49 employees,11-20 years,50-99,Industrial area,Mixed municipal waste,Not sure,Facility management team,4,5,4,4,4,4,3,3,3,3,4,4,5,4,4,5,3,4,4,3,3,4,2,2,2,2,3,3,3,2,4,4,4,5,3,4,3,3,3,2,3,3,4,3,5,3,5,4,4,3,4,4,5,4,4,3,4,4,3,3,3,3,4.17,3.33,4.17,3.0,2.5,4.0,2.83,4.0,4.0,3.38,3.56
R2640,Information Technology,Micro: Fewer than 10 employees,Less than 3 years,Fewer than 10,Urban area,Paper and cardboard,Not sure,External waste-management agency,4,4,4,2,5,3,3,4,4,3,4,3,3,3,3,2,3,4,3,3,3,4,3,4,2,3,4,3,5,3,3,4,3,3,4,4,4,4,4,5,3,3,3,4,2,3,3,5,2,3,4,3,3,3,2,3,4,2,5,3,3,4,3.67,3.5,3.0,3.33,3.33,3.5,3.83,3.33,3.0,3.25,3.39
R2641,Hospitality/Services,Medium: 50-249 employees,3-5 years,50-99,Commercial area,Paper and cardboard,Not sure,Facility management team,3,3,3,4,3,4,3,3,4,3,4,4,5,4,4,,4,4,5,4,4,4,4,5,4,4,,4,4,3,5,5,4,5,4,5,4,5,3,3,3,4,2,3,2,3,3,2,3,4,3,3,2,4,4,3,3,3,2,2,3,3,3.33,3.5,4.2,4.33,3.8,4.67,3.67,2.5,3.17,2.88,3.69
R2642,Healthcare,Medium: 50-249 employees,6-10 years,100-249,Urban area,Mixed municipal waste,Not sure,Operations department,4,4,3,3,4,4,4,3,3,4,3,4,,3,3,3,4,4,3,4,4,3,5,3,3,4,3,3,3,3,3,4,3,3,3,2,4,4,4,3,3,5,3,4,4,2,3,4,1,3,2,3,4,2,3,2,4,3,1,2,2,4,3.67,3.5,3.4,3.67,3.17,3.0,3.83,3.33,2.5,2.62,3.34
R2643,Manufacturing,Small: 10-49 employees,3-5 years,10-49,Urban area,Mixed municipal waste,Not sure,External waste-management agency,,3,2,2,3,3,3,2,1,3,3,3,2,3,2,4,3,2,2,3,3,1,3,3,5,4,3,3,2,3,3,2,2,3,2,2,4,2,3,4,3,4,4,4,3,3,4,2,3,4,5,2,3,4,3,2,2,3,3,1,2,3,2.6,2.5,2.67,2.5,3.33,2.33,3.33,3.33,3.5,2.38,2.9
R2644,Healthcare,Small: 10-49 employees,6-10 years,10-49,Semi-urban area,Mixed municipal waste,No,External waste-management agency,4,2,3,4,3,3,2,3,2,2,2,3,4,3,5,4,3,2,4,2,4,5,4,4,3,3,3,3,3,2,4,4,4,4,2,4,3,3,1,3,2,2,3,3,3,3,3,3,3,3,3,3,3,3,4,3,5,3,4,3,5,3,3.17,2.33,3.5,3.83,2.83,3.67,2.33,3.0,3.0,3.75,3.07
R2645,Hospitality/Services,Small: 10-49 employees,11-20 years,10-49,Semi-urban area,Paper and cardboard,Under development,Environmental or sustainability department,4,3,3,4,3,3,3,4,4,4,3,3,3,3,3,4,3,4,3,4,5,2,4,4,5,5,5,5,4,4,4,4,4,3,5,4,3,5,3,5,4,3,4,4,4,4,4,5,5,4,5,5,5,5,2,1,2,2,3,2,2,3,3.33,3.5,3.33,3.67,4.67,4.0,3.83,4.17,4.83,2.12,3.93
R2646,Healthcare,Small: 10-49 employees,3-5 years,10-49,Urban area,Paper and cardboard,No,External waste-management agency,4,4,4,4,3,4,3,3,4,4,3,3,3,3,3,5,3,4,4,4,4,4,3,4,4,5,4,3,4,4,2,4,4,4,3,4,3,3,3,4,3,4,4,4,3,5,3,3,3,2,3,2,3,3,5,4,2,4,3,3,4,4,3.83,3.33,3.5,3.83,4.0,3.5,3.33,3.67,2.67,3.62,3.52
R2647,Manufacturing,Medium: 50-249 employees,6-10 years,50-99,Industrial area,Plastic waste,Yes,Environmental or sustainability department,4,4,5,3,3,3,4,5,4,3,5,5,3,4,4,4,3,3,4,5,4,4,4,4,3,4,4,5,3,4,4,4,5,4,4,5,4,3,3,4,3,2,5,4,4,3,4,3,4,4,4,4,5,4,2,1,2,2,1,2,1,1,3.67,4.33,3.5,4.17,3.83,4.33,3.17,3.83,4.17,1.5,3.89
R2648,Hospitality/Services,Small: 10-49 employees,6-10 years,10-49,Urban area,Food or organic waste,Not sure,External waste-management agency,3,3,3,3,3,4,3,2,3,3,2,4,3,4,4,5,4,4,4,4,5,3,3,3,3,3,2,2,3,3,4,4,3,2,2,3,3,2,3,4,4,4,4,3,4,3,4,2,4,3,3,3,4,2,4,4,5,3,4,4,4,4,3.17,2.83,4.0,3.67,2.67,3.0,3.33,3.33,3.17,4.0,3.24
R2649,Information Technology,Medium: 50-249 employees,6-10 years,100-249,Urban area,Paper and cardboard,Not sure,Facility management team,5,5,5,4,5,5,4,4,3,3,3,3,2,2,3,3,2,3,2,3,3,5,4,3,2,3,4,3,2,4,4,4,3,3,2,2,3,3,3,5,3,2,4,5,4,4,5,4,3,3,3,3,4,4,3,4,3,3,2,3,3,4,4.83,3.33,2.5,3.33,3.0,3.0,3.17,4.33,3.33,3.12,3.42
R2650,Retail,Large: 250 employees or more,11-20 years,250 or more,Commercial area,Plastic waste,Yes,Environmental or sustainability department,3,4,4,4,4,3,4,4,5,4,5,5,4,4,5,4,5,4,5,5,4,5,4,5,4,4,3,3,3,2,4,5,5,4,5,5,5,4,5,5,5,5,5,2,4,3,3,3,3,3,4,3,3,3,2,2,3,2,2,1,2,2,3.67,4.5,4.33,4.67,3.17,4.67,4.83,3.33,3.17,2.0,4.04
R2651,Hospitality/Services,Medium: 50-249 employees,3-5 years,10-49,Commercial area,Paper and cardboard,No,External waste-management agency,3,2,3,4,3,4,4,4,4,4,3,3,2,3,3,2,3,2,2,3,3,3,3,3,2,3,3,3,4,3,2,3,3,4,3,1,3,3,2,2,3,2,3,3,3,3,1,3,3,3,3,4,3,3,4,4,5,4,3,3,4,4,3.17,3.67,2.5,2.83,3.0,2.67,2.5,2.67,3.17,3.88,2.91
R2652,Information Technology,Micro: Fewer than 10 employees,3-5 years,10-49,Commercial area,Mixed municipal waste,No,External waste-management agency,2,2,3,3,2,3,2,2,2,3,1,2,3,3,4,3,4,3,2,3,2,2,3,2,3,3,3,3,2,4,1,2,2,2,1,2,1,3,4,5,3,4,3,2,2,2,3,4,3,2,2,3,4,4,4,3,3,4,4,4,4,4,2.5,2.0,3.33,2.33,3.0,1.67,3.33,2.67,3.0,3.75,2.65
R2653,Information Technology,Large: 250 employees or more,6-10 years,250 or more,Commercial area,Paper and cardboard,Yes,Environmental or sustainability department,4,4,3,5,4,5,4,2,3,5,3,4,3,4,3,4,4,4,3,3,4,5,3,2,4,2,4,5,3,4,4,4,3,4,4,3,3,3,4,4,3,3,,4,4,4,5,4,5,3,4,4,3,4,2,2,2,1,1,1,1,2,4.17,3.5,3.67,3.33,3.67,3.67,3.33,4.2,3.83,1.5,3.71
R2654,Hospitality/Services,Medium: 50-249 employees,Less than 3 years,10-49,Industrial area,Food or organic waste,Under development,Operations department,2,2,3,2,3,2,4,2,3,3,3,2,3,4,3,3,3,3,3,4,4,5,4,2,3,3,3,3,3,3,2,3,3,2,3,3,4,4,3,4,5,3,3,4,4,4,3,3,3,3,2,2,3,3,3,1,2,2,1,1,2,3,2.33,2.83,3.17,3.67,3.0,2.67,3.83,3.5,2.67,1.88,3.07
R2655,Manufacturing,Small: 10-49 employees,6-10 years,50-99,Industrial area,Plastic waste,Under development,Environmental or sustainability department,3,3,3,4,2,3,3,3,4,3,3,3,3,4,3,4,3,4,3,4,4,4,4,4,3,3,3,4,3,4,3,4,3,4,5,4,3,3,4,2,4,5,3,2,3,4,2,3,4,3,2,4,2,2,4,3,4,3,3,3,3,2,3.0,3.17,3.5,3.83,3.33,3.83,3.5,2.83,2.83,3.12,3.31
R2656,Information Technology,Medium: 50-249 employees,Less than 3 years,100-249,Commercial area,Plastic waste,Not sure,Operations department,2,2,2,2,2,2,3,2,3,4,2,2,3,2,2,3,1,1,4,3,3,5,3,3,2,3,4,3,4,4,4,3,3,3,5,3,4,3,4,3,3,4,4,4,4,4,3,5,4,4,3,3,3,4,4,4,4,3,4,,2,4,2.0,2.67,2.0,3.5,3.33,3.5,3.5,4.0,3.5,3.57,3.11
R2657,Retail,Medium: 50-249 employees,3-5 years,50-99,Commercial area,Mixed municipal waste,Under development,Operations department,3,3,4,3,3,5,3,3,2,2,2,3,5,4,4,4,5,4,4,3,5,4,4,4,2,,3,2,3,3,4,2,4,4,3,3,4,4,3,3,3,4,3,4,3,3,3,4,4,3,2,3,3,3,3,3,3,3,4,4,3,3,3.5,2.5,4.33,4.0,2.6,3.33,3.5,3.33,3.0,3.25,3.34
R2658,Information Technology,Micro: Fewer than 10 employees,Less than 3 years,Fewer than 10,Commercial area,Mixed municipal waste,No,External waste-management agency,3,3,4,2,3,3,3,2,2,2,3,3,3,3,3,4,3,4,4,3,3,4,3,4,4,3,4,3,4,3,3,4,3,4,5,3,4,5,3,4,3,4,3,3,4,3,4,3,3,3,3,3,3,3,3,4,3,3,3,5,4,3,3.0,2.5,3.33,3.5,3.5,3.67,3.83,3.33,3.0,3.5,3.3
R2659,Information Technology,Medium: 50-249 employees,11-20 years,50-99,Commercial area,Paper and cardboard,Not sure,Facility management team,2,3,3,2,3,4,3,4,3,4,4,3,3,3,2,3,3,3,5,4,5,4,4,4,3,2,2,4,3,2,4,2,3,3,3,3,1,2,1,3,1,1,4,3,3,4,,4,3,3,2,2,4,2,5,5,4,3,3,4,4,3,2.83,3.5,2.83,4.33,2.67,3.0,1.5,3.6,2.67,3.88,2.99
R2660,Information Technology,Medium: 50-249 employees,3-5 years,10-49,Urban area,Food or organic waste,Yes,Operations department,3,4,4,4,3,4,2,2,3,2,4,3,4,4,4,4,5,4,2,3,3,4,4,3,4,4,5,5,4,4,4,4,4,5,4,,3,3,4,2,5,3,2,3,4,4,4,2,3,3,4,2,4,4,3,2,2,3,2,2,3,2,3.67,2.67,4.17,3.17,4.33,4.2,3.33,3.17,3.33,2.38,3.56
R2661,Information Technology,Micro: Fewer than 10 employees,Less than 3 years,Fewer than 10,Urban area,Mixed municipal waste,No,External waste-management agency,3,3,3,2,3,2,2,3,3,2,3,3,3,3,4,3,3,3,2,3,3,4,3,4,2,4,3,3,3,2,3,4,3,3,2,3,2,3,2,1,4,2,3,3,2,2,1,2,2,4,2,4,2,4,4,4,4,5,4,4,4,5,2.67,2.67,3.17,3.17,2.83,3.0,2.33,2.17,3.0,4.25,2.78
R2662,Information Technology,Small: 10-49 employees,3-5 years,10-49,Industrial area,Paper and cardboard,Not sure,External waste-management agency,3,3,2,2,4,2,3,4,4,4,3,3,3,3,3,3,2,3,3,3,3,3,3,4,3,3,3,3,3,3,2,3,4,4,4,3,4,4,2,5,2,3,4,2,3,3,4,4,3,4,3,3,3,3,3,3,3,3,2,2,3,3,2.67,3.5,2.83,3.17,3.0,3.33,3.33,3.33,3.17,2.75,3.15
R2663,Manufacturing,Micro: Fewer than 10 employees,3-5 years,Fewer than 10,Commercial area,Paper and cardboard,Under development,Operations department,3,3,3,3,4,2,3,3,4,2,3,3,4,3,3,3,3,3,4,4,3,3,4,4,4,4,3,3,3,4,4,4,3,3,3,3,3,5,5,4,3,3,4,3,4,4,3,3,3,3,3,2,3,3,2,4,2,3,3,4,2,3,3.0,3.0,3.17,3.67,3.5,3.33,3.83,3.5,2.83,2.88,3.31
R2664,Retail,Small: 10-49 employees,Less than 3 years,10-49,Urban area,Plastic waste,No,External waste-management agency,3,2,2,1,2,2,1,,2,3,2,2,3,3,,2,1,2,2,2,1,3,3,4,3,5,3,4,4,3,2,3,4,3,3,4,3,2,4,2,2,2,2,3,4,3,4,2,3,4,3,5,3,3,,4,4,3,3,4,3,4,2.0,2.0,2.2,2.5,3.67,3.17,2.5,3.0,3.5,3.57,2.73
R2665,Manufacturing,Small: 10-49 employees,3-5 years,Fewer than 10,Industrial area,Mixed municipal waste,No,Operations department,2,2,3,2,3,2,3,4,5,3,4,3,2,3,3,3,3,3,3,3,3,4,4,5,4,5,4,4,3,4,2,4,3,5,4,2,4,4,3,4,3,3,2,3,3,2,3,2,3,4,2,3,5,4,1,3,4,3,4,3,3,2,2.33,3.67,2.83,3.67,4.0,3.33,3.5,2.5,3.5,2.88,3.26
R2666,Information Technology,Medium: 50-249 employees,3-5 years,100-249,Urban area,Paper and cardboard,No,Operations department,3,,3,3,3,3,5,3,4,4,3,4,5,4,4,5,5,3,3,3,3,3,4,2,5,4,4,3,5,3,4,4,5,4,4,5,4,3,5,3,3,3,4,4,4,3,3,3,4,4,3,4,3,4,3,4,4,3,2,3,3,3,3.0,3.83,4.33,3.0,4.0,4.33,3.5,3.5,3.67,3.12,3.68
R2667,Healthcare,Medium: 50-249 employees,3-5 years,100-249,Urban area,Mixed municipal waste,No,Facility management team,2,2,2,3,2,3,2,3,,4,4,3,3,3,4,5,3,4,4,3,2,3,3,4,2,2,3,3,2,3,2,3,2,3,2,3,3,4,4,3,3,4,3,3,2,2,3,2,2,3,3,1,3,3,5,5,2,3,5,5,3,3,2.33,3.2,3.67,3.17,2.5,2.5,3.5,2.5,2.5,3.88,2.87
R2668,Healthcare,Micro: Fewer than 10 employees,Less than 3 years,Fewer than 10,Urban area,Mixed municipal waste,Yes,Operations department,4,2,3,3,4,5,4,5,5,3,4,4,2,3,3,3,4,4,2,4,3,3,3,2,4,4,3,4,4,2,3,3,3,2,2,3,4,5,4,3,4,4,5,4,4,3,5,4,2,3,3,2,3,3,3,3,2,3,2,2,4,4,3.5,4.17,3.17,2.83,3.5,2.67,4.0,4.17,2.67,2.88,3.41
R2669,Manufacturing,Micro: Fewer than 10 employees,Less than 3 years,Fewer than 10,Semi-urban area,Paper and cardboard,Under development,Environmental or sustainability department,4,4,4,5,5,5,3,4,3,2,4,4,5,4,4,4,4,3,4,4,3,3,3,3,3,3,3,4,5,4,3,4,4,5,3,4,1,,3,3,3,4,4,4,4,4,4,4,4,4,4,4,4,4,4,4,3,4,5,5,4,4,4.5,3.33,4.0,3.33,3.67,3.83,2.8,4.0,4.0,4.12,3.72
R2670,Healthcare,Micro: Fewer than 10 employees,3-5 years,Fewer than 10,Semi-urban area,Mixed municipal waste,No,External waste-management agency,4,4,4,3,2,4,4,3,3,4,4,4,3,3,3,4,3,4,3,3,2,2,2,3,3,4,5,4,5,4,4,3,3,4,3,4,3,3,3,3,3,2,3,3,3,4,3,3,3,4,3,4,4,2,3,3,2,3,3,3,3,2,3.5,3.67,3.33,2.5,4.17,3.5,2.83,3.17,3.33,2.75,3.33
R2671,Retail,Large: 250 employees or more,11-20 years,250 or more,Urban area,Paper and cardboard,Under development,Environmental or sustainability department,5,5,5,5,5,4,3,3,4,3,4,3,4,3,5,4,4,5,3,3,3,2,3,3,3,4,3,2,2,3,5,4,4,3,4,5,2,4,3,3,3,2,3,2,2,3,2,1,4,4,,3,5,3,3,4,4,2,4,3,2,3,4.83,3.33,4.17,2.83,2.83,4.17,2.83,2.17,3.8,3.12,3.44
R2672,Hospitality/Services,Small: 10-49 employees,3-5 years,10-49,Commercial area,Paper and cardboard,Under development,Operations department,3,4,3,4,3,4,3,4,4,3,3,3,4,4,4,3,4,4,2,3,3,3,2,3,4,3,2,5,4,3,3,4,4,4,4,4,3,2,3,4,3,3,4,4,4,4,4,5,5,5,4,5,5,4,,2,2,3,3,3,3,3,3.5,3.33,3.83,2.67,3.5,3.83,3.0,4.17,4.67,2.71,3.61
R2673,Information Technology,Small: 10-49 employees,6-10 years,50-99,Urban area,Paper and cardboard,No,Facility management team,3,5,4,3,3,4,3,2,3,3,3,2,3,3,3,3,3,2,5,4,5,5,4,5,3,3,3,2,3,4,3,2,3,3,3,3,3,3,3,4,4,5,3,3,3,4,2,2,3,2,4,3,4,3,4,3,3,4,4,3,4,4,3.67,2.67,2.83,4.67,3.0,2.83,3.67,2.83,3.17,3.62,3.26
R2674,Retail,Medium: 50-249 employees,11-20 years,100-249,Commercial area,Mixed municipal waste,Not sure,Operations department,4,3,3,5,4,4,4,5,4,4,4,4,3,3,5,3,4,5,3,3,3,3,2,3,5,3,4,4,5,3,3,3,3,3,3,3,3,4,3,3,4,4,3,4,3,4,3,3,4,5,4,4,3,4,2,1,3,3,3,1,3,1,3.83,4.17,3.83,2.83,4.0,3.0,3.5,3.33,4.0,2.12,3.61
R2675,Information Technology,Medium: 50-249 employees,6-10 years,100-249,Commercial area,Mixed municipal waste,No,Operations department,3,4,4,2,5,4,4,2,3,3,3,3,2,2,1,3,2,1,4,3,4,4,3,4,3,2,3,3,2,3,4,4,4,4,4,4,2,3,2,4,3,3,4,5,4,4,4,2,2,3,3,3,3,3,2,4,3,4,2,3,3,4,3.67,3.0,1.83,3.67,2.67,4.0,2.83,3.83,2.83,3.12,3.15
R2676,Manufacturing,Micro: Fewer than 10 employees,6-10 years,Fewer than 10,Industrial area,Food or organic waste,No,Operations department,,3,4,3,4,4,4,3,3,3,4,4,4,4,5,5,5,3,2,3,3,3,3,3,5,4,4,4,4,4,4,4,3,4,3,4,4,3,4,4,4,3,2,4,2,3,3,3,4,4,3,4,4,4,4,3,4,4,4,3,3,4,3.6,3.5,4.33,2.83,4.17,3.67,3.67,2.83,3.83,3.62,3.6
R2677,Manufacturing,Large: 250 employees or more,11-20 years,100-249,Industrial area,Food or organic waste,Under development,Environmental or sustainability department,3,3,3,3,3,3,3,3,3,3,3,3,3,3,3,3,3,3,3,3,3,3,3,3,3,3,3,3,3,3,3,3,3,3,3,3,3,3,3,3,3,3,3,3,3,3,3,3,3,3,3,3,3,3,3,3,3,3,3,3,3,3,3.0,3.0,3.0,3.0,3.0,3.0,3.0,3.0,3.0,3.0,3.0
R2678,Healthcare,Large: 250 employees or more,11-20 years,100-249,Commercial area,Mixed municipal waste,Yes,Facility management team,5,4,4,3,5,,4,4,4,4,4,5,3,3,4,4,4,3,3,4,3,4,4,3,4,5,4,3,4,5,3,4,4,3,4,3,3,4,3,4,5,4,4,5,5,4,4,5,2,2,3,4,2,4,2,3,4,2,2,3,3,4,4.2,4.17,3.5,3.5,4.17,3.5,3.83,4.5,2.83,2.88,3.8
R2679,Information Technology,Medium: 50-249 employees,Less than 3 years,100-249,Urban area,Mixed municipal waste,No,External waste-management agency,4,3,3,2,4,2,3,2,2,3,3,3,2,2,4,3,2,1,4,4,4,4,2,4,3,3,3,3,3,2,3,2,3,2,3,3,3,3,3,2,2,3,3,3,4,4,3,4,1,1,2,1,2,2,5,4,4,3,3,4,4,4,3.0,2.67,2.33,3.67,2.83,2.67,2.67,3.5,1.5,3.88,2.76
R2680,Manufacturing,Large: 250 employees or more,3-5 years,250 or more,Urban area,Paper and cardboard,Under development,Operations department,4,5,4,5,4,4,3,5,4,4,3,4,2,1,2,2,1,1,4,3,4,4,3,3,2,4,4,3,4,3,4,2,4,3,3,5,3,4,4,2,4,3,5,4,5,4,4,5,3,3,3,2,4,3,2,4,3,4,4,4,3,4,4.33,3.83,1.5,3.5,3.33,3.5,3.33,4.5,3.0,3.5,3.42
R2681,Manufacturing,Large: 250 employees or more,3-5 years,100-249,Industrial area,Plastic waste,Yes,Environmental or sustainability department,4,2,3,3,4,2,4,4,4,4,4,4,5,4,5,5,5,4,5,5,5,3,4,5,,2,4,3,3,3,5,4,4,5,4,4,4,4,3,3,4,3,4,4,4,3,3,3,5,4,4,3,5,5,3,3,3,5,4,3,4,4,3.0,4.0,4.67,4.5,3.0,4.33,3.5,3.5,4.33,3.62,3.87
R2682,Retail,Micro: Fewer than 10 employees,11-20 years,10-49,Commercial area,Paper and cardboard,Not sure,Operations department,3,3,3,3,,3,4,4,4,3,4,5,4,4,4,3,3,3,4,4,4,5,4,4,3,3,2,4,2,3,3,4,4,2,4,4,1,2,2,2,,2,3,3,2,4,4,3,2,2,1,3,2,2,3,3,3,2,3,3,2,3,3.0,4.0,3.5,4.17,2.83,3.5,1.8,3.17,2.0,2.75,3.11
R2683,Manufacturing,Large: 250 employees or more,11-20 years,100-249,Semi-urban area,Plastic waste,Under development,Operations department,2,3,3,4,2,3,5,5,4,5,5,5,3,4,3,3,2,3,3,3,3,3,3,3,5,4,5,4,5,3,3,2,4,3,4,3,5,3,4,3,3,3,3,3,4,5,3,4,3,3,,4,3,3,2,3,2,3,3,3,2,3,2.83,4.83,3.0,3.0,4.33,3.17,3.5,3.67,3.2,2.62,3.5
R2684,Retail,Small: 10-49 employees,Less than 3 years,10-49,Urban area,Paper and cardboard,Not sure,Operations department,3,3,4,3,4,4,4,,3,3,3,3,1,2,3,2,2,3,1,3,2,2,1,2,3,2,2,2,2,4,2,3,4,3,2,2,4,4,3,3,3,4,3,4,2,3,3,3,2,3,3,3,2,3,4,4,3,3,5,3,5,5,3.5,3.2,2.17,1.83,2.5,2.67,3.5,3.0,2.67,4.0,2.78
R2685,Retail,Small: 10-49 employees,Less than 3 years,Fewer than 10,Semi-urban area,Paper and cardboard,No,External waste-management agency,3,2,2,3,2,3,4,4,3,3,4,4,3,4,4,3,4,5,3,2,3,1,3,2,3,3,1,2,3,3,3,3,4,3,4,2,2,2,2,2,2,2,3,2,3,3,2,3,3,3,2,3,3,3,4,4,4,4,5,4,4,3,2.5,3.67,3.83,2.33,2.5,3.17,2.0,2.67,2.83,4.0,2.83
R2686,Hospitality/Services,Small: 10-49 employees,3-5 years,50-99,Urban area,Paper and cardboard,Yes,Facility management team,4,4,2,4,3,3,2,3,3,4,3,4,3,5,3,4,4,4,4,4,4,3,4,4,3,4,2,3,3,2,4,3,4,4,4,2,4,3,3,4,3,3,3,3,4,4,3,4,5,3,4,4,4,3,4,4,2,4,4,4,4,4,3.33,3.17,3.83,3.83,2.83,3.5,3.33,3.5,3.83,3.75,3.46
R2687,Retail,Micro: Fewer than 10 employees,3-5 years,Fewer than 10,Urban area,Mixed municipal waste,Not sure,External waste-management agency,2,2,3,,2,3,2,2,3,3,2,3,2,2,2,2,2,2,3,3,2,2,2,1,2,2,1,2,2,2,1,2,3,2,2,3,,3,3,3,4,4,2,3,2,1,1,2,3,2,2,2,1,2,4,3,3,3,3,4,3,2,2.4,2.5,2.0,2.17,1.83,2.17,3.4,1.83,2.0,3.12,2.26
R2688,Manufacturing,Medium: 50-249 employees,Less than 3 years,50-99,Semi-urban area,Plastic waste,Under development,Operations department,4,3,2,3,3,3,3,2,3,3,3,3,3,3,2,4,4,3,3,4,4,3,3,4,3,4,4,3,5,3,4,4,3,4,5,3,4,4,3,4,5,4,2,4,3,4,,4,2,3,1,3,2,4,4,2,2,2,3,3,2,2,3.0,2.83,3.17,3.5,3.67,3.83,4.0,3.4,2.5,2.5,3.32
R2689,Manufacturing,Large: 250 employees or more,Less than 3 years,250 or more,Urban area,Mixed municipal waste,Not sure,Environmental or sustainability department,3,3,4,4,3,5,4,3,4,3,4,3,3,4,3,3,4,5,4,4,4,4,3,4,5,5,4,5,4,5,4,3,4,5,3,4,2,3,2,3,4,5,3,3,5,4,5,4,4,5,4,3,4,4,4,3,3,3,3,3,4,4,3.67,3.5,3.67,3.83,4.67,3.83,3.17,4.0,4.0,3.38,3.82
R2690,Manufacturing,Small: 10-49 employees,6-10 years,10-49,Industrial area,Plastic waste,No,External waste-management agency,3,3,2,2,2,3,3,2,2,3,3,4,3,3,3,3,3,4,2,2,2,3,3,4,3,2,2,1,2,3,1,2,1,1,2,2,2,1,3,3,2,1,3,3,2,3,2,3,3,4,3,3,3,4,4,4,3,4,5,4,4,4,2.5,2.83,3.17,2.67,2.17,1.5,2.0,2.67,3.33,4.0,2.54
R2691,Information Technology,Micro: Fewer than 10 employees,3-5 years,Fewer than 10,Urban area,Food or organic waste,No,External waste-management agency,2,2,1,3,3,2,4,3,4,4,3,3,3,4,,3,3,3,2,3,3,4,2,3,3,3,3,3,3,4,2,2,2,2,3,2,3,2,3,3,3,3,3,2,3,4,2,3,3,4,3,3,3,4,5,4,3,2,3,3,4,4,2.17,3.5,3.2,2.83,3.17,2.17,2.83,2.83,3.33,3.5,2.89
R2692,Retail,Micro: Fewer than 10 employees,3-5 years,Fewer than 10,Semi-urban area,Paper and cardboard,Not sure,Operations department,4,4,4,3,4,3,3,4,4,4,4,4,4,2,2,1,2,1,2,2,3,3,4,3,3,3,4,2,2,3,1,3,2,2,3,2,4,3,4,2,4,2,2,3,3,3,2,1,3,3,3,3,3,4,3,5,3,5,4,4,4,3,3.67,3.83,2.0,2.83,2.83,2.17,3.17,2.33,3.17,3.88,2.89
R2693,Manufacturing,Large: 250 employees or more,3-5 years,250 or more,Industrial area,Paper and cardboard,No,Operations department,4,5,3,3,4,3,3,4,3,5,3,3,2,4,3,3,4,3,3,5,3,4,5,3,3,4,3,4,4,4,4,5,4,5,5,5,3,3,4,3,3,3,3,3,4,3,4,4,3,4,4,4,4,4,4,2,3,3,3,3,2,2,3.67,3.5,3.17,3.83,3.67,4.67,3.17,3.5,3.83,2.75,3.67
R2694,Hospitality/Services,Large: 250 employees or more,6-10 years,100-249,Semi-urban area,Food or organic waste,No,Operations department,3,3,3,3,3,3,4,2,4,3,3,3,3,4,2,2,3,3,5,4,4,3,4,4,3,3,4,3,3,4,3,4,3,4,5,4,2,2,4,5,3,3,3,4,2,4,4,2,4,,4,3,3,3,4,3,3,2,2,3,3,4,3.0,3.17,2.83,4.0,3.33,3.83,3.17,3.17,3.4,3.0,3.32
R2695,Information Technology,Large: 250 employees or more,3-5 years,100-249,Urban area,Mixed municipal waste,Yes,Facility management team,4,3,4,4,3,3,4,4,4,3,5,3,4,5,,5,4,4,3,3,4,5,3,4,4,3,3,4,3,2,4,4,3,3,4,4,4,3,4,5,4,4,3,4,3,3,4,4,3,4,3,4,4,4,2,2,2,2,3,3,1,3,3.5,3.83,4.4,3.67,3.17,3.67,4.0,3.5,3.67,2.25,3.71
R2696,Manufacturing,Small: 10-49 employees,3-5 years,10-49,Semi-urban area,Plastic waste,Under development,Facility management team,4,4,4,3,5,4,,4,4,3,4,5,3,3,4,3,3,3,3,4,3,5,4,3,3,3,4,5,3,4,4,4,5,4,4,4,2,4,2,3,4,3,4,5,5,4,5,4,4,4,3,3,3,4,3,1,4,3,4,3,2,4,4.0,4.0,3.17,3.67,3.67,4.17,3.0,4.5,3.5,3.0,3.74
R2697,Manufacturing,Small: 10-49 employees,6-10 years,Fewer than 10,Industrial area,Food or organic waste,No,External waste-management agency,4,3,3,2,3,3,4,2,4,3,5,4,3,4,4,4,4,,4,3,4,3,4,4,4,4,4,4,3,5,4,5,4,3,4,4,4,4,5,5,4,4,4,4,5,4,4,3,3,4,3,4,2,3,3,3,2,3,4,3,4,3,3.0,3.67,3.8,3.67,4.0,4.0,4.33,4.0,3.17,3.12,3.74
R2698,Information Technology,Medium: 50-249 employees,Less than 3 years,50-99,Urban area,Mixed municipal waste,No,Facility management team,3,2,3,3,3,3,3,4,3,3,3,3,3,3,3,4,4,2,3,3,3,4,2,4,4,4,4,4,4,3,4,3,4,5,3,3,4,4,4,4,4,5,3,4,4,4,3,3,4,4,3,3,,4,2,2,4,3,3,3,5,3,2.83,3.17,3.17,3.17,3.83,3.67,4.17,3.5,3.6,3.12,3.46
R2699,Healthcare,Large: 250 employees or more,6-10 years,100-249,Urban area,Food or organic waste,Under development,External waste-management agency,3,3,4,3,4,3,4,5,4,3,4,3,3,2,3,3,4,3,4,5,4,3,3,5,3,2,3,4,3,4,5,3,4,4,4,4,4,3,4,4,4,3,3,4,3,3,2,3,4,4,4,5,4,4,2,1,3,1,1,1,1,2,3.33,3.83,3.0,4.0,3.17,4.0,3.67,3.0,4.17,1.5,3.57
R2700,Hospitality/Services,Micro: Fewer than 10 employees,Less than 3 years,Fewer than 10,Semi-urban area,Mixed municipal waste,No,Operations department,5,3,3,3,3,3,4,4,4,3,4,,4,4,4,3,3,4,3,3,3,2,4,3,3,4,3,4,4,3,3,2,2,3,2,3,3,2,3,2,2,3,3,4,3,4,3,4,4,,2,3,3,2,2,3,4,3,4,4,5,2,3.33,3.8,3.67,3.0,3.5,2.5,2.5,3.5,2.8,3.38,3.18
R2701,Manufacturing,Medium: 50-249 employees,6-10 years,100-249,Industrial area,Plastic waste,Yes,Facility management team,2,3,2,3,3,3,2,4,4,4,4,4,4,5,3,5,5,5,4,3,4,4,4,3,3,4,4,3,4,3,3,3,4,4,4,5,4,5,5,3,4,5,4,4,4,4,4,5,4,4,4,4,4,4,3,2,1,5,4,4,2,1,2.67,3.67,4.5,3.67,3.5,3.83,4.33,4.17,4.0,2.75,3.82
R2702,Information Technology,Small: 10-49 employees,Less than 3 years,10-49,Urban area,Paper and cardboard,No,Facility management team,1,2,2,2,2,3,3,3,3,4,2,2,4,3,3,3,3,3,2,3,2,2,3,3,4,4,2,4,3,4,3,3,3,3,4,4,4,3,2,5,3,5,4,3,4,4,3,4,3,3,3,1,3,3,3,3,3,3,4,4,2,3,2.0,2.83,3.17,2.5,3.5,3.33,3.67,3.67,2.67,3.12,3.04
R2703,Manufacturing,Large: 250 employees or more,3-5 years,250 or more,Industrial area,Mixed municipal waste,No,Environmental or sustainability department,3,4,3,3,4,4,3,4,4,4,5,3,3,4,4,3,3,3,3,3,4,4,4,4,4,3,3,4,4,4,3,3,3,3,3,4,4,4,4,4,4,4,4,3,3,3,3,,3,4,3,3,2,3,2,2,1,1,3,1,3,2,3.5,3.83,3.33,3.67,3.67,3.17,4.0,3.2,3.0,1.88,3.49
R2704,Retail,Medium: 50-249 employees,3-5 years,100-249,Commercial area,Paper and cardboard,Yes,Facility management team,4,2,3,3,4,3,4,5,4,4,4,3,5,4,5,5,4,4,5,5,5,5,4,5,4,4,5,3,3,5,4,5,5,4,3,5,3,4,4,3,3,5,4,5,5,4,5,4,3,3,3,2,4,4,4,2,2,4,2,3,4,3,3.17,4.0,4.5,4.83,4.0,4.33,3.67,4.5,3.17,3.0,4.02
R2705,Information Technology,Micro: Fewer than 10 employees,6-10 years,Fewer than 10,Urban area,Paper and cardboard,Under development,External waste-management agency,3,3,4,4,4,4,3,2,3,3,4,3,4,3,4,3,3,3,3,4,3,3,3,4,3,2,3,2,3,5,4,4,4,4,4,4,3,3,4,4,3,3,5,4,5,3,5,4,4,3,3,4,4,5,4,2,4,3,2,3,2,3,3.67,3.0,3.33,3.33,3.0,4.0,3.33,4.33,3.83,2.88,3.54
R2706,Information Technology,Medium: 50-249 employees,3-5 years,100-249,Urban area,Food or organic waste,Not sure,Operations department,3,3,2,2,2,1,3,4,3,4,4,3,3,3,2,3,3,3,3,2,4,3,3,3,4,4,4,3,4,4,3,3,4,3,3,4,4,4,3,4,3,4,4,3,2,3,3,4,4,3,4,3,4,3,4,4,3,3,3,5,3,3,2.17,3.5,2.83,3.0,3.83,3.33,3.67,3.17,3.5,3.5,3.22
R2707,Manufacturing,Large: 250 employees or more,Less than 3 years,250 or more,Urban area,Paper and cardboard,Not sure,Facility management team,5,4,3,4,4,4,4,4,4,5,3,4,4,3,3,4,3,2,3,3,2,2,3,3,3,4,4,3,3,5,4,4,3,4,3,3,3,2,3,1,2,3,3,4,5,4,5,4,3,3,2,4,3,3,5,4,3,4,3,3,4,4,4.0,4.0,3.17,2.67,3.67,3.5,2.33,4.17,3.0,3.75,3.39
R2708,Manufacturing,Micro: Fewer than 10 employees,Less than 3 years,10-49,Semi-urban area,Paper and cardboard,No,External waste-management agency,3,3,4,3,3,3,4,4,3,3,4,4,1,3,2,3,2,2,3,2,3,3,3,3,3,4,3,2,3,2,2,2,1,2,2,2,1,2,2,2,1,1,3,3,3,1,2,4,2,2,2,3,1,1,3,3,3,2,3,4,4,3,3.17,3.67,2.17,2.83,2.83,1.83,1.5,2.67,1.83,3.12,2.5
R2709,Information Technology,Medium: 50-249 employees,6-10 years,100-249,Urban area,Food or organic waste,Under development,Operations department,3,4,4,4,3,4,3,4,3,,3,3,2,3,1,2,3,3,4,4,3,4,2,3,3,4,5,4,5,2,3,3,4,4,3,4,4,4,4,4,4,3,5,4,4,4,3,4,3,3,5,4,3,,3,3,3,3,3,4,3,3,3.67,3.2,2.33,3.33,3.83,3.5,3.83,4.0,3.6,3.12,3.48
R2710,Manufacturing,Small: 10-49 employees,3-5 years,Fewer than 10,Semi-urban area,Paper and cardboard,Under development,Environmental or sustainability department,3,4,4,3,3,3,4,4,4,3,4,3,4,4,4,3,4,3,4,2,3,3,3,3,3,2,3,3,3,3,4,,4,3,4,3,3,3,4,5,4,4,3,3,2,3,4,3,4,4,5,3,5,4,2,4,2,4,2,3,3,2,3.33,3.67,3.67,3.0,2.83,3.6,3.83,3.0,4.17,2.75,3.46
R2711,Retail,Micro: Fewer than 10 employees,Less than 3 years,Fewer than 10,Urban area,Mixed municipal waste,Not sure,Facility management team,4,4,4,4,4,4,3,4,4,5,4,3,4,4,4,3,3,4,4,4,4,4,4,5,4,4,4,4,3,4,5,3,3,4,4,4,4,4,3,3,4,5,3,4,3,3,4,4,4,4,4,4,4,3,3,3,2,4,2,3,3,1,4.0,3.83,3.67,4.17,3.83,3.83,3.83,3.5,3.83,2.62,3.83
R2712,Manufacturing,Large: 250 employees or more,11-20 years,100-249,Commercial area,Mixed municipal waste,Under development,Facility management team,3,3,5,4,5,4,4,4,4,4,4,5,3,3,5,4,2,2,2,3,4,3,3,4,2,4,5,3,4,,5,4,3,4,4,5,4,3,3,2,2,4,4,4,3,2,4,4,3,4,3,3,3,3,2,3,2,2,3,3,3,3,4.0,4.17,3.17,3.17,3.6,4.17,3.0,3.5,3.17,2.62,3.55
R2713,Manufacturing,Medium: 50-249 employees,Less than 3 years,50-99,Industrial area,Food or organic waste,Under development,Environmental or sustainability department,3,4,3,3,3,2,2,4,3,4,3,3,4,3,4,3,5,4,3,3,4,3,3,2,3,4,4,5,4,4,3,4,4,3,4,4,4,2,3,2,3,4,4,4,5,4,4,4,2,4,3,2,2,3,3,4,3,1,4,4,3,5,3.0,3.17,3.83,3.0,4.0,3.67,3.0,4.17,2.67,3.38,3.39
R2714,Information Technology,Small: 10-49 employees,3-5 years,10-49,Urban area,Plastic waste,No,External waste-management agency,4,3,2,3,2,3,4,3,4,4,4,2,,2,3,3,3,2,3,3,2,2,4,2,3,2,1,4,4,2,4,3,3,3,4,3,2,2,2,2,2,3,3,2,3,3,3,3,2,1,2,2,1,2,3,2,1,3,3,3,2,3,2.83,3.5,2.6,2.67,2.67,3.33,2.17,2.83,1.67,2.5,2.7
R2715,Manufacturing,Large: 250 employees or more,Less than 3 years,250 or more,Urban area,Plastic waste,Not sure,Facility management team,4,3,4,3,4,3,4,4,3,5,4,4,5,3,5,4,5,4,3,1,3,4,3,3,4,4,4,5,4,4,3,4,3,4,4,2,2,2,2,2,2,3,2,4,3,1,3,3,4,4,3,4,3,4,3,4,4,3,3,4,2,3,3.5,4.0,4.33,2.83,4.17,3.33,2.17,2.67,3.67,3.25,3.41
R2716,Retail,Micro: Fewer than 10 employees,3-5 years,10-49,Commercial area,Food or organic waste,Not sure,External waste-management agency,4,4,3,4,3,4,4,4,4,4,4,3,3,3,3,3,3,4,3,2,2,3,3,1,4,5,3,3,2,3,3,4,4,2,3,3,3,4,3,3,4,3,4,4,3,5,5,5,2,2,4,,3,3,2,2,3,2,2,3,3,2,3.67,3.83,3.17,2.33,3.33,3.17,3.33,4.33,2.8,2.38,3.33
R2717,Healthcare,Small: 10-49 employees,11-20 years,10-49,Urban area,Plastic waste,Under development,Environmental or sustainability department,3,3,3,3,4,3,4,3,4,5,5,4,4,4,3,3,3,2,3,4,3,4,3,4,5,3,2,2,3,3,3,3,4,2,3,4,4,4,3,4,3,4,4,4,3,5,5,3,5,3,3,4,4,3,2,4,4,3,3,3,4,3,3.17,4.17,3.17,3.5,3.0,3.17,3.67,4.0,3.67,3.25,3.5
R2718,Manufacturing,Medium: 50-249 employees,6-10 years,100-249,Industrial area,Plastic waste,No,External waste-management agency,4,,4,4,3,3,4,4,5,4,3,4,3,4,3,3,3,3,3,3,4,3,4,4,4,5,5,3,5,4,3,3,3,3,3,3,3,3,3,5,3,3,3,3,5,2,4,4,3,4,3,3,3,3,4,2,2,3,1,2,4,3,3.6,4.0,3.17,3.5,4.33,3.0,3.33,3.5,3.17,2.62,3.51
R2719,Healthcare,Medium: 50-249 employees,11-20 years,100-249,Semi-urban area,Paper and cardboard,Yes,External waste-management agency,3,4,2,,4,2,5,3,5,5,4,2,3,3,3,3,3,3,3,3,4,3,3,3,4,4,4,5,4,5,3,4,3,5,3,3,2,3,4,2,3,3,4,5,5,4,5,4,5,4,5,4,5,4,2,4,2,3,2,2,3,3,3.0,4.0,3.0,3.17,4.33,3.5,2.83,4.5,4.5,2.62,3.65
R2720,Retail,Medium: 50-249 employees,3-5 years,100-249,Commercial area,Paper and cardboard,No,External waste-management agency,3,3,3,3,2,3,3,3,3,3,3,4,4,2,3,4,3,4,3,3,2,2,4,2,3,2,3,2,2,3,3,3,3,3,3,4,2,1,3,1,3,3,3,3,3,3,2,4,4,5,3,4,3,3,3,3,3,4,2,3,4,2,2.83,3.17,3.33,2.67,2.5,3.17,2.17,3.0,3.67,3.0,2.95
R2721,Information Technology,Small: 10-49 employees,6-10 years,50-99,Urban area,Plastic waste,Not sure,Facility management team,3,3,3,3,3,3,3,3,3,3,3,3,3,3,3,3,3,3,3,,3,3,3,3,3,3,3,3,3,3,3,3,3,3,3,3,3,3,3,3,3,3,3,3,3,3,3,3,3,3,3,3,3,3,3,3,3,3,3,3,3,3,3.0,3.0,3.0,3.0,3.0,3.0,3.0,3.0,3.0,3.0,3.0
R2722,Information Technology,Small: 10-49 employees,3-5 years,10-49,Urban area,Paper and cardboard,Yes,Environmental or sustainability department,5,4,3,5,3,3,4,4,4,4,3,5,4,4,4,4,3,4,4,3,4,3,4,4,4,5,5,3,4,4,4,5,3,3,4,4,4,5,4,3,4,5,3,4,4,4,4,5,3,4,4,4,3,3,1,2,1,3,2,3,3,2,3.83,4.0,3.83,3.67,4.17,3.83,4.17,4.0,3.5,2.12,3.89
R2723,Information Technology,Micro: Fewer than 10 employees,Less than 3 years,Fewer than 10,Urban area,Paper and cardboard,No,External waste-management agency,3,3,2,3,3,3,1,3,4,3,2,3,3,4,3,3,2,3,3,3,3,4,3,4,4,3,3,3,4,2,3,4,3,3,2,3,2,3,2,3,3,4,2,2,3,3,2,3,2,3,4,3,3,3,5,4,4,3,4,5,4,4,2.83,2.67,3.0,3.33,3.17,3.0,2.83,2.5,3.0,4.12,2.93
R2724,Retail,Medium: 50-249 employees,3-5 years,100-249,Semi-urban area,Plastic waste,Not sure,Facility management team,4,3,3,3,3,4,4,3,3,3,4,4,3,3,2,3,3,2,4,5,5,4,3,4,5,4,4,4,4,4,4,4,3,3,4,4,3,3,2,2,4,2,,3,4,2,3,3,4,5,5,3,4,3,2,2,3,3,3,2,2,2,3.33,3.5,2.67,4.17,4.17,3.67,2.67,3.0,4.0,2.38,3.46
R2725,Information Technology,Medium: 50-249 employees,6-10 years,100-249,Semi-urban area,Food or organic waste,Not sure,Operations department,3,3,3,3,4,4,4,4,4,4,5,4,3,2,3,2,3,3,3,3,2,3,,3,4,4,4,4,3,3,3,4,3,3,4,2,2,4,3,4,3,3,4,4,4,4,3,4,3,4,3,3,4,2,3,2,3,3,4,3,3,4,3.33,4.17,2.67,2.8,3.67,3.17,3.17,3.83,3.17,3.12,3.33
R2726,Healthcare,Medium: 50-249 employees,3-5 years,100-249,Urban area,Paper and cardboard,Under development,Operations department,3,2,3,2,3,2,3,2,3,2,2,2,2,4,3,3,3,5,4,3,3,3,3,3,3,3,4,3,3,3,2,2,2,1,2,3,4,4,4,5,5,5,3,3,5,3,4,3,4,4,3,4,3,,4,4,3,4,4,3,3,4,2.5,2.33,3.33,3.17,3.17,2.0,4.5,3.5,3.6,3.62,3.12
R2727,Retail,Small: 10-49 employees,3-5 years,50-99,Commercial area,Paper and cardboard,No,Facility management team,2,3,3,3,2,3,5,5,4,4,4,3,2,3,2,2,2,2,4,4,4,3,,3,3,3,4,2,4,2,3,3,2,3,2,3,2,2,3,3,3,1,2,2,2,3,4,3,2,3,3,2,3,2,3,4,3,3,3,4,3,3,2.67,4.17,2.17,3.6,3.0,2.67,2.33,2.67,2.5,3.25,2.86
R2728,Manufacturing,Medium: 50-249 employees,6-10 years,10-49,Semi-urban area,Mixed municipal waste,Not sure,Operations department,3,2,2,1,4,3,3,4,3,4,4,4,3,4,3,3,3,3,4,3,3,4,4,4,3,4,4,4,2,4,3,4,4,4,3,3,4,,4,5,3,4,,5,4,4,3,3,3,4,4,3,4,3,3,2,3,2,2,2,2,3,2.5,3.67,3.17,3.67,3.5,3.5,4.0,3.8,3.5,2.38,3.48
R2729,Manufacturing,Large: 250 employees or more,11-20 years,100-249,Urban area,Mixed municipal waste,Yes,Facility management team,5,4,3,4,4,4,4,2,3,2,4,3,4,3,5,4,5,3,4,5,5,4,5,5,4,4,4,4,4,4,4,3,4,4,4,4,4,4,5,5,5,4,5,4,4,5,4,4,4,4,5,5,4,5,3,2,2,2,2,3,2,3,4.0,3.0,4.0,4.67,4.0,3.83,4.5,4.33,4.5,2.38,4.09
R2730,Manufacturing,Micro: Fewer than 10 employees,Less than 3 years,Fewer than 10,Semi-urban area,Plastic waste,No,External waste-management agency,3,4,4,3,4,4,3,2,3,2,3,4,3,3,3,3,3,3,3,3,3,2,3,4,2,2,2,,2,3,3,3,3,3,2,4,4,4,2,3,3,3,2,3,3,3,1,2,2,2,2,2,3,1,4,4,3,3,,4,4,3,3.67,2.83,3.0,3.0,2.2,3.0,3.17,2.33,2.0,3.57,2.8
R2731,Manufacturing,Small: 10-49 employees,6-10 years,50-99,Urban area,Mixed municipal waste,Under development,Operations department,2,3,4,2,3,3,2,2,2,3,2,3,2,3,3,3,3,4,4,3,2,2,1,2,4,2,2,2,3,3,3,3,2,2,4,3,4,4,3,4,4,3,1,2,3,2,3,2,4,4,3,4,4,3,2,3,3,4,3,3,4,4,2.83,2.33,3.0,2.33,2.67,2.83,3.67,2.17,3.67,3.25,2.83
R2732,Hospitality/Services,Micro: Fewer than 10 employees,Less than 3 years,Fewer than 10,Semi-urban area,Plastic waste,No,External waste-management agency,3,3,2,2,3,3,2,4,4,3,4,3,3,2,2,2,3,2,3,2,3,3,2,3,3,4,2,3,3,3,3,4,3,3,3,2,3,3,3,2,3,4,2,2,2,2,3,1,4,4,3,4,4,3,2,3,4,4,4,3,3,4,2.67,3.33,2.33,2.67,3.0,3.0,3.0,2.0,3.67,3.38,2.85
R2733,Hospitality/Services,Large: 250 employees or more,3-5 years,100-249,Commercial area,Plastic waste,Yes,Environmental or sustainability department,5,4,3,4,3,3,3,3,3,2,4,4,2,2,3,2,2,2,3,4,4,4,4,4,4,3,3,4,4,4,4,3,4,4,4,4,4,4,4,4,3,5,4,3,3,3,3,4,5,4,4,4,4,5,4,3,3,3,2,2,2,2,3.67,3.17,2.17,3.83,3.67,3.83,4.0,3.33,4.33,2.62,3.56
R2734,Manufacturing,Large: 250 employees or more,Less than 3 years,100-249,Semi-urban area,Mixed municipal waste,No,Operations department,1,2,2,3,3,3,3,2,3,3,2,3,2,2,3,2,3,4,2,1,2,2,3,3,2,3,2,3,2,3,5,4,4,3,3,4,3,2,3,4,3,3,2,3,3,2,3,2,3,4,4,4,3,4,4,4,2,3,3,3,3,3,2.33,2.67,2.67,2.17,2.5,3.83,3.0,2.5,3.67,3.12,2.82
R2735,Hospitality/Services,Medium: 50-249 employees,6-10 years,100-249,Urban area,Plastic waste,Under development,Operations department,4,5,5,4,4,5,3,3,3,3,3,4,4,3,4,4,4,3,4,5,5,5,4,4,4,5,5,3,4,5,4,3,4,3,4,4,5,3,4,4,3,3,4,2,5,5,3,3,5,4,5,5,5,5,3,2,1,2,2,2,3,2,4.5,3.17,3.67,4.5,4.33,3.67,3.67,3.67,4.83,2.12,4.0
R2736,Information Technology,Medium: 50-249 employees,6-10 years,10-49,Urban area,Mixed municipal waste,No,Operations department,3,4,4,2,5,3,2,3,4,3,2,3,2,3,2,3,2,2,3,4,2,,2,2,4,4,4,4,2,3,4,3,3,3,3,3,3,4,4,4,3,4,1,3,2,2,2,2,3,4,2,2,4,3,3,3,,2,,4,3,2,3.5,2.83,2.33,2.6,3.5,3.17,3.67,2.0,3.0,2.83,2.96
R2737,Retail,Small: 10-49 employees,6-10 years,Fewer than 10,Urban area,Plastic waste,No,External waste-management agency,3,3,3,3,4,4,3,3,4,3,3,3,2,2,3,3,2,3,3,3,4,3,3,4,4,5,3,2,2,2,3,3,2,4,2,3,4,3,4,3,2,3,3,3,2,2,3,3,2,2,2,4,2,3,2,2,3,1,2,2,2,3,3.33,3.17,2.5,3.33,3.0,2.83,3.17,2.67,2.5,2.12,2.94
R2738,Hospitality/Services,Micro: Fewer than 10 employees,3-5 years,Fewer than 10,Urban area,Mixed municipal waste,Under development,Facility management team,2,2,2,1,3,1,2,3,2,2,3,3,3,4,3,3,2,2,2,4,3,4,2,2,4,2,3,3,3,4,3,3,3,3,3,3,4,3,5,4,4,3,4,3,4,4,4,4,3,3,4,4,2,3,3,2,2,3,3,2,1,2,1.83,2.5,2.83,2.83,3.17,3.0,3.83,3.83,3.17,2.25,3.0
R2739,Information Technology,Large: 250 employees or more,11-20 years,250 or more,Commercial area,Mixed municipal waste,Yes,Environmental or sustainability department,4,4,3,5,3,4,4,3,4,4,3,4,4,5,4,4,3,3,5,4,4,3,3,5,5,5,5,4,5,5,3,4,4,4,4,3,4,4,5,5,5,5,4,4,4,4,4,3,3,4,4,3,5,4,3,2,3,2,2,3,3,3,3.83,3.67,3.83,4.0,4.83,3.67,4.67,3.83,3.83,2.62,4.02
R2740,Healthcare,Large: 250 employees or more,11-20 years,100-249,Industrial area,Paper and cardboard,No,Facility management team,4,4,4,5,4,3,4,4,5,3,5,3,4,4,3,3,5,5,4,3,5,4,4,4,4,,4,3,5,4,3,4,4,5,4,5,4,4,4,4,3,4,4,5,4,4,5,5,4,4,4,4,4,4,3,3,2,3,2,3,4,2,4.0,4.0,4.0,4.0,4.0,4.17,3.83,4.5,4.0,2.75,4.06
R2741,Manufacturing,Small: 10-49 employees,6-10 years,10-49,Semi-urban area,Plastic waste,No,Operations department,4,3,3,3,4,2,,2,2,3,3,3,4,3,3,2,3,4,1,2,2,3,1,2,4,3,3,4,3,4,3,3,3,3,4,4,,3,5,3,4,3,3,5,4,4,3,4,3,4,3,4,3,2,4,4,4,3,3,4,4,2,3.17,2.6,3.17,1.83,3.5,3.33,3.6,3.83,3.17,3.5,3.13
R2742,Manufacturing,Large: 250 employees or more,11-20 years,100-249,Industrial area,Plastic waste,Under development,Environmental or sustainability department,5,3,4,3,3,3,4,4,4,4,4,5,5,3,3,3,3,4,4,4,3,3,3,3,3,2,3,4,3,3,3,3,3,3,3,3,4,4,3,4,4,3,3,3,3,3,4,1,4,4,3,4,4,3,3,2,4,2,3,2,2,4,3.5,4.17,3.5,3.33,3.0,3.0,3.67,2.83,3.67,2.75,3.41
R2743,Hospitality/Services,Medium: 50-249 employees,6-10 years,50-99,Urban area,Food or organic waste,No,Operations department,3,4,4,4,3,3,3,3,2,4,3,3,1,3,3,2,1,3,3,4,3,4,4,4,3,3,3,4,3,3,3,3,3,2,2,3,2,3,3,3,2,4,3,3,4,3,3,3,2,3,3,4,2,3,3,2,3,2,2,2,3,4,3.5,3.0,2.17,3.67,3.17,2.67,2.83,3.17,2.83,2.62,3.0
R2744,Manufacturing,Micro: Fewer than 10 employees,Less than 3 years,10-49,Industrial area,Plastic waste,No,External waste-management agency,3,4,3,3,4,3,4,3,4,3,3,3,3,5,4,5,4,4,2,3,2,3,2,3,4,2,3,2,3,4,3,2,3,3,3,4,2,3,3,2,2,3,2,4,3,3,3,3,3,2,2,2,3,3,2,2,3,4,2,2,2,2,3.33,3.33,4.17,2.5,3.0,3.0,2.5,3.0,2.5,2.38,3.04
R2745,Manufacturing,Medium: 50-249 employees,11-20 years,50-99,Industrial area,Plastic waste,Not sure,External waste-management agency,3,2,2,4,3,3,4,,4,3,3,4,4,3,4,3,4,3,4,3,5,5,5,5,4,2,3,4,2,3,3,4,4,4,3,3,3,3,4,4,4,4,3,4,4,3,5,3,4,3,4,4,4,4,3,2,2,3,2,2,2,2,2.83,3.6,3.5,4.5,3.0,3.5,3.67,3.67,3.83,2.25,3.57
R2746,Manufacturing,Large: 250 employees or more,6-10 years,250 or more,Industrial area,Mixed municipal waste,No,External waste-management agency,4,4,5,5,3,3,4,5,5,5,4,4,4,3,5,4,4,4,4,5,4,5,3,5,4,3,5,3,3,4,4,3,3,4,3,3,4,3,4,4,4,4,3,4,4,4,4,3,4,5,3,5,4,4,3,1,2,2,4,2,2,4,4.0,4.5,4.0,4.33,3.67,3.33,3.83,3.67,4.17,2.5,3.94
R2747,Retail,Large: 250 employees or more,6-10 years,250 or more,Urban area,Plastic waste,Under development,Environmental or sustainability department,3,5,4,3,3,4,4,4,4,4,5,4,3,2,3,3,2,3,4,4,5,4,3,4,2,2,2,3,2,3,5,5,4,5,4,2,4,4,5,5,5,5,5,3,5,4,5,4,4,4,3,3,2,3,3,4,3,2,4,3,4,3,3.67,4.17,2.67,4.0,2.33,4.17,4.67,4.33,3.17,3.25,3.69
R2748,Retail,Small: 10-49 employees,3-5 years,10-49,Semi-urban area,Food or organic waste,Not sure,Operations department,3,2,3,4,2,2,4,3,4,4,3,4,3,3,3,3,3,3,4,4,4,3,3,4,1,3,3,3,2,3,3,5,5,4,4,4,3,3,3,2,1,2,4,5,4,3,3,3,4,3,5,4,3,4,4,1,3,3,2,3,3,2,2.67,3.67,3.0,3.67,2.5,4.17,2.33,3.67,3.83,2.62,3.28
R2749,Hospitality/Services,Small: 10-49 employees,Less than 3 years,10-49,Urban area,Food or organic waste,No,Operations department,3,2,3,3,2,4,3,3,2,4,4,3,3,2,3,3,2,4,4,4,3,3,4,3,3,3,5,4,5,3,3,4,4,4,4,2,3,4,3,5,4,4,3,2,1,4,1,3,3,3,3,,3,3,5,3,4,3,4,4,4,3,2.83,3.17,2.83,3.5,3.83,3.5,3.83,2.33,3.0,3.75,3.2
R2750,Retail,Medium: 50-249 employees,6-10 years,50-99,Semi-urban area,Mixed municipal waste,Not sure,Facility management team,3,5,3,4,3,2,5,5,4,3,4,,4,3,3,4,4,2,3,3,5,3,4,3,3,3,3,4,3,3,4,4,4,3,4,5,4,3,4,3,4,4,4,3,4,3,3,4,3,4,4,4,3,5,1,3,1,3,2,1,3,1,3.33,4.2,3.33,3.5,3.17,4.0,3.67,3.5,3.83,1.88,3.61
R2751,Information Technology,Medium: 50-249 employees,3-5 years,50-99,Semi-urban area,Paper and cardboard,No,Environmental or sustainability department,3,3,3,4,3,3,5,3,3,3,4,4,5,3,3,3,4,4,3,3,4,4,4,3,3,3,3,5,2,4,3,4,3,3,3,3,5,3,4,4,5,5,4,3,4,4,5,5,4,5,4,4,3,4,2,4,4,3,4,2,3,3,3.17,3.67,3.67,3.5,3.33,3.17,4.33,4.17,4.0,3.12,3.67
R2752,Healthcare,Medium: 50-249 employees,6-10 years,100-249,Urban area,Mixed municipal waste,Not sure,Facility management team,3,3,2,4,4,3,4,4,3,4,3,2,3,3,3,4,3,4,3,3,3,2,4,3,3,4,4,3,4,3,5,4,5,4,4,4,3,4,5,3,4,3,4,3,3,3,3,3,4,4,3,4,3,3,1,4,1,1,2,2,3,2,3.17,3.33,3.33,3.0,3.5,4.33,3.67,3.17,3.5,2.0,3.44
R2753,Retail,Large: 250 employees or more,3-5 years,100-249,Urban area,Plastic waste,Under development,Operations department,4,3,3,4,5,3,2,1,2,2,2,2,3,3,3,2,2,3,4,4,3,3,3,3,3,2,2,3,3,4,4,3,2,3,3,2,3,1,3,1,3,2,3,2,2,3,3,3,2,3,3,3,3,4,1,3,3,2,2,2,2,3,3.67,1.83,2.67,3.33,2.83,2.83,2.17,2.67,3.0,2.25,2.78
R2754,Manufacturing,Medium: 50-249 employees,11-20 years,100-249,Industrial area,Plastic waste,Not sure,External waste-management agency,3,3,4,3,3,4,3,4,3,3,4,3,3,5,3,5,3,3,4,3,3,2,3,5,3,4,,4,3,3,3,5,4,5,5,4,3,4,3,4,5,4,3,5,3,3,3,4,4,5,5,4,5,5,4,1,3,2,2,3,2,,3.33,3.33,3.67,3.33,3.4,4.33,3.83,3.5,4.67,2.43,3.71
R2755,Manufacturing,Large: 250 employees or more,3-5 years,100-249,Industrial area,Paper and cardboard,Under development,Operations department,5,5,4,4,3,4,5,5,5,3,5,4,4,4,4,4,4,4,3,4,4,4,4,5,3,5,3,4,4,5,4,5,4,4,5,4,3,3,4,4,4,4,5,4,3,5,5,4,4,5,5,5,4,4,3,3,2,4,4,4,4,2,4.17,4.5,4.0,4.0,4.0,4.33,3.67,4.33,4.5,3.25,4.17
R2756,Information Technology,Micro: Fewer than 10 employees,11-20 years,Fewer than 10,Urban area,Mixed municipal waste,Not sure,External waste-management agency,2,2,2,3,2,3,3,3,2,2,3,3,3,2,2,2,4,3,5,3,4,3,3,3,3,3,2,3,3,2,3,3,4,3,3,2,2,4,2,4,2,4,3,4,4,4,3,3,3,3,4,2,4,3,5,4,3,5,3,3,3,2,2.33,2.67,2.67,3.5,2.67,3.0,3.0,3.5,3.17,3.5,2.95
R2757,Information Technology,Small: 10-49 employees,Less than 3 years,10-49,Urban area,Paper and cardboard,Under development,Facility management team,3,4,4,3,4,5,3,4,3,3,4,3,4,5,5,3,5,5,3,3,3,4,4,4,4,4,4,3,3,4,5,4,3,4,4,5,2,4,4,3,4,4,4,3,4,5,4,5,4,4,4,4,4,5,2,2,2,3,3,5,2,3,3.83,3.33,4.5,3.5,3.67,4.17,3.5,4.17,4.17,2.75,3.87
R2758,Retail,Large: 250 employees or more,Less than 3 years,100-249,Commercial area,Paper and cardboard,Under development,Environmental or sustainability department,4,5,4,5,5,4,3,4,4,3,4,4,4,4,3,3,3,3,3,4,4,2,2,3,4,3,3,3,3,3,4,3,3,3,4,4,3,4,5,3,3,3,3,4,3,4,4,4,3,3,3,4,5,4,3,2,2,2,3,3,2,3,4.5,3.67,3.33,3.0,3.17,3.5,3.5,3.67,3.67,2.5,3.56
R2759,Hospitality/Services,Large: 250 employees or more,6-10 years,250 or more,Urban area,Food or organic waste,Yes,Environmental or sustainability department,2,4,2,3,4,3,4,5,4,4,,4,4,4,,4,4,4,3,2,2,4,3,3,3,4,4,4,3,3,4,4,3,5,4,4,4,4,4,4,4,5,3,3,3,4,3,4,4,4,3,3,3,3,3,5,4,4,3,2,2,3,3.0,4.2,4.0,2.83,3.5,4.0,4.17,3.33,3.33,3.25,3.6
R2760,Information Technology,Micro: Fewer than 10 employees,11-20 years,Fewer than 10,Urban area,Paper and cardboard,Yes,Operations department,4,4,3,3,4,3,3,2,2,2,3,2,5,4,5,4,4,4,5,5,4,4,4,4,5,4,4,4,4,5,4,4,5,4,4,4,3,2,3,4,4,3,3,3,4,4,4,4,4,5,4,5,4,4,2,2,4,3,3,3,4,3,3.5,2.33,4.33,4.33,4.33,4.17,3.17,3.67,4.33,3.0,3.8
R2761,Manufacturing,Medium: 50-249 employees,3-5 years,100-249,Commercial area,Plastic waste,Not sure,External waste-management agency,3,3,4,3,3,3,4,2,3,3,,2,4,5,5,4,5,5,3,4,2,2,2,3,4,4,4,3,3,4,3,2,2,2,2,2,3,5,4,4,3,4,3,3,3,4,2,3,2,3,3,2,3,2,3,3,3,3,3,3,4,2,3.17,2.8,4.67,2.67,3.67,2.17,3.83,3.0,2.5,3.0,3.16
R2762,Healthcare,Large: 250 employees or more,Less than 3 years,250 or more,Commercial area,Plastic waste,No,External waste-management agency,3,3,3,2,3,3,3,2,2,2,3,3,2,3,3,3,1,3,3,2,3,3,3,4,3,3,3,4,2,3,2,3,2,3,2,2,3,3,3,4,3,4,3,4,4,4,4,5,3,2,3,2,2,4,4,5,5,5,3,2,5,1,2.83,2.5,2.5,3.0,3.0,2.33,3.33,4.0,2.67,3.75,2.91
R2763,Information Technology,Micro: Fewer than 10 employees,Less than 3 years,Fewer than 10,Urban area,Mixed municipal waste,No,External waste-management agency,4,2,4,2,2,4,4,4,4,3,4,4,2,2,3,3,2,2,2,2,2,3,3,2,3,2,3,3,2,2,2,3,4,2,2,2,3,3,4,4,4,4,3,4,4,4,4,4,4,3,4,3,4,3,3,2,1,2,2,2,2,2,3.0,3.83,2.33,2.33,2.5,2.5,3.67,3.83,3.5,2.0,3.05
R2764,Information Technology,Large: 250 employees or more,3-5 years,100-249,Commercial area,Mixed municipal waste,Yes,Facility management team,3,5,5,5,3,3,4,4,3,5,3,4,3,3,4,3,3,4,3,4,5,3,5,5,5,4,4,5,3,3,4,5,3,4,3,3,4,,3,3,3,4,3,4,2,3,4,4,3,3,3,4,3,2,3,4,3,2,2,3,3,3,4.0,3.83,3.33,4.17,4.0,3.67,3.4,3.33,3.0,2.88,3.64
R2765,Manufacturing,Micro: Fewer than 10 employees,6-10 years,Fewer than 10,Urban area,Food or organic waste,No,External waste-management agency,3,3,3,2,5,3,3,3,3,4,3,3,3,4,4,4,4,3,3,3,4,4,4,3,2,3,3,4,2,3,3,3,3,4,4,3,4,3,3,5,4,3,3,2,3,3,4,3,3,3,3,2,3,3,2,3,3,4,4,3,3,4,3.17,3.17,3.67,3.5,2.83,3.33,3.67,3.0,2.83,3.25,3.24
R2766,Manufacturing,Medium: 50-249 employees,6-10 years,50-99,Industrial area,Paper and cardboard,Under development,Environmental or sustainability department,2,,2,4,3,4,2,3,3,4,3,3,4,4,4,3,3,3,3,4,3,3,3,3,3,3,3,3,3,2,3,4,4,4,4,4,4,4,2,5,4,4,4,4,4,3,1,4,2,3,3,3,2,3,2,2,3,2,3,3,4,2,3.0,3.0,3.5,3.17,2.83,3.83,3.83,3.33,2.67,2.62,3.24
R2767,Retail,Micro: Fewer than 10 employees,6-10 years,Fewer than 10,Urban area,Plastic waste,No,External waste-management agency,4,3,2,2,3,2,4,4,3,3,4,4,3,3,3,3,2,4,3,4,5,3,4,3,3,4,2,2,2,3,4,3,5,4,3,3,3,3,3,4,4,2,1,3,2,2,2,2,2,3,3,3,3,2,4,3,4,2,2,,3,3,2.67,3.67,3.0,3.67,2.67,3.67,3.17,2.0,2.67,3.0,3.02
R2768,Manufacturing,Micro: Fewer than 10 employees,11-20 years,10-49,Semi-urban area,Plastic waste,Yes,Facility management team,4,5,5,4,2,4,5,4,5,4,5,4,4,5,4,5,4,3,3,4,4,4,4,5,4,5,4,5,4,5,5,5,,4,5,5,4,4,,4,5,4,4,4,4,3,3,3,5,3,5,4,4,4,2,2,3,4,3,4,2,1,4.0,4.5,4.17,4.0,4.5,4.8,4.2,3.5,4.17,2.62,4.2
R2769,Manufacturing,Large: 250 employees or more,Less than 3 years,250 or more,Industrial area,Paper and cardboard,Yes,External waste-management agency,2,4,2,4,4,2,,4,4,4,5,3,3,2,4,3,3,3,4,3,4,5,4,5,3,4,3,3,4,,3,3,3,3,4,2,3,4,4,4,5,4,5,4,3,5,4,3,2,3,2,3,4,3,2,2,3,2,2,2,1,3,3.0,4.0,3.0,4.17,3.4,3.0,4.0,4.0,2.83,2.12,3.49
R2770,Healthcare,Large: 250 employees or more,3-5 years,250 or more,Semi-urban area,Paper and cardboard,Not sure,Facility management team,5,5,5,3,5,5,4,4,5,3,4,4,5,4,4,5,5,5,3,3,2,3,4,3,3,4,5,5,3,4,5,4,3,3,4,4,5,4,4,3,5,4,4,3,3,3,4,2,5,5,5,5,5,4,2,2,3,3,2,3,2,3,4.67,4.0,4.67,3.0,4.0,3.83,4.17,3.17,4.83,2.5,4.04
R2771,Retail,Large: 250 employees or more,11-20 years,100-249,Urban area,Mixed municipal waste,Yes,Facility management team,3,5,3,4,3,5,5,4,4,5,5,5,4,5,4,5,4,4,4,5,3,4,5,4,2,4,3,3,3,3,2,5,5,4,4,3,3,3,4,3,3,2,5,4,5,4,4,4,4,5,5,4,3,5,3,4,3,4,4,1,3,3,3.83,4.67,4.33,4.17,3.0,3.83,3.0,4.33,4.33,3.12,3.94
R2772,Manufacturing,Large: 250 employees or more,6-10 years,100-249,Industrial area,Mixed municipal waste,Not sure,Operations department,3,4,4,4,4,4,3,3,3,3,4,4,3,3,4,3,3,3,3,4,4,2,3,3,3,4,4,4,2,4,3,4,3,2,3,3,2,3,4,3,2,4,4,3,5,4,5,3,2,2,3,3,3,4,2,2,3,4,3,2,2,3,3.83,3.33,3.17,3.17,3.5,3.0,3.0,4.0,2.83,2.62,3.31
R2773,Healthcare,Small: 10-49 employees,3-5 years,10-49,Urban area,Paper and cardboard,Not sure,External waste-management agency,3,4,3,3,4,3,4,4,5,3,4,5,3,3,4,4,3,3,2,4,3,2,4,3,4,4,4,3,4,4,4,3,3,4,4,5,3,3,2,4,3,4,4,5,4,4,3,3,3,4,3,2,3,4,2,3,2,3,2,3,2,3,3.33,4.17,3.33,3.0,3.83,3.83,3.17,3.83,3.17,2.5,3.52
R2774,Manufacturing,Micro: Fewer than 10 employees,Less than 3 years,Fewer than 10,Industrial area,Paper and cardboard,Not sure,External waste-management agency,4,4,4,4,3,4,5,5,4,3,3,4,3,3,2,4,1,2,2,3,,3,4,4,3,4,3,4,4,4,3,3,4,3,3,3,3,2,2,3,5,4,4,4,4,4,4,4,5,3,3,4,4,3,3,3,3,4,4,4,3,2,3.83,4.0,2.5,3.2,3.67,3.17,3.17,4.0,3.67,3.25,3.47
R2775,Retail,Medium: 50-249 employees,6-10 years,10-49,Commercial area,Mixed municipal waste,Not sure,External waste-management agency,2,2,2,3,3,2,3,3,2,3,2,2,3,3,3,4,2,3,3,4,2,3,4,3,3,4,3,2,,2,3,3,2,2,3,2,3,3,3,4,3,3,5,4,5,4,4,3,5,4,3,5,3,4,3,3,2,1,2,2,3,2,2.33,2.5,3.0,3.17,2.8,2.5,3.17,4.17,4.0,2.25,3.07
R2776,Information Technology,Large: 250 employees or more,11-20 years,100-249,Semi-urban area,Mixed municipal waste,Yes,Environmental or sustainability department,3,3,4,4,4,3,4,3,4,4,4,3,,4,4,4,3,4,3,4,3,4,5,5,5,4,5,5,4,4,5,5,5,5,4,4,4,,3,5,5,4,5,5,4,5,5,5,4,4,4,4,4,5,1,1,1,3,2,1,2,2,3.5,3.67,3.8,4.0,4.5,4.67,4.2,4.83,4.17,1.62,4.15
R2777,Information Technology,Large: 250 employees or more,11-20 years,100-249,Commercial area,Paper and cardboard,Under development,Environmental or sustainability department,4,5,4,4,4,5,3,4,3,2,3,3,5,4,5,5,5,4,4,5,3,4,3,4,4,3,4,3,4,3,3,2,2,3,3,3,3,4,4,4,4,3,4,4,3,4,4,3,4,4,4,4,3,4,3,2,4,4,2,4,2,2,4.33,3.0,4.67,3.83,3.5,2.67,3.67,3.67,3.83,2.88,3.69
R2778,Manufacturing,Micro: Fewer than 10 employees,Less than 3 years,Fewer than 10,Commercial area,Paper and cardboard,No,External waste-management agency,4,4,4,3,3,5,3,3,4,4,3,2,3,4,4,4,3,3,4,4,4,3,3,3,4,4,4,3,5,4,2,3,4,3,3,3,3,2,3,3,3,2,5,4,5,4,3,4,3,2,4,3,4,4,3,3,4,2,3,2,4,3,3.83,3.17,3.5,3.5,4.0,3.0,2.67,4.17,3.33,3.0,3.46
R2779,Information Technology,Micro: Fewer than 10 employees,6-10 years,Fewer than 10,Semi-urban area,Paper and cardboard,Not sure,Operations department,4,3,2,2,2,3,4,5,4,4,5,4,4,4,3,4,3,4,3,3,4,3,2,4,3,3,2,3,4,4,4,5,4,4,3,4,4,4,5,4,4,4,4,3,3,4,5,3,4,3,5,4,4,5,3,3,3,3,3,4,3,4,2.67,4.33,3.67,3.17,3.17,4.0,4.17,3.67,4.17,3.25,3.67
R2780,Information Technology,Micro: Fewer than 10 employees,Less than 3 years,Fewer than 10,Commercial area,Mixed municipal waste,No,External waste-management agency,3,2,2,2,2,2,4,3,4,4,3,4,3,3,4,4,3,4,2,2,2,3,3,2,4,3,2,3,4,3,2,3,3,2,3,1,4,4,4,3,4,4,3,5,3,3,3,1,3,4,3,3,3,3,5,4,5,4,3,2,3,3,2.17,3.67,3.5,2.33,3.17,2.33,3.83,3.0,3.17,3.62,3.02
R2781,Healthcare,Small: 10-49 employees,11-20 years,10-49,Semi-urban area,Mixed municipal waste,Yes,Operations department,4,4,4,3,4,3,4,4,5,4,4,3,5,4,5,4,4,3,5,4,4,4,5,5,3,4,5,3,4,3,4,4,3,4,3,3,4,4,4,4,4,5,5,5,3,4,5,5,3,4,4,4,5,4,2,3,4,4,2,3,4,2,3.67,4.0,4.17,4.5,3.67,3.5,4.17,4.5,4.0,3.0,4.02
R2782,Hospitality/Services,Small: 10-49 employees,Less than 3 years,10-49,Urban area,Mixed municipal waste,No,External waste-management agency,3,4,4,3,3,4,4,3,3,3,3,,2,3,3,2,2,3,1,2,1,2,2,1,3,2,3,3,2,3,4,2,3,4,4,4,4,2,3,3,5,4,4,4,4,3,3,3,3,4,3,4,3,4,3,2,3,1,3,3,3,3,3.5,3.2,2.5,1.5,2.67,3.5,3.5,3.5,3.5,2.62,3.04
R2783,Manufacturing,Medium: 50-249 employees,Less than 3 years,100-249,Industrial area,Mixed municipal waste,Yes,Environmental or sustainability department,4,3,4,3,3,3,4,3,3,3,4,3,3,3,4,5,4,5,4,5,4,4,4,4,3,3,4,3,4,2,3,3,4,3,4,5,3,3,2,2,2,3,3,4,3,4,3,3,4,4,4,3,4,4,3,2,1,2,2,2,2,1,3.33,3.33,4.0,4.17,3.17,3.67,2.5,3.33,3.83,1.88,3.48
R2784,Manufacturing,Small: 10-49 employees,6-10 years,10-49,Semi-urban area,Paper and cardboard,Yes,Operations department,5,4,4,3,2,5,3,4,3,4,3,3,4,4,4,4,3,5,4,5,5,4,4,5,3,3,4,4,4,3,4,4,4,4,4,5,,5,5,4,4,3,4,4,3,3,5,3,3,4,4,3,5,4,3,1,2,2,3,3,2,2,3.83,3.33,4.0,4.5,3.5,4.17,4.2,3.67,3.83,2.25,3.89
R2785,Information Technology,Large: 250 employees or more,11-20 years,250 or more,Commercial area,Mixed municipal waste,Not sure,Facility management team,2,2,3,3,3,2,4,2,4,5,3,3,5,5,4,4,4,2,3,3,3,3,4,3,4,4,4,4,2,3,3,3,4,3,4,4,4,3,3,3,3,3,3,3,4,3,3,3,3,3,3,3,4,5,4,3,3,1,3,3,2,3,2.5,3.5,4.0,3.17,3.5,3.5,3.17,3.17,3.5,2.75,3.33
R2786,Retail,Medium: 50-249 employees,Less than 3 years,100-249,Commercial area,Mixed municipal waste,Not sure,Operations department,4,4,4,3,4,4,4,4,4,5,4,5,5,4,3,3,2,3,4,3,2,2,4,4,4,4,4,3,4,3,3,,4,5,4,4,5,3,4,4,4,3,4,4,4,5,4,4,4,4,3,5,3,3,3,3,2,4,,4,2,2,3.83,4.33,3.33,3.17,3.67,4.0,3.83,4.17,3.67,2.86,3.78
R2787,Retail,Small: 10-49 employees,Less than 3 years,Fewer than 10,Semi-urban area,Mixed municipal waste,Not sure,External waste-management agency,3,3,4,3,4,3,4,4,4,3,4,4,3,3,3,3,4,3,4,5,3,5,3,3,3,4,3,3,3,3,,2,1,4,2,,2,3,2,4,2,2,3,3,3,4,4,,3,3,4,4,3,3,3,3,2,3,4,3,3,4,3.33,3.83,3.17,3.83,3.17,2.25,2.5,3.4,3.33,3.12,3.2
R2788,Manufacturing,Small: 10-49 employees,6-10 years,10-49,Industrial area,Food or organic waste,Not sure,External waste-management agency,2,3,2,4,3,4,3,3,3,3,4,4,3,4,3,3,2,3,,4,4,4,4,4,4,5,4,3,4,5,4,4,4,4,4,4,3,3,4,5,3,4,4,3,5,4,3,3,4,4,3,4,3,4,4,2,3,4,4,4,2,3,3.0,3.33,3.0,4.0,4.17,4.0,3.67,3.67,3.67,3.25,3.61
R2789,Manufacturing,Micro: Fewer than 10 employees,11-20 years,Fewer than 10,Semi-urban area,Plastic waste,Under development,Facility management team,1,2,2,1,2,3,4,4,4,4,4,4,3,5,2,3,3,2,3,4,4,4,4,3,4,5,4,5,4,4,3,3,4,3,4,4,3,2,2,2,3,3,4,4,2,3,3,3,2,3,3,4,3,3,3,3,3,3,3,3,4,2,1.83,4.0,3.0,3.67,4.33,3.5,2.5,3.17,3.0,3.0,3.22
R2790,Manufacturing,Small: 10-49 employees,3-5 years,10-49,Industrial area,Mixed municipal waste,Under development,Operations department,4,3,3,3,3,2,2,3,2,2,2,2,2,4,4,3,3,4,4,4,4,3,4,4,3,4,3,3,2,3,2,3,4,2,1,2,4,4,3,3,4,2,4,3,4,4,3,3,4,4,5,,4,4,3,3,3,4,4,4,3,3,3.0,2.17,3.33,3.83,3.0,2.33,3.33,3.5,4.2,3.38,3.19
R2791,Manufacturing,Large: 250 employees or more,11-20 years,100-249,Industrial area,Paper and cardboard,Yes,Environmental or sustainability department,5,4,5,5,3,4,4,5,4,3,4,4,5,4,4,4,5,5,2,4,3,3,2,4,2,4,3,3,4,3,5,3,3,,5,4,4,5,5,4,5,5,3,3,4,3,3,4,5,5,5,4,4,4,3,4,4,3,5,3,3,5,4.33,4.0,4.5,3.0,3.17,4.0,4.67,3.33,4.5,3.75,3.94
R2792,Hospitality/Services,Medium: 50-249 employees,3-5 years,50-99,Urban area,Paper and cardboard,Under development,Operations department,3,3,4,4,4,3,3,3,3,3,3,3,4,4,3,4,3,3,2,3,3,3,2,3,2,2,2,4,,3,3,4,4,3,4,4,2,4,4,2,3,2,3,2,4,4,2,4,4,3,4,3,3,4,2,4,3,2,2,3,3,3,3.5,3.0,3.5,2.67,2.6,3.67,2.83,3.17,3.5,2.75,3.16
R2793,Manufacturing,Small: 10-49 employees,Less than 3 years,50-99,Industrial area,Paper and cardboard,Not sure,External waste-management agency,3,3,3,3,3,3,4,,3,1,3,3,4,3,4,4,3,3,3,3,3,3,2,4,2,3,3,3,2,3,4,3,3,4,2,3,2,3,3,3,3,3,1,2,3,2,3,3,3,3,4,4,3,2,1,4,2,,3,2,3,3,3.0,2.8,3.5,3.0,2.67,3.17,2.83,2.33,3.17,2.57,2.94
R2794,Information Technology,Small: 10-49 employees,3-5 years,50-99,Urban area,Plastic waste,Not sure,External waste-management agency,2,2,3,3,,4,4,4,4,3,4,3,3,4,2,2,3,3,4,3,3,2,4,3,4,3,4,3,3,2,2,3,3,4,2,3,2,3,3,1,3,3,3,3,3,2,3,2,3,4,4,4,3,3,2,1,4,2,2,3,2,2,2.8,3.67,2.83,3.17,3.17,2.83,2.5,2.67,3.5,2.25,3.02
R2795,Manufacturing,Medium: 50-249 employees,6-10 years,100-249,Industrial area,Paper and cardboard,Yes,Facility management team,4,4,4,3,4,3,4,4,4,4,5,5,2,3,4,3,3,4,4,3,3,4,5,4,3,3,3,5,2,3,3,4,5,4,4,3,,3,3,4,3,4,4,4,4,3,4,4,4,4,4,4,3,4,3,1,3,2,2,2,3,2,3.67,4.33,3.17,3.83,3.17,3.83,3.4,3.83,3.83,2.25,3.67
R2796,Retail,Medium: 50-249 employees,11-20 years,100-249,Urban area,Mixed municipal waste,Yes,Facility management team,4,4,4,4,2,4,5,3,4,5,4,4,3,3,3,3,3,4,3,3,4,5,3,4,3,3,3,4,3,4,4,3,4,4,3,,4,3,3,3,4,4,4,2,3,4,3,3,4,4,5,4,4,5,3,2,3,2,3,2,3,3,3.67,4.17,3.17,3.67,3.33,3.6,3.5,3.17,4.33,2.62,3.62
R2797,Hospitality/Services,Large: 250 employees or more,Less than 3 years,250 or more,Industrial area,Plastic waste,Under development,Facility management team,3,4,4,4,4,4,4,4,4,3,5,5,4,3,4,5,3,3,3,4,2,3,4,3,3,4,3,2,4,4,3,3,4,4,3,4,4,4,4,3,4,4,4,4,4,3,4,4,4,3,3,4,4,4,4,3,4,2,2,3,4,4,3.83,4.17,3.67,3.17,3.33,3.5,3.83,3.83,3.67,3.25,3.67
R2798,Manufacturing,Small: 10-49 employees,6-10 years,10-49,Urban area,Mixed municipal waste,No,External waste-management agency,4,3,3,5,4,4,4,2,3,3,4,4,2,2,4,3,3,3,3,4,4,4,2,3,1,,4,4,3,2,3,,2,3,4,3,4,4,5,2,3,3,3,5,4,4,5,3,4,4,4,5,3,5,2,3,1,3,3,2,2,3,3.83,3.33,2.83,3.33,2.8,3.0,3.5,4.0,4.17,2.38,3.42
R2799,Manufacturing,Medium: 50-249 employees,6-10 years,100-249,Urban area,Mixed municipal waste,Not sure,Environmental or sustainability department,3,4,5,4,4,5,3,3,3,3,3,3,2,4,4,3,3,3,3,3,4,3,3,4,4,3,3,4,5,4,3,3,2,2,3,3,4,4,4,3,4,4,3,2,4,4,2,3,3,4,3,3,3,3,4,3,4,3,3,3,4,2,4.17,3.0,3.17,3.33,3.83,2.67,3.83,3.0,3.17,3.25,3.35
R2800,Information Technology,Small: 10-49 employees,3-5 years,10-49,Urban area,Paper and cardboard,No,External waste-management agency,4,3,2,4,2,2,4,3,3,4,4,3,3,4,3,3,4,3,3,4,5,5,4,4,3,5,2,4,3,2,2,3,3,3,3,2,3,4,3,4,2,3,3,4,4,2,4,4,3,3,4,3,3,3,5,3,3,3,4,2,4,2,2.83,3.5,3.33,4.17,3.17,2.67,3.17,3.5,3.17,3.25,3.28
R2801,Manufacturing,Small: 10-49 employees,Less than 3 years,10-49,Commercial area,Plastic waste,No,Operations department,4,5,5,4,5,4,4,3,3,2,4,3,3,4,4,4,3,4,4,3,3,2,4,3,4,2,2,3,2,4,2,4,4,3,4,3,3,4,5,4,2,4,3,4,3,3,4,3,3,4,4,3,3,3,3,2,3,3,2,3,3,3,4.5,3.17,3.67,3.17,2.83,3.33,3.67,3.33,3.33,2.75,3.44
R2802,Manufacturing,Large: 250 employees or more,3-5 years,250 or more,Semi-urban area,Paper and cardboard,Not sure,Facility management team,5,4,5,5,4,4,4,5,4,3,5,4,3,4,2,2,3,3,3,2,3,3,3,3,3,5,4,3,5,3,4,3,5,4,3,4,3,5,5,4,4,5,5,5,5,5,5,5,4,,4,3,3,5,3,3,3,3,2,3,3,2,4.5,4.17,2.83,2.83,3.83,3.83,4.33,5.0,3.8,2.75,3.9
R2803,Hospitality/Services,Medium: 50-249 employees,11-20 years,100-249,Commercial area,Food or organic waste,Yes,Operations department,3,3,3,3,2,3,5,4,5,5,5,5,5,5,5,5,5,5,3,3,4,3,4,5,3,4,3,3,4,4,4,3,5,4,4,3,5,5,5,5,4,5,3,2,2,2,3,2,3,3,3,4,4,2,3,3,3,3,3,3,3,3,2.83,4.83,5.0,3.67,3.5,3.83,4.83,2.33,3.17,3.0,3.78
R2804,Retail,Small: 10-49 employees,Less than 3 years,10-49,Semi-urban area,Mixed municipal waste,Not sure,External waste-management agency,2,3,3,3,4,3,2,3,,2,2,2,4,3,3,3,3,4,4,4,4,3,4,4,4,3,4,3,3,2,2,1,1,3,2,2,3,4,5,3,5,4,3,2,3,3,2,2,3,3,4,4,3,3,3,2,3,2,2,3,2,3,3.0,2.2,3.33,3.83,3.17,1.83,4.0,2.5,3.33,2.5,3.02
R2805,Healthcare,Small: 10-49 employees,3-5 years,10-49,Urban area,Mixed municipal waste,No,External waste-management agency,3,2,2,2,2,2,2,1,2,4,3,2,4,3,3,4,3,3,3,2,3,4,2,3,4,3,4,3,4,3,4,4,3,3,4,4,2,3,4,2,3,3,3,3,3,3,3,3,4,3,3,2,5,3,4,4,3,4,4,3,4,5,2.17,2.33,3.33,2.83,3.5,3.67,2.83,3.0,3.33,3.88,3.0
R2806,Manufacturing,Small: 10-49 employees,3-5 years,10-49,Semi-urban area,Paper and cardboard,Not sure,Environmental or sustainability department,4,4,3,3,3,3,2,2,2,3,3,2,3,3,4,3,3,3,4,3,3,4,4,3,4,3,4,3,3,4,4,3,4,3,3,2,3,4,3,4,3,3,3,3,4,3,3,3,4,3,4,3,4,4,4,4,3,3,3,2,3,3,3.33,2.33,3.17,3.5,3.5,3.17,3.33,3.17,3.67,3.12,3.24
R2807,Manufacturing,Large: 250 employees or more,11-20 years,250 or more,Industrial area,Paper and cardboard,Yes,Environmental or sustainability department,4,5,5,4,5,5,3,3,4,,4,3,4,3,4,4,4,4,4,3,3,3,4,3,4,4,4,3,4,3,5,5,5,5,5,5,4,4,4,4,3,3,5,3,4,3,4,4,4,5,3,3,4,5,2,3,3,3,4,3,3,2,4.67,3.4,3.83,3.33,3.67,5.0,3.67,3.83,4.0,2.88,3.93
R2808,Retail,Micro: Fewer than 10 employees,Less than 3 years,Fewer than 10,Urban area,Food or organic waste,No,External waste-management agency,4,3,,4,5,4,3,2,4,3,3,3,3,3,4,3,2,3,2,1,3,5,2,2,3,3,3,2,2,3,2,2,1,3,2,2,2,2,1,2,3,2,2,4,3,3,3,3,2,2,2,2,3,2,4,4,2,3,4,4,3,3,4.0,3.0,3.0,2.5,2.67,2.0,2.0,3.0,2.17,3.38,2.7
R2809,Healthcare,Micro: Fewer than 10 employees,6-10 years,Fewer than 10,Semi-urban area,Food or organic waste,Not sure,External waste-management agency,4,3,3,3,3,4,3,2,4,5,4,3,3,3,4,3,3,2,3,2,2,4,3,3,2,3,3,3,3,3,2,4,4,4,4,4,4,2,3,4,3,2,3,4,3,3,3,4,5,4,4,5,4,4,3,3,3,3,4,3,2,3,3.33,3.5,3.0,2.83,2.83,3.67,3.0,3.33,4.33,3.0,3.31
R2810,Manufacturing,Small: 10-49 employees,3-5 years,10-49,Industrial area,Paper and cardboard,No,External waste-management agency,3,3,3,3,2,2,3,2,2,2,3,2,3,3,2,3,2,4,3,2,3,3,3,2,3,3,3,1,2,3,2,2,3,3,2,2,5,4,4,3,3,4,2,2,3,3,3,3,2,3,2,1,2,1,4,3,3,3,4,3,5,3,2.67,2.33,2.83,2.67,2.5,2.33,3.83,2.67,1.83,3.5,2.63
R2811,Information Technology,Small: 10-49 employees,3-5 years,10-49,Urban area,Plastic waste,Not sure,Facility management team,5,4,3,4,3,4,4,4,4,4,4,3,5,4,4,5,4,4,3,5,5,4,3,4,,4,3,3,3,2,4,3,3,4,4,4,2,1,2,4,3,3,4,4,4,4,4,4,4,3,3,2,4,4,2,3,4,3,2,3,3,2,3.83,3.83,4.33,4.0,3.0,3.67,2.5,4.0,3.33,2.75,3.61
R2812,Information Technology,Medium: 50-249 employees,Less than 3 years,100-249,Urban area,Paper and cardboard,No,Facility management team,4,4,5,5,4,3,4,4,4,4,4,4,3,3,4,4,3,3,3,3,2,4,3,4,4,5,4,4,5,4,3,3,4,2,3,3,3,4,4,3,2,5,3,5,4,4,4,3,3,2,2,2,4,2,4,5,3,2,3,4,4,4,4.17,4.0,3.33,3.17,4.33,3.0,3.5,3.83,2.5,3.62,3.54
R2813,Healthcare,Small: 10-49 employees,3-5 years,10-49,Industrial area,Mixed municipal waste,Not sure,Operations department,3,2,3,3,4,1,5,5,4,4,4,3,3,5,4,4,3,3,3,3,3,3,2,2,4,3,2,2,3,3,2,2,3,3,4,4,3,3,3,3,4,3,2,3,3,3,2,3,5,4,5,5,4,,,3,3,3,3,3,3,2,2.67,4.17,3.67,2.67,2.83,3.0,3.17,2.67,4.6,2.86,3.27
R2814,Retail,Large: 250 employees or more,6-10 years,250 or more,Semi-urban area,Paper and cardboard,No,Operations department,4,4,4,4,4,4,4,4,4,4,4,4,4,4,4,4,4,4,4,4,4,4,4,4,4,4,4,4,4,,4,4,4,4,4,4,4,4,4,4,4,4,4,4,4,4,4,4,4,4,4,4,4,4,4,4,4,4,4,4,4,4,4.0,4.0,4.0,4.0,4.0,4.0,4.0,4.0,4.0,4.0,4.0
R2815,Healthcare,Small: 10-49 employees,3-5 years,50-99,Semi-urban area,Mixed municipal waste,Not sure,External waste-management agency,3,4,3,3,3,3,3,4,5,5,5,4,5,3,4,4,4,5,4,5,4,4,5,5,2,3,3,3,3,3,4,4,3,3,3,4,3,5,5,4,3,4,5,4,5,5,4,5,3,2,2,2,3,3,2,3,2,3,,3,1,2,3.17,4.33,4.17,4.5,2.83,3.5,4.0,4.67,2.5,2.29,3.74
R2816,Information Technology,Micro: Fewer than 10 employees,3-5 years,Fewer than 10,Urban area,Paper and cardboard,Not sure,Operations department,2,2,2,2,3,2,4,4,4,3,4,3,3,4,2,3,2,4,4,3,,4,3,4,3,2,3,3,3,4,4,4,3,3,4,3,4,4,4,4,4,4,4,3,4,3,3,3,2,3,2,3,4,4,3,4,2,2,4,4,2,2,2.17,3.67,3.0,3.6,3.0,3.5,4.0,3.33,3.0,2.88,3.25
R2817,Manufacturing,Micro: Fewer than 10 employees,6-10 years,10-49,Urban area,Mixed municipal waste,Not sure,Operations department,4,3,1,3,3,2,3,3,2,4,2,3,3,3,4,2,2,3,3,2,2,2,3,2,2,4,3,3,3,3,1,2,2,1,3,3,2,1,2,2,3,2,4,3,3,4,3,4,2,2,3,2,2,2,3,4,3,4,5,3,3,4,2.67,2.83,2.83,2.33,3.0,2.0,2.0,3.5,2.17,3.62,2.59
R2818,Information Technology,Micro: Fewer than 10 employees,3-5 years,10-49,Urban area,Food or organic waste,Not sure,External waste-management agency,4,2,3,3,3,3,3,4,4,2,4,4,4,5,4,4,4,5,5,4,5,5,4,,4,4,4,4,3,3,3,3,3,4,4,3,4,4,4,4,4,5,5,4,4,5,4,3,3,3,2,3,3,3,4,3,3,4,2,2,3,3,3.0,3.5,4.33,4.6,3.67,3.33,4.17,4.17,2.83,3.0,3.73
R2819,Retail,Large: 250 employees or more,11-20 years,250 or more,Commercial area,Food or organic waste,Yes,Operations department,3,3,3,4,3,4,4,5,3,4,4,2,3,4,3,3,4,4,5,4,5,5,5,5,4,2,3,4,4,5,5,4,5,4,5,4,4,4,4,5,4,4,3,3,,3,4,4,3,5,4,3,4,4,2,2,2,2,2,4,2,3,3.33,3.67,3.5,4.83,3.67,4.5,4.17,3.4,3.83,2.38,3.88
R2820,Hospitality/Services,Large: 250 employees or more,3-5 years,250 or more,Urban area,Food or organic waste,No,Environmental or sustainability department,3,2,3,2,3,3,4,3,3,3,3,4,3,5,4,4,5,4,3,3,,3,3,4,4,5,5,3,4,5,2,4,3,4,4,2,4,4,3,4,4,4,4,3,5,5,5,4,3,2,4,3,3,3,2,3,3,3,2,2,2,2,2.67,3.33,4.17,3.2,4.33,3.17,3.83,4.33,3.0,2.38,3.56
R2821,Hospitality/Services,Small: 10-49 employees,3-5 years,10-49,Urban area,Paper and cardboard,Not sure,External waste-management agency,4,3,4,4,4,2,4,3,3,4,4,4,4,5,5,5,5,5,2,3,2,4,2,2,3,4,2,4,3,3,3,3,2,3,1,1,3,2,2,2,2,3,2,4,3,3,3,3,3,3,3,3,4,4,4,1,3,3,1,2,1,2,3.5,3.67,4.83,2.5,3.17,2.17,2.33,3.0,3.33,2.12,3.17
R2822,Manufacturing,Small: 10-49 employees,11-20 years,Fewer than 10,Semi-urban area,Paper and cardboard,No,Environmental or sustainability department,3,4,4,4,3,3,3,2,3,4,3,,2,4,3,3,3,4,3,2,4,3,3,5,5,5,5,5,4,4,4,4,4,4,3,3,4,4,5,2,3,3,3,4,3,3,4,3,3,3,4,3,2,3,4,2,2,1,4,2,3,3,3.5,3.0,3.17,3.33,4.67,3.67,3.5,3.33,3.0,2.62,3.46
R2823,Retail,Large: 250 employees or more,6-10 years,250 or more,Semi-urban area,Paper and cardboard,Yes,Facility management team,4,5,4,4,5,4,5,4,5,3,5,4,4,5,4,5,4,5,4,3,4,5,3,4,3,5,2,3,4,4,4,3,4,5,5,4,3,3,4,4,3,3,4,4,3,4,4,4,3,5,3,4,4,4,1,1,4,3,2,3,2,3,4.33,4.33,4.5,3.83,3.5,4.17,3.33,3.83,3.83,2.38,3.96
R2824,Retail,Micro: Fewer than 10 employees,Less than 3 years,Fewer than 10,Semi-urban area,Paper and cardboard,No,External waste-management agency,5,3,3,3,3,4,3,4,3,4,4,4,3,4,,3,3,4,4,3,4,3,4,4,3,4,3,4,3,4,3,3,2,2,2,3,2,1,2,1,2,2,3,4,3,3,3,3,2,2,2,3,3,3,5,4,4,3,3,4,5,3,3.5,3.67,3.4,3.67,3.5,2.5,1.67,3.17,2.5,3.88,3.06
R2825,Retail,Small: 10-49 employees,Less than 3 years,50-99,Commercial area,Plastic waste,Yes,Operations department,4,5,4,5,4,4,3,4,3,4,3,3,2,3,3,3,3,3,3,4,4,3,4,4,3,,4,3,3,2,4,3,3,3,,2,3,,3,3,3,3,3,4,2,3,4,3,2,2,3,3,3,3,4,3,3,3,3,4,3,4,4.33,3.33,2.83,3.67,3.0,3.0,3.0,3.17,2.67,3.38,3.22
R2826,Information Technology,Large: 250 employees or more,3-5 years,250 or more,Commercial area,Paper and cardboard,Under development,Operations department,4,4,3,2,3,4,4,5,4,4,4,4,4,4,3,4,4,5,4,2,3,3,4,4,4,4,4,3,4,3,3,3,4,2,3,3,4,3,2,2,2,3,3,2,2,3,4,3,3,5,5,4,4,4,3,4,4,3,3,4,1,4,3.33,4.17,4.0,3.33,3.67,3.0,2.67,2.83,4.17,3.25,3.46
R2827,Manufacturing,Large: 250 employees or more,11-20 years,100-249,Industrial area,Mixed municipal waste,Yes,Environmental or sustainability department,5,4,4,4,5,4,4,4,4,3,5,5,5,4,4,4,4,3,4,4,4,4,3,5,4,5,5,5,5,4,5,5,5,4,4,3,5,5,5,5,4,5,4,4,3,3,5,5,4,4,3,5,4,4,2,2,4,2,2,2,3,2,4.33,4.17,4.0,4.0,4.67,4.33,4.83,4.0,4.0,2.38,4.26
R2828,Healthcare,Large: 250 employees or more,6-10 years,250 or more,Urban area,Mixed municipal waste,Yes,Environmental or sustainability department,2,2,3,4,3,4,4,3,3,4,4,4,4,3,5,4,5,5,5,4,4,5,4,4,4,5,4,4,5,3,5,5,5,4,4,4,4,5,3,4,4,3,5,5,5,5,5,5,4,5,4,5,4,5,3,2,2,3,3,3,4,4,3.0,3.67,4.33,4.33,4.17,4.5,3.83,5.0,4.5,3.0,4.15
R2829,Hospitality/Services,Micro: Fewer than 10 employees,Less than 3 years,Fewer than 10,Commercial area,Mixed municipal waste,No,Operations department,3,2,4,3,3,3,3,3,2,2,3,2,3,2,4,3,3,4,2,1,1,2,3,1,3,3,2,4,3,3,3,3,2,2,2,3,3,2,3,2,2,2,2,1,3,2,2,3,2,3,2,3,2,3,1,2,1,3,3,2,3,3,3.0,2.5,3.17,1.67,3.0,2.5,2.33,2.17,2.5,2.25,2.54
R2830,Hospitality/Services,Large: 250 employees or more,6-10 years,100-249,Urban area,Food or organic waste,Yes,Environmental or sustainability department,5,5,5,4,4,5,5,5,5,5,4,5,4,4,4,4,5,4,4,4,5,5,3,4,5,5,5,5,5,5,3,4,3,4,5,5,5,4,5,3,4,4,4,3,3,3,4,4,4,4,5,5,4,4,4,3,,2,3,3,3,2,4.67,4.83,4.17,4.17,5.0,4.0,4.17,3.5,4.33,2.86,4.32
R2831,Manufacturing,Micro: Fewer than 10 employees,Less than 3 years,Fewer than 10,Industrial area,Paper and cardboard,No,External waste-management agency,4,3,3,3,2,4,3,2,2,2,2,3,3,3,3,2,2,3,2,3,3,2,4,2,2,2,2,3,2,3,2,2,3,3,3,3,4,4,3,3,3,4,3,2,3,3,4,2,3,3,3,5,3,,3,4,4,2,2,2,4,3,3.17,2.33,2.67,2.67,2.33,2.67,3.5,2.83,3.4,3.0,2.84
R2832,Hospitality/Services,Micro: Fewer than 10 employees,3-5 years,Fewer than 10,Urban area,Mixed municipal waste,Under development,Operations department,5,2,3,3,2,2,4,4,3,3,4,4,2,3,4,4,5,3,3,4,3,3,3,4,4,3,4,4,3,3,4,3,3,3,4,4,4,2,5,3,5,4,3,4,4,4,3,4,4,4,4,4,2,4,3,3,2,1,3,3,2,3,2.83,3.67,3.5,3.33,3.5,3.5,3.83,3.67,3.67,2.5,3.5
R2833,Manufacturing,Medium: 50-249 employees,6-10 years,100-249,Industrial area,Mixed municipal waste,Yes,Operations department,3,4,3,4,3,4,3,3,3,4,4,3,4,4,4,3,3,3,3,3,3,3,3,3,2,3,3,3,4,4,2,2,3,3,4,1,4,4,2,4,4,4,3,4,4,3,3,3,4,5,4,5,4,4,3,2,2,2,1,2,3,4,3.5,3.33,3.5,3.0,3.17,2.5,3.67,3.33,4.33,2.38,3.37
R2834,Retail,Medium: 50-249 employees,Less than 3 years,50-99,Urban area,Plastic waste,No,Facility management team,4,2,3,4,,3,2,4,3,3,3,4,2,3,3,3,3,4,4,3,3,5,2,3,4,5,4,4,3,4,2,3,2,2,3,3,2,3,3,3,4,3,3,3,4,3,3,2,4,4,4,3,4,4,4,2,3,4,3,4,4,4,3.2,3.17,3.0,3.33,4.0,2.5,3.0,3.0,3.83,3.5,3.23
R2835,Manufacturing,Large: 250 employees or more,3-5 years,250 or more,Semi-urban area,Plastic waste,Under development,Environmental or sustainability department,3,3,4,4,4,3,3,3,3,3,3,3,2,2,4,4,3,3,3,3,3,3,4,3,4,2,2,3,3,3,4,4,4,4,4,3,3,3,4,3,4,3,4,5,3,4,2,2,4,4,5,5,4,5,3,4,4,3,3,3,4,3,3.5,3.0,3.0,3.17,2.83,3.83,3.33,3.33,4.5,3.38,3.39
R2836,Healthcare,Small: 10-49 employees,3-5 years,10-49,Urban area,Mixed municipal waste,Not sure,Operations department,3,4,4,4,4,3,3,2,3,2,3,3,4,3,4,4,4,3,4,3,3,4,3,3,2,3,3,3,3,3,5,4,4,4,4,4,4,4,3,3,4,4,5,4,4,4,4,5,4,3,3,4,3,4,4,3,3,3,2,2,1,2,3.67,2.67,3.67,3.33,2.83,4.17,3.67,4.33,3.5,2.5,3.54
R2837,Manufacturing,Small: 10-49 employees,3-5 years,10-49,Commercial area,Paper and cardboard,Not sure,External waste-management agency,4,,3,3,3,4,3,3,2,3,3,3,2,2,3,3,3,3,3,4,4,3,3,4,4,4,4,4,4,3,3,3,3,3,,4,4,3,2,3,4,4,2,4,2,4,3,3,4,4,4,4,3,4,2,2,4,3,3,2,2,2,3.4,2.83,2.67,3.5,3.83,3.2,3.33,3.0,3.83,2.5,3.29
R2838,Manufacturing,Medium: 50-249 employees,Less than 3 years,10-49,Semi-urban area,Mixed municipal waste,Not sure,Environmental or sustainability department,3,4,,4,1,2,2,3,3,3,3,2,4,2,3,3,4,3,2,2,3,3,2,2,3,4,2,3,3,3,3,4,3,4,3,3,2,3,3,3,2,2,4,3,4,3,4,3,4,3,4,4,5,5,4,3,3,4,4,3,3,3,2.8,2.67,3.17,2.33,3.0,3.33,2.5,3.5,4.17,3.38,3.05
R2839,Retail,Large: 250 employees or more,11-20 years,250 or more,Urban area,Mixed municipal waste,Yes,Environmental or sustainability department,4,4,4,3,4,4,3,4,4,3,4,3,4,4,3,3,4,4,3,2,3,3,4,2,4,4,5,4,5,4,4,5,5,5,5,4,3,3,3,5,3,4,4,4,4,4,5,4,3,3,4,4,2,4,3,3,3,3,3,3,2,3,3.83,3.5,3.67,2.83,4.33,4.67,3.5,4.17,3.33,2.88,3.76
R2840,Hospitality/Services,Medium: 50-249 employees,3-5 years,50-99,Semi-urban area,Mixed municipal waste,Not sure,Operations department,4,4,4,4,4,4,3,2,3,2,2,3,3,4,4,3,4,3,4,3,3,4,3,3,3,4,2,4,2,3,4,2,3,4,4,4,4,2,4,3,3,3,3,4,3,4,2,4,3,3,3,3,1,2,2,2,3,2,2,2,2,1,4.0,2.5,3.5,3.33,3.0,3.5,3.17,3.33,2.5,2.0,3.2
R2841,Healthcare,Medium: 50-249 employees,Less than 3 years,100-249,Urban area,Mixed municipal waste,Not sure,Environmental or sustainability department,3,3,4,4,4,5,3,4,3,3,3,3,3,4,4,3,4,3,3,3,2,3,3,2,5,3,4,4,4,4,,2,3,4,4,4,2,2,2,3,4,3,5,,5,5,4,3,3,3,3,4,3,3,3,2,3,3,2,3,3,2,3.83,3.17,3.5,2.67,4.0,3.4,2.67,4.4,3.17,2.62,3.42
R2842,Information Technology,Small: 10-49 employees,6-10 years,10-49,Urban area,Mixed municipal waste,Under development,Operations department,3,3,4,5,4,3,3,3,3,3,4,4,4,4,4,4,3,4,3,4,4,4,4,3,3,3,3,3,5,3,4,4,3,4,3,4,4,3,4,3,3,4,4,5,3,4,4,4,4,4,3,3,3,3,2,3,2,3,2,2,3,1,3.67,3.33,3.83,3.67,3.33,3.67,3.5,4.0,3.33,2.25,3.59
R2843,Healthcare,Large: 250 employees or more,11-20 years,250 or more,Semi-urban area,Mixed municipal waste,Under development,Operations department,2,2,2,2,2,2,2,2,2,2,2,2,2,2,2,2,2,2,2,2,2,2,2,2,2,2,2,2,2,2,2,2,2,2,2,2,2,2,2,2,2,2,2,2,2,2,2,2,2,2,2,2,2,2,2,2,2,2,2,2,2,2,2.0,2.0,2.0,2.0,2.0,2.0,2.0,2.0,2.0,2.0,2.0
R2844,Retail,Micro: Fewer than 10 employees,3-5 years,Fewer than 10,Commercial area,Plastic waste,Not sure,External waste-management agency,4,4,4,3,3,4,4,4,4,4,4,4,4,3,4,5,4,5,3,2,,2,2,3,3,3,4,3,3,3,3,3,2,3,3,3,4,3,3,2,2,3,5,4,4,4,3,4,4,4,5,4,3,5,3,2,3,2,2,4,,3,3.67,4.0,4.17,2.4,3.17,2.83,2.83,4.0,4.17,2.71,3.47
R2845,Manufacturing,Small: 10-49 employees,11-20 years,50-99,Semi-urban area,Plastic waste,Not sure,External waste-management agency,4,4,4,3,4,4,3,3,3,3,3,3,4,5,4,5,4,3,3,3,3,3,3,3,4,4,4,3,2,4,3,3,3,2,4,3,5,4,3,4,4,3,3,3,3,5,3,4,3,3,1,2,3,3,3,4,4,4,4,4,4,3,3.83,3.0,4.17,3.0,3.5,3.0,3.83,3.5,2.5,3.75,3.37
R2846,Manufacturing,Large: 250 employees or more,Less than 3 years,250 or more,Commercial area,Mixed municipal waste,No,Operations department,3,3,3,2,3,3,3,4,3,3,3,5,3,3,3,3,3,3,2,3,4,3,3,3,3,3,2,3,3,2,3,3,4,4,3,3,3,3,3,2,4,4,4,3,3,4,3,4,3,3,4,3,4,3,4,3,4,2,4,3,4,4,2.83,3.5,3.0,3.0,2.67,3.33,3.17,3.5,3.33,3.5,3.15
R2847,Retail,Micro: Fewer than 10 employees,6-10 years,Fewer than 10,Urban area,Paper and cardboard,No,External waste-management agency,4,4,3,3,4,5,4,4,3,4,3,3,3,3,4,2,3,4,3,3,4,2,3,2,3,2,3,3,3,3,4,3,2,2,4,4,3,2,3,1,4,2,3,4,3,2,3,3,3,3,3,4,3,3,4,3,5,3,4,3,3,4,3.83,3.5,3.17,2.83,2.83,3.17,2.5,3.0,3.17,3.62,3.11
R2848,Hospitality/Services,Small: 10-49 employees,6-10 years,10-49,Commercial area,Food or organic waste,Under development,External waste-management agency,4,4,3,4,4,3,3,1,1,3,2,2,2,1,2,2,2,3,4,4,5,4,4,3,3,2,3,3,4,3,3,4,4,4,4,4,4,4,3,3,2,3,5,4,3,3,4,5,3,4,3,3,2,3,2,5,3,3,4,3,3,5,3.67,2.0,2.0,4.0,3.0,3.83,3.17,4.0,3.0,3.5,3.19
R2849,Manufacturing,Medium: 50-249 employees,11-20 years,100-249,Industrial area,Mixed municipal waste,Yes,Operations department,2,3,2,3,4,3,5,5,4,5,5,5,5,4,4,4,5,4,4,3,5,3,5,4,4,4,3,4,4,4,4,3,3,3,4,2,4,3,4,5,4,4,4,4,4,4,4,2,4,4,3,4,4,4,3,2,4,2,2,3,2,4,2.83,4.83,4.33,4.0,3.83,3.17,4.0,3.67,3.83,2.75,3.83
R2850,Healthcare,Medium: 50-249 employees,3-5 years,50-99,Semi-urban area,Plastic waste,Under development,Operations department,3,4,4,4,4,4,4,4,4,4,4,4,3,4,4,4,3,4,4,3,3,3,4,4,3,4,2,4,2,4,3,4,5,4,5,3,4,3,4,4,4,3,4,5,5,4,4,5,5,4,4,5,4,4,1,2,3,3,4,3,3,3,3.83,4.0,3.67,3.5,3.17,4.0,3.67,4.5,4.33,2.75,3.85
R2851,Information Technology,Large: 250 employees or more,Less than 3 years,100-249,Commercial area,Food or organic waste,No,External waste-management agency,4,4,4,5,4,3,4,4,4,2,4,3,4,4,4,4,5,4,3,3,3,3,2,3,2,3,3,4,4,4,4,4,3,3,,4,3,5,4,4,4,3,4,3,4,3,4,5,4,3,3,3,4,4,4,2,1,3,3,3,4,4,4.0,3.5,4.17,2.83,3.33,3.6,3.83,3.83,3.5,3.0,3.62
R2852,Hospitality/Services,Large: 250 employees or more,11-20 years,250 or more,Urban area,Mixed municipal waste,Yes,Environmental or sustainability department,4,4,4,3,4,3,3,4,4,5,4,5,5,4,5,5,5,5,4,4,3,5,4,5,4,4,4,5,4,5,5,5,5,5,5,3,4,4,4,5,5,5,5,5,5,5,5,4,4,4,3,5,4,4,2,3,2,3,3,2,2,2,3.67,4.17,4.83,4.17,4.33,4.67,4.5,4.83,4.0,2.38,4.35
R2853,Manufacturing,Large: 250 employees or more,6-10 years,100-249,Semi-urban area,Mixed municipal waste,Not sure,Facility management team,3,4,4,4,3,5,5,4,4,4,5,4,3,4,4,3,5,4,5,5,5,5,5,5,4,4,4,3,5,5,3,4,4,5,4,3,5,5,5,5,,4,4,4,4,5,4,3,2,3,3,4,4,3,2,2,2,2,2,2,1,1,3.83,4.33,3.83,5.0,4.17,3.83,4.8,4.0,3.17,1.75,4.11
R2854,Hospitality/Services,Large: 250 employees or more,11-20 years,250 or more,Commercial area,Food or organic waste,Yes,Operations department,3,3,4,4,3,4,4,3,3,4,2,3,4,5,4,5,4,4,4,5,3,2,3,3,3,4,4,4,3,4,4,3,3,3,3,3,4,4,3,4,3,4,4,3,4,4,5,4,4,4,4,4,4,4,3,2,3,2,,4,3,2,3.5,3.17,4.33,3.33,3.67,3.17,3.67,4.0,4.0,2.71,3.65
R2855,Healthcare,Small: 10-49 employees,Less than 3 years,10-49,Urban area,Mixed municipal waste,No,Environmental or sustainability department,3,3,3,3,4,3,2,3,3,3,3,2,3,5,3,4,3,4,4,3,5,3,3,4,2,3,2,2,2,3,4,3,3,4,3,3,4,5,4,4,5,5,2,2,3,2,3,3,4,3,3,3,3,3,2,3,2,3,4,3,3,3,3.17,2.67,3.67,3.67,2.33,3.33,4.5,2.5,3.17,2.88,3.22
R2856,Retail,Large: 250 employees or more,11-20 years,250 or more,Urban area,Mixed municipal waste,Yes,Environmental or sustainability department,4,4,4,2,3,5,3,3,3,3,3,4,4,5,5,4,3,4,4,3,4,5,4,4,5,4,5,5,5,3,4,5,4,4,4,5,3,5,4,3,5,4,5,4,5,4,5,5,3,4,4,3,3,5,4,2,3,3,2,3,2,4,3.67,3.17,4.17,4.0,4.5,4.33,4.0,4.67,3.67,2.88,4.02
R2857,Information Technology,Medium: 50-249 employees,Less than 3 years,100-249,Urban area,Paper and cardboard,No,Facility management team,3,3,4,3,4,3,4,3,3,4,4,3,3,4,3,3,,2,4,3,3,4,3,3,3,4,3,3,3,,4,4,3,3,4,4,3,4,5,4,4,4,4,3,4,4,3,4,4,4,4,2,3,3,4,5,3,2,3,4,3,3,3.33,3.5,3.0,3.33,3.2,3.67,4.0,3.67,3.33,3.38,3.45
R2858,Manufacturing,Medium: 50-249 employees,3-5 years,50-99,Industrial area,Mixed municipal waste,Not sure,Facility management team,3,4,3,4,4,4,2,3,3,4,3,3,,5,3,4,4,,4,5,3,4,3,4,3,3,2,3,2,2,3,3,3,3,4,3,4,3,3,5,4,3,3,4,4,4,4,3,3,4,4,3,3,4,3,3,4,2,2,2,1,1,3.67,3.0,4.0,3.83,2.5,3.17,3.67,3.67,3.5,2.25,3.45
R2859,Information Technology,Micro: Fewer than 10 employees,Less than 3 years,Fewer than 10,Urban area,Paper and cardboard,Under development,External waste-management agency,4,4,4,4,4,3,2,2,2,3,2,2,2,4,3,3,3,4,4,3,3,3,3,4,5,4,3,3,4,4,5,3,4,3,3,3,3,3,2,4,3,4,3,2,2,2,2,2,3,3,4,2,4,4,3,3,3,4,3,4,3,4,3.83,2.17,3.17,3.33,3.83,3.5,3.17,2.17,3.33,3.38,3.17
R2860,Healthcare,Micro: Fewer than 10 employees,3-5 years,10-49,Semi-urban area,Food or organic waste,No,External waste-management agency,3,4,3,3,3,4,3,3,3,4,3,3,3,2,3,3,4,4,4,3,4,4,4,5,2,2,2,3,3,3,2,1,2,2,3,4,4,3,3,4,4,3,4,5,3,4,4,4,,3,3,3,3,2,3,4,3,4,5,3,4,2,3.33,3.17,3.17,4.0,2.5,2.33,3.5,4.0,2.8,3.5,3.2
R2861,Information Technology,Medium: 50-249 employees,Less than 3 years,50-99,Commercial area,Mixed municipal waste,No,External waste-management agency,4,2,1,2,4,3,4,3,4,3,3,4,3,3,2,2,3,3,3,3,4,3,3,3,2,2,2,3,3,2,3,3,3,2,2,3,3,3,3,3,1,4,4,4,3,3,4,3,,4,4,4,3,4,2,4,2,2,3,3,3,3,2.67,3.5,2.67,3.17,2.33,2.67,2.83,3.5,3.8,2.75,3.02
R2862,Information Technology,Micro: Fewer than 10 employees,11-20 years,10-49,Urban area,Plastic waste,Yes,Operations department,4,4,5,4,4,4,4,3,3,2,3,3,3,3,4,3,4,4,4,4,5,3,5,4,3,3,3,2,3,3,3,3,3,4,4,3,4,4,4,4,5,3,4,4,3,4,3,4,4,3,3,4,3,3,3,3,3,3,1,3,2,4,4.17,3.0,3.5,4.17,2.83,3.33,4.0,3.67,3.33,2.75,3.56
R2863,Healthcare,Micro: Fewer than 10 employees,Less than 3 years,Fewer than 10,Semi-urban area,Paper and cardboard,No,External waste-management agency,2,3,2,2,3,2,3,2,3,2,3,3,4,4,4,5,4,3,3,3,3,3,3,3,3,2,3,3,3,4,4,4,4,4,3,3,2,2,3,3,4,3,3,4,3,1,3,4,4,3,3,4,3,4,4,4,5,3,4,5,4,3,2.33,2.67,4.0,3.0,3.0,3.67,2.83,3.0,3.5,4.0,3.11
R2864,Manufacturing,Large: 250 employees or more,11-20 years,100-249,Industrial area,Paper and cardboard,Yes,Environmental or sustainability department,3,3,3,3,3,3,3,3,3,3,3,3,3,3,3,3,3,3,3,3,3,3,3,3,3,3,3,3,3,3,3,3,3,3,3,3,3,3,3,3,3,3,3,3,3,3,3,3,3,3,3,3,3,3,3,3,3,3,3,3,3,3,3.0,3.0,3.0,3.0,3.0,3.0,3.0,3.0,3.0,3.0,3.0
R2865,Manufacturing,Medium: 50-249 employees,3-5 years,100-249,Urban area,Plastic waste,No,Operations department,4,3,2,3,3,2,2,2,2,2,2,2,3,3,3,3,2,4,3,3,3,3,2,2,3,4,4,4,3,4,3,2,3,2,2,2,4,4,4,3,3,4,3,3,2,2,3,2,3,2,2,2,2,,3,4,4,5,3,3,3,4,2.83,2.0,3.0,2.67,3.67,2.33,3.67,2.5,2.2,3.62,2.76
R2866,Information Technology,Small: 10-49 employees,Less than 3 years,10-49,Industrial area,Mixed municipal waste,No,External waste-management agency,2,2,2,3,3,3,4,2,2,2,2,2,4,4,4,5,5,4,2,3,2,2,3,2,2,4,3,3,3,3,1,2,2,2,2,2,3,1,4,4,3,2,4,3,4,3,3,3,3,3,4,3,2,3,3,3,4,2,2,4,3,3,2.5,2.33,4.33,2.33,3.0,1.83,2.83,3.33,3.0,3.0,2.83
R2867,Healthcare,Medium: 50-249 employees,11-20 years,50-99,Semi-urban area,Mixed municipal waste,Under development,Environmental or sustainability department,4,4,4,4,4,4,4,4,4,5,5,4,3,2,4,2,3,3,3,4,3,4,3,4,4,4,3,3,5,2,4,3,3,3,3,3,3,3,3,3,4,3,3,3,3,3,3,3,3,4,2,4,4,3,3,5,3,3,3,3,4,4,4.0,4.33,2.83,3.5,3.5,3.17,3.17,3.0,3.33,3.5,3.43
R2868,Information Technology,Small: 10-49 employees,11-20 years,Fewer than 10,Commercial area,Paper and cardboard,Yes,Environmental or sustainability department,4,4,4,4,3,4,2,2,4,3,3,3,5,3,3,4,4,5,3,3,4,3,3,4,3,4,4,3,3,3,3,4,4,3,4,3,3,3,3,3,4,4,4,4,,3,5,5,5,4,4,4,3,5,3,3,1,2,3,2,2,3,3.83,2.83,4.0,3.33,3.33,3.5,3.33,4.2,4.17,2.38,3.61
